Website,Link,Unnamed: 2,Applicable Debit Cards,Image,Offer,Unnamed: 6,Unnamed: 7
Ixigo,https://www.ixigo.com/offers/flight-hdfc-dom-emi,,nan,https://www.ixigo.com/offers/_next/image?url=https%3A%2F%2Fimages.ixigo.com%2Fimage%2Fupload%2Foffers_and_deals%2F89eaa9c13d20495d1dfd1ca54915725b-xsyjl.png&amp;w=3840&amp;q=75,"Up to Rs. 2,000 Off on Domestic Flights with HDFC Bank Debit/Credit Card + Interest Free EMI",,
Ixigo,https://www.ixigo.com/offers/flight-hdfc-int-emi,,nan,https://www.ixigo.com/offers/_next/image?url=https%3A%2F%2Fimages.ixigo.com%2Fimage%2Fupload%2Foffers_and_deals%2F9684c82e3f194ff705f547ac1ffd6c84-ldtcr.png&amp;w=3840&amp;q=75,"Up to Rs. 7,500 Off on International Flights with HDFC Bank Debit/Credit Card + Interest Free EMI",,
,,,nan,,,,
MakeMyTrip,https://www.makemytrip.com/promos/federal-bank-offer-250325.html?detail_image=no,,Visa Celesta Contactless,https://promos.makemytrip.com/appfest/2x/federal-bg-25032025.jpg,Grab FLAT 15% OFF* on Flights &amp; Hotels,,
MakeMyTrip,https://www.makemytrip.com/promos/federal-bank-offer-250325.html?detail_image=no,,Visa Imperio Contactless,https://promos.makemytrip.com/appfest/2x/federal-bg-25032025.jpg,Grab FLAT 15% OFF* on Flights &amp; Hotels,,
MakeMyTrip,https://www.makemytrip.com/promos/federal-bank-offer-250325.html?detail_image=no,,Visa Crown Contactless,https://promos.makemytrip.com/appfest/2x/federal-bg-25032025.jpg,Grab FLAT 15% OFF* on Flights &amp; Hotels,,
MakeMyTrip,https://www.makemytrip.com/promos/federal-bank-offer-250325.html?detail_image=no,,Visa FedFirst Contactless,https://promos.makemytrip.com/appfest/2x/federal-bg-25032025.jpg,Grab FLAT 15% OFF* on Flights &amp; Hotels,,
MakeMyTrip,https://www.makemytrip.com/promos/federal-bank-offer-250325.html?detail_image=no,,Mastercard Celesta Contactless,https://promos.makemytrip.com/appfest/2x/federal-bg-25032025.jpg,Grab FLAT 15% OFF* on Flights &amp; Hotels,,
MakeMyTrip,https://www.makemytrip.com/promos/federal-bank-offer-250325.html?detail_image=no,,Mastercard Imperio Contactless,https://promos.makemytrip.com/appfest/2x/federal-bg-25032025.jpg,Grab FLAT 15% OFF* on Flights &amp; Hotels,,
MakeMyTrip,https://www.makemytrip.com/promos/federal-bank-offer-250325.html?detail_image=no,,Mastercard Crown Contactless,https://promos.makemytrip.com/appfest/2x/federal-bg-25032025.jpg,Grab FLAT 15% OFF* on Flights &amp; Hotels,,
MakeMyTrip,https://www.makemytrip.com/promos/federal-bank-offer-250325.html?detail_image=no,,Rupay Crown,https://promos.makemytrip.com/appfest/2x/federal-bg-25032025.jpg,Grab FLAT 15% OFF* on Flights &amp; Hotels,,
MakeMyTrip,https://www.makemytrip.com/promos/federal-bank-offer-250325.html?detail_image=no,,Rupay Platinum Contactless,https://promos.makemytrip.com/appfest/2x/federal-bg-25032025.jpg,Grab FLAT 15% OFF* on Flights &amp; Hotels,,
MakeMyTrip,https://www.makemytrip.com/promos/federal-bank-offer-250325.html?detail_image=no,,RuPay PMJDY,https://promos.makemytrip.com/appfest/2x/federal-bg-25032025.jpg,Grab FLAT 15% OFF* on Flights &amp; Hotels,,
EaseMyTrip,https://www.easemytrip.com/offers/bob-bank.html,,Bank of Baroda EMT,https://images.emtcontent.com/offer-img/bob-bank-18mar25-sm3.webp,"Enjoy Amazing Discounts on Flights, Hotels, Bus with BOB EMT Debit Cards",,
EaseMyTrip,https://www.easemytrip.com/offers/dbs-bank-debit-card.html,,Card Name,https://images.emtcontent.com/offer-img/dbs-bank-debit-card-20mar25-sm.webp,Enjoy Exclusive Discounts on International Travel with DBS Bank Debit Cards ,,
EaseMyTrip,https://www.easemytrip.com/offers/dbs-bank-debit-card.html,,DBS Bank,https://images.emtcontent.com/offer-img/dbs-bank-debit-card-20mar25-sm.webp,Enjoy Exclusive Discounts on International Travel with DBS Bank Debit Cards ,,
EaseMyTrip,https://www.easemytrip.com/offers/dbs-bank-debit-card.html,,Signature Visa,https://images.emtcontent.com/offer-img/dbs-bank-debit-card-20mar25-sm.webp,Enjoy Exclusive Discounts on International Travel with DBS Bank Debit Cards ,,
EaseMyTrip,https://www.easemytrip.com/offers/dbs-bank-debit-card.html,,DBS Bank EaseMyTrip,https://images.emtcontent.com/offer-img/dbs-bank-debit-card-20mar25-sm.webp,Enjoy Exclusive Discounts on International Travel with DBS Bank Debit Cards ,,
EaseMyTrip,https://www.easemytrip.com/offers/dbs-bank-debit-card.html,,Green,https://images.emtcontent.com/offer-img/dbs-bank-debit-card-20mar25-sm.webp,Enjoy Exclusive Discounts on International Travel with DBS Bank Debit Cards ,,
EaseMyTrip,https://www.easemytrip.com/offers/digibank.html,,DBS Bank EaseMyTrip Green,https://images.emtcontent.com/offer-img/digibank-21jan25-sm.webp,Apply for DBS Bank saving account and save huge on travel,,
EaseMyTrip,https://www.easemytrip.com/offers/icICI-bank-debit-card.html,,ICICI Bank Private Banking Visa Infinite,https://images.emtcontent.com/offer-img/icicidc-25march25-sm.webp,Avail Exclusive Travel Discounts with ICICI Bank Debit Cards,,
EaseMyTrip,https://www.easemytrip.com/offers/icICI-bank-debit-card.html,,ICICI Bank Wealth Select Visa Infinite,https://images.emtcontent.com/offer-img/icicidc-25march25-sm.webp,Avail Exclusive Travel Discounts with ICICI Bank Debit Cards,,
EaseMyTrip,https://www.easemytrip.com/offers/icICI-bank-debit-card.html,,ICICI Bank Wealth Management World,https://images.emtcontent.com/offer-img/icicidc-25march25-sm.webp,Avail Exclusive Travel Discounts with ICICI Bank Debit Cards,,
EaseMyTrip,https://www.easemytrip.com/offers/icICI-bank-debit-card.html,,Family,https://images.emtcontent.com/offer-img/icicidc-25march25-sm.webp,Avail Exclusive Travel Discounts with ICICI Bank Debit Cards,,
EaseMyTrip,https://www.easemytrip.com/offers/icICI-bank-debit-card.html,,Platinum Chip Card,https://images.emtcontent.com/offer-img/icicidc-25march25-sm.webp,Avail Exclusive Travel Discounts with ICICI Bank Debit Cards,,
EaseMyTrip,https://www.easemytrip.com/offers/icICI-bank-debit-card.html,,Titanium,https://images.emtcontent.com/offer-img/icicidc-25march25-sm.webp,Avail Exclusive Travel Discounts with ICICI Bank Debit Cards,,
EaseMyTrip,https://www.easemytrip.com/offers/icICI-bank-debit-card.html,,Woman's,https://images.emtcontent.com/offer-img/icicidc-25march25-sm.webp,Avail Exclusive Travel Discounts with ICICI Bank Debit Cards,,
EaseMyTrip,https://www.easemytrip.com/offers/icICI-bank-debit-card.html,,Smart Shopper Silver,https://images.emtcontent.com/offer-img/icicidc-25march25-sm.webp,Avail Exclusive Travel Discounts with ICICI Bank Debit Cards,,
EaseMyTrip,https://www.easemytrip.com/offers/icICI-bank-debit-card.html,,Smart Shopper Silver,https://images.emtcontent.com/offer-img/icicidc-25march25-sm.webp,Avail Exclusive Travel Discounts with ICICI Bank Debit Cards,,
EaseMyTrip,https://www.easemytrip.com/offers/icICI-bank-debit-card.html,,(New),https://images.emtcontent.com/offer-img/icicidc-25march25-sm.webp,Avail Exclusive Travel Discounts with ICICI Bank Debit Cards,,
EaseMyTrip,https://www.easemytrip.com/offers/icICI-bank-debit-card.html,,NRE,https://images.emtcontent.com/offer-img/icicidc-25march25-sm.webp,Avail Exclusive Travel Discounts with ICICI Bank Debit Cards,,
EaseMyTrip,https://www.easemytrip.com/offers/icICI-bank-debit-card.html,,NRO,https://images.emtcontent.com/offer-img/icicidc-25march25-sm.webp,Avail Exclusive Travel Discounts with ICICI Bank Debit Cards,,
EaseMyTrip,https://www.easemytrip.com/offers/icICI-bank-debit-card.html,,Senior Citizen Gold,https://images.emtcontent.com/offer-img/icicidc-25march25-sm.webp,Avail Exclusive Travel Discounts with ICICI Bank Debit Cards,,
EaseMyTrip,https://www.easemytrip.com/offers/icICI-bank-debit-card.html,,Senior Citizen Silver,https://images.emtcontent.com/offer-img/icicidc-25march25-sm.webp,Avail Exclusive Travel Discounts with ICICI Bank Debit Cards,,
EaseMyTrip,https://www.easemytrip.com/offers/icICI-bank-debit-card.html,,Young Stars,https://images.emtcontent.com/offer-img/icicidc-25march25-sm.webp,Avail Exclusive Travel Discounts with ICICI Bank Debit Cards,,
MakeMyTrip,https://www.makemytrip.com/promos/df-icici-02012023.html?detail_image=no,,ICICI Bank Private Banking Visa Infinite,https://promos.makemytrip.com/appfest/2x/dom-flight-bg-30062023.jpg ,Grab NOW: Upto 12% Instant Discounts on Domestic Flights!,,
MakeMyTrip,https://www.makemytrip.com/promos/df-icici-02012023.html?detail_image=no,,ICICI Bank Wealth Select Visa Infinite,https://promos.makemytrip.com/appfest/2x/dom-flight-bg-30062023.jpg ,Grab NOW: Upto 12% Instant Discounts on Domestic Flights!,,
MakeMyTrip,https://www.makemytrip.com/promos/df-icici-02012023.html?detail_image=no,,ICICI Bank Wealth Management World,https://promos.makemytrip.com/appfest/2x/dom-flight-bg-30062023.jpg ,Grab NOW: Upto 12% Instant Discounts on Domestic Flights!,,
MakeMyTrip,https://www.makemytrip.com/promos/df-icici-02012023.html?detail_image=no,,Family,https://promos.makemytrip.com/appfest/2x/dom-flight-bg-30062023.jpg ,Grab NOW: Upto 12% Instant Discounts on Domestic Flights!,,
MakeMyTrip,https://www.makemytrip.com/promos/df-icici-02012023.html?detail_image=no,,Platinum Chip Card,https://promos.makemytrip.com/appfest/2x/dom-flight-bg-30062023.jpg ,Grab NOW: Upto 12% Instant Discounts on Domestic Flights!,,
MakeMyTrip,https://www.makemytrip.com/promos/df-icici-02012023.html?detail_image=no,,Titanium,https://promos.makemytrip.com/appfest/2x/dom-flight-bg-30062023.jpg ,Grab NOW: Upto 12% Instant Discounts on Domestic Flights!,,
MakeMyTrip,https://www.makemytrip.com/promos/df-icici-02012023.html?detail_image=no,,Woman's,https://promos.makemytrip.com/appfest/2x/dom-flight-bg-30062023.jpg ,Grab NOW: Upto 12% Instant Discounts on Domestic Flights!,,
MakeMyTrip,https://www.makemytrip.com/promos/df-icici-02012023.html?detail_image=no,,Smart Shopper Silver,https://promos.makemytrip.com/appfest/2x/dom-flight-bg-30062023.jpg ,Grab NOW: Upto 12% Instant Discounts on Domestic Flights!,,
MakeMyTrip,https://www.makemytrip.com/promos/df-icici-02012023.html?detail_image=no,,Smart Shopper Silver,https://promos.makemytrip.com/appfest/2x/dom-flight-bg-30062023.jpg ,Grab NOW: Upto 12% Instant Discounts on Domestic Flights!,,
MakeMyTrip,https://www.makemytrip.com/promos/df-icici-02012023.html?detail_image=no,,(New),https://promos.makemytrip.com/appfest/2x/dom-flight-bg-30062023.jpg ,Grab NOW: Upto 12% Instant Discounts on Domestic Flights!,,
MakeMyTrip,https://www.makemytrip.com/promos/df-icici-02012023.html?detail_image=no,,NRE,https://promos.makemytrip.com/appfest/2x/dom-flight-bg-30062023.jpg ,Grab NOW: Upto 12% Instant Discounts on Domestic Flights!,,
MakeMyTrip,https://www.makemytrip.com/promos/df-icici-02012023.html?detail_image=no,,NRO,https://promos.makemytrip.com/appfest/2x/dom-flight-bg-30062023.jpg ,Grab NOW: Upto 12% Instant Discounts on Domestic Flights!,,
MakeMyTrip,https://www.makemytrip.com/promos/df-icici-02012023.html?detail_image=no,,Senior Citizen Gold,https://promos.makemytrip.com/appfest/2x/dom-flight-bg-30062023.jpg ,Grab NOW: Upto 12% Instant Discounts on Domestic Flights!,,
MakeMyTrip,https://www.makemytrip.com/promos/df-icici-02012023.html?detail_image=no,,Senior Citizen Silver,https://promos.makemytrip.com/appfest/2x/dom-flight-bg-30062023.jpg ,Grab NOW: Upto 12% Instant Discounts on Domestic Flights!,,
MakeMyTrip,https://www.makemytrip.com/promos/df-icici-02012023.html?detail_image=no,,Young Stars,https://promos.makemytrip.com/appfest/2x/dom-flight-bg-30062023.jpg ,Grab NOW: Upto 12% Instant Discounts on Domestic Flights!,,
MakeMyTrip,https://www.makemytrip.com/promos/if-icici-060224.html?detail_image=no,,ICICI Bank Private Banking Visa Infinite,https://promos.makemytrip.com/appfest/2x/if-bg-05022024.jpg,RIGHT HERE: Upto 10% Instant Discount on International Flights!,,
MakeMyTrip,https://www.makemytrip.com/promos/if-icici-060224.html?detail_image=no,,ICICI Bank Wealth Select Visa Infinite,https://promos.makemytrip.com/appfest/2x/if-bg-05022024.jpg,RIGHT HERE: Upto 10% Instant Discount on International Flights!,,
MakeMyTrip,https://www.makemytrip.com/promos/if-icici-060224.html?detail_image=no,,ICICI Bank Wealth Management World,https://promos.makemytrip.com/appfest/2x/if-bg-05022024.jpg,RIGHT HERE: Upto 10% Instant Discount on International Flights!,,
MakeMyTrip,https://www.makemytrip.com/promos/if-icici-060224.html?detail_image=no,,Family,https://promos.makemytrip.com/appfest/2x/if-bg-05022024.jpg,RIGHT HERE: Upto 10% Instant Discount on International Flights!,,
MakeMyTrip,https://www.makemytrip.com/promos/if-icici-060224.html?detail_image=no,,Platinum Chip Card,https://promos.makemytrip.com/appfest/2x/if-bg-05022024.jpg,RIGHT HERE: Upto 10% Instant Discount on International Flights!,,
MakeMyTrip,https://www.makemytrip.com/promos/if-icici-060224.html?detail_image=no,,Titanium,https://promos.makemytrip.com/appfest/2x/if-bg-05022024.jpg,RIGHT HERE: Upto 10% Instant Discount on International Flights!,,
MakeMyTrip,https://www.makemytrip.com/promos/if-icici-060224.html?detail_image=no,,Woman's,https://promos.makemytrip.com/appfest/2x/if-bg-05022024.jpg,RIGHT HERE: Upto 10% Instant Discount on International Flights!,,
MakeMyTrip,https://www.makemytrip.com/promos/if-icici-060224.html?detail_image=no,,Smart Shopper Silver,https://promos.makemytrip.com/appfest/2x/if-bg-05022024.jpg,RIGHT HERE: Upto 10% Instant Discount on International Flights!,,
MakeMyTrip,https://www.makemytrip.com/promos/if-icici-060224.html?detail_image=no,,Smart Shopper Silver,https://promos.makemytrip.com/appfest/2x/if-bg-05022024.jpg,RIGHT HERE: Upto 10% Instant Discount on International Flights!,,
MakeMyTrip,https://www.makemytrip.com/promos/if-icici-060224.html?detail_image=no,,(New),https://promos.makemytrip.com/appfest/2x/if-bg-05022024.jpg,RIGHT HERE: Upto 10% Instant Discount on International Flights!,,
MakeMyTrip,https://www.makemytrip.com/promos/if-icici-060224.html?detail_image=no,,NRE,https://promos.makemytrip.com/appfest/2x/if-bg-05022024.jpg,RIGHT HERE: Upto 10% Instant Discount on International Flights!,,
MakeMyTrip,https://www.makemytrip.com/promos/if-icici-060224.html?detail_image=no,,NRO,https://promos.makemytrip.com/appfest/2x/if-bg-05022024.jpg,RIGHT HERE: Upto 10% Instant Discount on International Flights!,,
MakeMyTrip,https://www.makemytrip.com/promos/if-icici-060224.html?detail_image=no,,Senior Citizen Gold,https://promos.makemytrip.com/appfest/2x/if-bg-05022024.jpg,RIGHT HERE: Upto 10% Instant Discount on International Flights!,,
MakeMyTrip,https://www.makemytrip.com/promos/if-icici-060224.html?detail_image=no,,Senior Citizen Silver,https://promos.makemytrip.com/appfest/2x/if-bg-05022024.jpg,RIGHT HERE: Upto 10% Instant Discount on International Flights!,,
MakeMyTrip,https://www.makemytrip.com/promos/if-icici-060224.html?detail_image=no,,Young Stars,https://promos.makemytrip.com/appfest/2x/if-bg-05022024.jpg,RIGHT HERE: Upto 10% Instant Discount on International Flights!,,
ClearTrip,https://www.ixigo.com/offers/icicidc-webdom,,ICICI Bank Private Banking Visa Infinite,https://images.ixigo.com/image/upload/offers_and_deals/4c24a1986cbf80fbf500ee1e736d5b59-twtut.png,Get Flat 12% Off On Domestic Flights with ICICI Bank Debit Cards,,
ClearTrip,https://www.ixigo.com/offers/icicidc-webdom,,ICICI Bank Wealth Select Visa Infinite,https://images.ixigo.com/image/upload/offers_and_deals/4c24a1986cbf80fbf500ee1e736d5b59-twtut.png,Get Flat 12% Off On Domestic Flights with ICICI Bank Debit Cards,,
ClearTrip,https://www.ixigo.com/offers/icicidc-webdom,,ICICI Bank Wealth Management World,https://images.ixigo.com/image/upload/offers_and_deals/4c24a1986cbf80fbf500ee1e736d5b59-twtut.png,Get Flat 12% Off On Domestic Flights with ICICI Bank Debit Cards,,
ClearTrip,https://www.ixigo.com/offers/icicidc-webdom,,Family,https://images.ixigo.com/image/upload/offers_and_deals/4c24a1986cbf80fbf500ee1e736d5b59-twtut.png,Get Flat 12% Off On Domestic Flights with ICICI Bank Debit Cards,,
ClearTrip,https://www.ixigo.com/offers/icicidc-webdom,,Platinum Chip Card,https://images.ixigo.com/image/upload/offers_and_deals/4c24a1986cbf80fbf500ee1e736d5b59-twtut.png,Get Flat 12% Off On Domestic Flights with ICICI Bank Debit Cards,,
ClearTrip,https://www.ixigo.com/offers/icicidc-webdom,,Titanium,https://images.ixigo.com/image/upload/offers_and_deals/4c24a1986cbf80fbf500ee1e736d5b59-twtut.png,Get Flat 12% Off On Domestic Flights with ICICI Bank Debit Cards,,
ClearTrip,https://www.ixigo.com/offers/icicidc-webdom,,Woman's,https://images.ixigo.com/image/upload/offers_and_deals/4c24a1986cbf80fbf500ee1e736d5b59-twtut.png,Get Flat 12% Off On Domestic Flights with ICICI Bank Debit Cards,,
ClearTrip,https://www.ixigo.com/offers/icicidc-webdom,,Smart Shopper Silver,https://images.ixigo.com/image/upload/offers_and_deals/4c24a1986cbf80fbf500ee1e736d5b59-twtut.png,Get Flat 12% Off On Domestic Flights with ICICI Bank Debit Cards,,
ClearTrip,https://www.ixigo.com/offers/icicidc-webdom,,Smart Shopper Silver,https://images.ixigo.com/image/upload/offers_and_deals/4c24a1986cbf80fbf500ee1e736d5b59-twtut.png,Get Flat 12% Off On Domestic Flights with ICICI Bank Debit Cards,,
ClearTrip,https://www.ixigo.com/offers/icicidc-webdom,,(New),https://images.ixigo.com/image/upload/offers_and_deals/4c24a1986cbf80fbf500ee1e736d5b59-twtut.png,Get Flat 12% Off On Domestic Flights with ICICI Bank Debit Cards,,
ClearTrip,https://www.ixigo.com/offers/icicidc-webdom,,NRE,https://images.ixigo.com/image/upload/offers_and_deals/4c24a1986cbf80fbf500ee1e736d5b59-twtut.png,Get Flat 12% Off On Domestic Flights with ICICI Bank Debit Cards,,
ClearTrip,https://www.ixigo.com/offers/icicidc-webdom,,NRO,https://images.ixigo.com/image/upload/offers_and_deals/4c24a1986cbf80fbf500ee1e736d5b59-twtut.png,Get Flat 12% Off On Domestic Flights with ICICI Bank Debit Cards,,
ClearTrip,https://www.ixigo.com/offers/icicidc-webdom,,Senior Citizen Gold,https://images.ixigo.com/image/upload/offers_and_deals/4c24a1986cbf80fbf500ee1e736d5b59-twtut.png,Get Flat 12% Off On Domestic Flights with ICICI Bank Debit Cards,,
ClearTrip,https://www.ixigo.com/offers/icicidc-webdom,,Senior Citizen Silver,https://images.ixigo.com/image/upload/offers_and_deals/4c24a1986cbf80fbf500ee1e736d5b59-twtut.png,Get Flat 12% Off On Domestic Flights with ICICI Bank Debit Cards,,
ClearTrip,https://www.ixigo.com/offers/icicidc-webdom,,Young Stars,https://images.ixigo.com/image/upload/offers_and_deals/4c24a1986cbf80fbf500ee1e736d5b59-twtut.png,Get Flat 12% Off On Domestic Flights with ICICI Bank Debit Cards,,
,,,nan,,,,
,,,nan,,,,
,,,nan,,,,
,,,nan,,,,
,,,nan,,,,
,,,nan,,,,
,,,nan,,,,
,,,nan,,,,
,,,nan,,,,
,,,nan,,,,
,,,nan,,,,
,,,nan,,,,
,,,nan,,,,
,,,nan,,,,
,,,nan,,,,
,,,nan,,,,
,,,nan,,,,
,,,nan,,,,
,,,nan,,,,
,,,nan,,,,
,,,nan,,,,
,,,nan,,,,
,,,nan,,,,
,,,nan,,,,
,,,nan,,,,
