Offer Title,,Link,Image,,,Eligible Cards
IDBI Bank Credit Cards,,https://www.easemytrip.com/offers/idbi-bank.html,https://images.emtcontent.com/offer-img/IDBI-18jun-25-sm.webp,,,Euphoria
IDBI Bank Credit Cards,,https://www.easemytrip.com/offers/idbi-bank.html,https://images.emtcontent.com/offer-img/IDBI-18jun-25-sm.webp,,,Royale Signature
IDBI Bank Credit Cards,,https://www.easemytrip.com/offers/idbi-bank.html,https://images.emtcontent.com/offer-img/IDBI-18jun-25-sm.webp,,,Imperium Platinum
IDBI Bank Credit Cards,,https://www.easemytrip.com/offers/idbi-bank.html,https://images.emtcontent.com/offer-img/IDBI-18jun-25-sm.webp,,,IDBI Aspire Platinum
Yes Bank Credit Cards EMI,,https://www.easemytrip.com/offers/yes-bank-credit-card-emi.html,https://images.emtcontent.com/offer-img/yesbank-1st-jul-25-sm.webp,,,Yes Prosperity Cashback
Yes Bank Credit Cards EMI,,https://www.easemytrip.com/offers/yes-bank-credit-card-emi.html,https://images.emtcontent.com/offer-img/yesbank-1st-jul-25-sm.webp,,,Yes Prosperity Cashback Plus
Yes Bank Credit Cards EMI,,https://www.easemytrip.com/offers/yes-bank-credit-card-emi.html,https://images.emtcontent.com/offer-img/yesbank-1st-jul-25-sm.webp,,,YES Bank Marquee
Yes Bank Credit Cards EMI,,https://www.easemytrip.com/offers/yes-bank-credit-card-emi.html,https://images.emtcontent.com/offer-img/yesbank-1st-jul-25-sm.webp,,,Yes RESERV
Yes Bank Credit Cards EMI,,https://www.easemytrip.com/offers/yes-bank-credit-card-emi.html,https://images.emtcontent.com/offer-img/yesbank-1st-jul-25-sm.webp,,,Yes Bank Wellness Plus
Yes Bank Credit Cards EMI,,https://www.easemytrip.com/offers/yes-bank-credit-card-emi.html,https://images.emtcontent.com/offer-img/yesbank-1st-jul-25-sm.webp,,,Yes Bank Card Anq Phi Credit  Card
Yes Bank Credit Cards EMI,,https://www.easemytrip.com/offers/yes-bank-credit-card-emi.html,https://images.emtcontent.com/offer-img/yesbank-1st-jul-25-sm.webp,,,Yes Private Prime
Yes Bank Credit Cards EMI,,https://www.easemytrip.com/offers/yes-bank-credit-card-emi.html,https://images.emtcontent.com/offer-img/yesbank-1st-jul-25-sm.webp,,,Yes Prosperity Edge
Yes Bank Credit Cards EMI,,https://www.easemytrip.com/offers/yes-bank-credit-card-emi.html,https://images.emtcontent.com/offer-img/yesbank-1st-jul-25-sm.webp,,,Yes Bank Wellness
Yes Bank Credit Cards EMI,,https://www.easemytrip.com/offers/yes-bank-credit-card-emi.html,https://images.emtcontent.com/offer-img/yesbank-1st-jul-25-sm.webp,,,Yes ELITE +
Yes Bank Credit Cards EMI,,https://www.easemytrip.com/offers/yes-bank-credit-card-emi.html,https://images.emtcontent.com/offer-img/yesbank-1st-jul-25-sm.webp,,,Yes Bank BYOC
Yes Bank Credit Cards EMI,,https://www.easemytrip.com/offers/yes-bank-credit-card-emi.html,https://images.emtcontent.com/offer-img/yesbank-1st-jul-25-sm.webp,,,Yes Prosperity Reward Plus
Yes Bank Credit Cards EMI,,https://www.easemytrip.com/offers/yes-bank-credit-card-emi.html,https://images.emtcontent.com/offer-img/yesbank-1st-jul-25-sm.webp,,,Yes EMI
Yes Bank Credit Cards EMI,,https://www.easemytrip.com/offers/yes-bank-credit-card-emi.html,https://images.emtcontent.com/offer-img/yesbank-1st-jul-25-sm.webp,,,Yes Prosperity Reward
Yes Bank Credit Cards EMI,,https://www.easemytrip.com/offers/yes-bank-credit-card-emi.html,https://images.emtcontent.com/offer-img/yesbank-1st-jul-25-sm.webp,,,Yes Bank Finbooster
Yes Bank Credit Cards EMI,,https://www.easemytrip.com/offers/yes-bank-credit-card-emi.html,https://images.emtcontent.com/offer-img/yesbank-1st-jul-25-sm.webp,,,YES BANK Anq Pi
Yes Bank Credit Cards EMI,,https://www.easemytrip.com/offers/yes-bank-credit-card-emi.html,https://images.emtcontent.com/offer-img/yesbank-1st-jul-25-sm.webp,,,YES BANK Paisabazaar PaisaSave
Yes Bank Credit Cards EMI,,https://www.easemytrip.com/offers/yes-bank-credit-card-emi.html,https://images.emtcontent.com/offer-img/yesbank-1st-jul-25-sm.webp,,,YES Bank Rio RuPay
IDFC FIRST Bank EMI,,https://www.easemytrip.com/offers/idfc-bank-emi.html,https://images.emtcontent.com/offer-img/IDFC-01-jul-25-sm.webp,,,IDFC First Power+ RuPay
IDFC FIRST Bank EMI,,https://www.easemytrip.com/offers/idfc-bank-emi.html,https://images.emtcontent.com/offer-img/IDFC-01-jul-25-sm.webp,,,IDFC First Power RuPay
IDFC FIRST Bank EMI,,https://www.easemytrip.com/offers/idfc-bank-emi.html,https://images.emtcontent.com/offer-img/IDFC-01-jul-25-sm.webp,,,IDFC FIRST SWYP
IDFC FIRST Bank EMI,,https://www.easemytrip.com/offers/idfc-bank-emi.html,https://images.emtcontent.com/offer-img/IDFC-01-jul-25-sm.webp,,,IDFC Bank First Millennia
IDFC FIRST Bank EMI,,https://www.easemytrip.com/offers/idfc-bank-emi.html,https://images.emtcontent.com/offer-img/IDFC-01-jul-25-sm.webp,,,IDFC Bank First Classic
IDFC FIRST Bank EMI,,https://www.easemytrip.com/offers/idfc-bank-emi.html,https://images.emtcontent.com/offer-img/IDFC-01-jul-25-sm.webp,,,IDFC First Select
IDFC FIRST Bank EMI,,https://www.easemytrip.com/offers/idfc-bank-emi.html,https://images.emtcontent.com/offer-img/IDFC-01-jul-25-sm.webp,,,IDFC Bank IDFC First Wealth
IDFC FIRST Bank EMI,,https://www.easemytrip.com/offers/idfc-bank-emi.html,https://images.emtcontent.com/offer-img/IDFC-01-jul-25-sm.webp,,,IDFC First Bank First Wow
IDFC FIRST Bank EMI,,https://www.easemytrip.com/offers/idfc-bank-emi.html,https://images.emtcontent.com/offer-img/IDFC-01-jul-25-sm.webp,,,IDFC First Earn RuPay
IDFC FIRST Bank EMI,,https://www.easemytrip.com/offers/idfc-bank-emi.html,https://images.emtcontent.com/offer-img/IDFC-01-jul-25-sm.webp,,,IDFC Mayura
IDFC FIRST Bank EMI,,https://www.easemytrip.com/offers/idfc-bank-emi.html,https://images.emtcontent.com/offer-img/IDFC-01-jul-25-sm.webp,,,Ashva
IDFC FIRST Bank EMI,,https://www.easemytrip.com/offers/idfc-bank-emi.html,https://images.emtcontent.com/offer-img/IDFC-01-jul-25-sm.webp,,,IDFC First Bank First Private
RBL Credit Cards EMI,,https://www.easemytrip.com/offers/rbl-bank-card.html,https://images.emtcontent.com/offer-img/RBLEMI-Monsoon-01-june-sm1.webp,,,RBL Bank VCard
RBL Credit Cards EMI,,https://www.easemytrip.com/offers/rbl-bank-card.html,https://images.emtcontent.com/offer-img/RBLEMI-Monsoon-01-june-sm1.webp,,,RBL Bank Cookie
RBL Credit Cards EMI,,https://www.easemytrip.com/offers/rbl-bank-card.html,https://images.emtcontent.com/offer-img/RBLEMI-Monsoon-01-june-sm1.webp,,,RBL Bank Shoprite
RBL Credit Cards EMI,,https://www.easemytrip.com/offers/rbl-bank-card.html,https://images.emtcontent.com/offer-img/RBLEMI-Monsoon-01-june-sm1.webp,,,RBL Platinum Maxima Plus Card
RBL Credit Cards EMI,,https://www.easemytrip.com/offers/rbl-bank-card.html,https://images.emtcontent.com/offer-img/RBLEMI-Monsoon-01-june-sm1.webp,,,MoneyTap Black Card
RBL Credit Cards EMI,,https://www.easemytrip.com/offers/rbl-bank-card.html,https://images.emtcontent.com/offer-img/RBLEMI-Monsoon-01-june-sm1.webp,,,RBL Bank Platinum Maxima
RBL Credit Cards EMI,,https://www.easemytrip.com/offers/rbl-bank-card.html,https://images.emtcontent.com/offer-img/RBLEMI-Monsoon-01-june-sm1.webp,,,RBL Bank Movies and More
RBL Credit Cards EMI,,https://www.easemytrip.com/offers/rbl-bank-card.html,https://images.emtcontent.com/offer-img/RBLEMI-Monsoon-01-june-sm1.webp,,,RBL Bank Paisabazaar Duet Card Plus
RBL Credit Cards EMI,,https://www.easemytrip.com/offers/rbl-bank-card.html,https://images.emtcontent.com/offer-img/RBLEMI-Monsoon-01-june-sm1.webp,,,Bankbazaar Savemax Pro
RBL Credit Cards EMI,,https://www.easemytrip.com/offers/rbl-bank-card.html,https://images.emtcontent.com/offer-img/RBLEMI-Monsoon-01-june-sm1.webp,,,BankBazaar SaveMax
RBL Credit Cards EMI,,https://www.easemytrip.com/offers/rbl-bank-card.html,https://images.emtcontent.com/offer-img/RBLEMI-Monsoon-01-june-sm1.webp,,,RBL Bank iGlobe
RBL Credit Cards EMI,,https://www.easemytrip.com/offers/rbl-bank-card.html,https://images.emtcontent.com/offer-img/RBLEMI-Monsoon-01-june-sm1.webp,,,Insignia Preferred Banking Card
RBL Credit Cards EMI,,https://www.easemytrip.com/offers/rbl-bank-card.html,https://images.emtcontent.com/offer-img/RBLEMI-Monsoon-01-june-sm1.webp,,,RBL Bank Play
RBL Credit Cards EMI,,https://www.easemytrip.com/offers/rbl-bank-card.html,https://images.emtcontent.com/offer-img/RBLEMI-Monsoon-01-june-sm1.webp,,,RBL Bank World Safari
RBL Credit Cards EMI,,https://www.easemytrip.com/offers/rbl-bank-card.html,https://images.emtcontent.com/offer-img/RBLEMI-Monsoon-01-june-sm1.webp,,,RBL Bank Platinum Delight
RBL Credit Cards EMI,,https://www.easemytrip.com/offers/rbl-bank-card.html,https://images.emtcontent.com/offer-img/RBLEMI-Monsoon-01-june-sm1.webp,,,RBL Bank Monthly Treats
RBL Credit Cards EMI,,https://www.easemytrip.com/offers/rbl-bank-card.html,https://images.emtcontent.com/offer-img/RBLEMI-Monsoon-01-june-sm1.webp,,,RBL Bank Lazy Pay
RBL Credit Cards EMI,,https://www.easemytrip.com/offers/rbl-bank-card.html,https://images.emtcontent.com/offer-img/RBLEMI-Monsoon-01-june-sm1.webp,,,RBL Bank Icon
RBL Credit Cards EMI,,https://www.easemytrip.com/offers/rbl-bank-card.html,https://images.emtcontent.com/offer-img/RBLEMI-Monsoon-01-june-sm1.webp,,,RBL Bank Paisabazaar Duet Card
RBL Credit Cards EMI,,https://www.easemytrip.com/offers/rbl-bank-card.html,https://images.emtcontent.com/offer-img/RBLEMI-Monsoon-01-june-sm1.webp,,,RBL Bank MoneyTap
RBL Credit Cards EMI,,https://www.easemytrip.com/offers/rbl-bank-card.html,https://images.emtcontent.com/offer-img/RBLEMI-Monsoon-01-june-sm1.webp,,,Mo Cash
RBL Credit Cards EMI,,https://www.easemytrip.com/offers/rbl-bank-card.html,https://images.emtcontent.com/offer-img/RBLEMI-Monsoon-01-june-sm1.webp,,,RBL Bank Platinum Advantage MasterCard
RBL Credit Cards EMI,,https://www.easemytrip.com/offers/rbl-bank-card.html,https://images.emtcontent.com/offer-img/RBLEMI-Monsoon-01-june-sm1.webp,,,RBL Bank Platinum Plus Visa
RBL Credit Cards EMI,,https://www.easemytrip.com/offers/rbl-bank-card.html,https://images.emtcontent.com/offer-img/RBLEMI-Monsoon-01-june-sm1.webp,,,RBL Bank Platinum ValuePlus MasterCard
RBL Credit Cards EMI,,https://www.easemytrip.com/offers/rbl-bank-card.html,https://images.emtcontent.com/offer-img/RBLEMI-Monsoon-01-june-sm1.webp,,,RBL Bank Novio RuPay
RBL Credit Cards EMI,,https://www.easemytrip.com/offers/rbl-bank-card.html,https://images.emtcontent.com/offer-img/RBLEMI-Monsoon-01-june-sm1.webp,,,RBL Bank Platinum ValuePlus Visa
RBL Credit Cards EMI,,https://www.easemytrip.com/offers/rbl-bank-card.html,https://images.emtcontent.com/offer-img/RBLEMI-Monsoon-01-june-sm1.webp,,,RBL Bank Patanjali Vishisht RuPay Card
RBL Credit Cards EMI,,https://www.easemytrip.com/offers/rbl-bank-card.html,https://images.emtcontent.com/offer-img/RBLEMI-Monsoon-01-june-sm1.webp,,,RBL Bank Platinum Shopgain Visa
RBL Credit Cards EMI,,https://www.easemytrip.com/offers/rbl-bank-card.html,https://images.emtcontent.com/offer-img/RBLEMI-Monsoon-01-june-sm1.webp,,,RBL Bank Platinum Bonus MasterCard
RBL Credit Cards EMI,,https://www.easemytrip.com/offers/rbl-bank-card.html,https://images.emtcontent.com/offer-img/RBLEMI-Monsoon-01-june-sm1.webp,,,RBL Bank Platinum ShopSmart MasterCard
RBL Credit Cards EMI,,https://www.easemytrip.com/offers/rbl-bank-card.html,https://images.emtcontent.com/offer-img/RBLEMI-Monsoon-01-june-sm1.webp,,,RBL Bank Binge Visa
RBL Credit Cards EMI,,https://www.easemytrip.com/offers/rbl-bank-card.html,https://images.emtcontent.com/offer-img/RBLEMI-Monsoon-01-june-sm1.webp,,,TVS Credit RBL Bank Gold Mastercard Card
RBL Credit Cards EMI,,https://www.easemytrip.com/offers/rbl-bank-card.html,https://images.emtcontent.com/offer-img/RBLEMI-Monsoon-01-june-sm1.webp,,,IndianOil RBL Bank MasterCard
RBL Credit Cards EMI,,https://www.easemytrip.com/offers/rbl-bank-card.html,https://images.emtcontent.com/offer-img/RBLEMI-Monsoon-01-june-sm1.webp,,,RBL Bank MyFirst Visa
RBL Credit Cards EMI,,https://www.easemytrip.com/offers/rbl-bank-card.html,https://images.emtcontent.com/offer-img/RBLEMI-Monsoon-01-june-sm1.webp,,,RBL Bank Platinum ShopDaily MasterCard
RBL Credit Cards EMI,,https://www.easemytrip.com/offers/rbl-bank-card.html,https://images.emtcontent.com/offer-img/RBLEMI-Monsoon-01-june-sm1.webp,,,RBL Bank Platinum Shopgain MasterCard
RBL Credit Cards EMI,,https://www.easemytrip.com/offers/rbl-bank-card.html,https://images.emtcontent.com/offer-img/RBLEMI-Monsoon-01-june-sm1.webp,,,RBL Bank Platinum Edge MasterCard
RBL Credit Cards EMI,,https://www.easemytrip.com/offers/rbl-bank-card.html,https://images.emtcontent.com/offer-img/RBLEMI-Monsoon-01-june-sm1.webp,,,RBL Bank MyFirst MasterCard
RBL Credit Cards EMI,,https://www.easemytrip.com/offers/rbl-bank-card.html,https://images.emtcontent.com/offer-img/RBLEMI-Monsoon-01-june-sm1.webp,,,RBL Bank Platinum Choice Visa
RBL Credit Cards EMI,,https://www.easemytrip.com/offers/rbl-bank-card.html,https://images.emtcontent.com/offer-img/RBLEMI-Monsoon-01-june-sm1.webp,,,RBL Bank EasySaver Visa
RBL Credit Cards EMI,,https://www.easemytrip.com/offers/rbl-bank-card.html,https://images.emtcontent.com/offer-img/RBLEMI-Monsoon-01-june-sm1.webp,,,RBL Bank Play Visa
RBL Credit Cards EMI,,https://www.easemytrip.com/offers/rbl-bank-card.html,https://images.emtcontent.com/offer-img/RBLEMI-Monsoon-01-june-sm1.webp,,,IRCTC RBL Bank RuPay
RBL Credit Cards EMI,,https://www.easemytrip.com/offers/rbl-bank-card.html,https://images.emtcontent.com/offer-img/RBLEMI-Monsoon-01-june-sm1.webp,,,TVS Credit RBL Bank RuPay Card
RBL Credit Cards EMI,,https://www.easemytrip.com/offers/rbl-bank-card.html,https://images.emtcontent.com/offer-img/RBLEMI-Monsoon-01-june-sm1.webp,,,RBL Bank SalarySe Up RuPay
RBL Credit Cards EMI,,https://www.easemytrip.com/offers/rbl-bank-card.html,https://images.emtcontent.com/offer-img/RBLEMI-Monsoon-01-june-sm1.webp,,,RBL Bank EasySaver MasterCard
RBL Credit Cards EMI,,https://www.easemytrip.com/offers/rbl-bank-card.html,https://images.emtcontent.com/offer-img/RBLEMI-Monsoon-01-june-sm1.webp,,,RBL Bank Binge MasterCard
RBL Credit Cards EMI,,https://www.easemytrip.com/offers/rbl-bank-card.html,https://images.emtcontent.com/offer-img/RBLEMI-Monsoon-01-june-sm1.webp,,,RBL Bank World Prime Visa
RBL Credit Cards EMI,,https://www.easemytrip.com/offers/rbl-bank-card.html,https://images.emtcontent.com/offer-img/RBLEMI-Monsoon-01-june-sm1.webp,,,RBL Bank Platinum Plus MasterCard
RBL Credit Cards EMI,,https://www.easemytrip.com/offers/rbl-bank-card.html,https://images.emtcontent.com/offer-img/RBLEMI-Monsoon-01-june-sm1.webp,,,RBL Bank World Max Visa
RBL Credit Cards EMI,,https://www.easemytrip.com/offers/rbl-bank-card.html,https://images.emtcontent.com/offer-img/RBLEMI-Monsoon-01-june-sm1.webp,,,IndianOil RBL Bank XTRA RuPay
RBL Credit Cards EMI,,https://www.easemytrip.com/offers/rbl-bank-card.html,https://images.emtcontent.com/offer-img/RBLEMI-Monsoon-01-june-sm1.webp,,,IndianOil RBL Bank RuPay
RBL Credit Cards EMI,,https://www.easemytrip.com/offers/rbl-bank-card.html,https://images.emtcontent.com/offer-img/RBLEMI-Monsoon-01-june-sm1.webp,,,RBL Bank World Prime MasterCard
RBL Credit Cards EMI,,https://www.easemytrip.com/offers/rbl-bank-card.html,https://images.emtcontent.com/offer-img/RBLEMI-Monsoon-01-june-sm1.webp,,,RBL Bank Platinum ShopDaily Visa
RBL Credit Cards EMI,,https://www.easemytrip.com/offers/rbl-bank-card.html,https://images.emtcontent.com/offer-img/RBLEMI-Monsoon-01-june-sm1.webp,,,RBL Bank Patanjali Swarn RuPay Card
RBL Credit Cards EMI,,https://www.easemytrip.com/offers/rbl-bank-card.html,https://images.emtcontent.com/offer-img/RBLEMI-Monsoon-01-june-sm1.webp,,,RBL Bank Platinum Prime MasterCard
RBL Credit Cards EMI,,https://www.easemytrip.com/offers/rbl-bank-card.html,https://images.emtcontent.com/offer-img/RBLEMI-Monsoon-01-june-sm1.webp,,,RBL Bank World Max MasterCard
RBL Credit Cards EMI,,https://www.easemytrip.com/offers/rbl-bank-card.html,https://images.emtcontent.com/offer-img/RBLEMI-Monsoon-01-june-sm1.webp,,,RBL Bank Platinum Choice MasterCard
RBL Credit Cards EMI,,https://www.easemytrip.com/offers/rbl-bank-card.html,https://images.emtcontent.com/offer-img/RBLEMI-Monsoon-01-june-sm1.webp,,,RBL Bank Platinum ShopSmart Visa
RBL Credit Cards EMI,,https://www.easemytrip.com/offers/rbl-bank-card.html,https://images.emtcontent.com/offer-img/RBLEMI-Monsoon-01-june-sm1.webp,,,RBL Bank World Plus MasterCard
RBL Credit Cards EMI,,https://www.easemytrip.com/offers/rbl-bank-card.html,https://images.emtcontent.com/offer-img/RBLEMI-Monsoon-01-june-sm1.webp,,,RBL Bank World Plus Visa
RBL Credit Cards EMI,,https://www.easemytrip.com/offers/rbl-bank-card.html,https://images.emtcontent.com/offer-img/RBLEMI-Monsoon-01-june-sm1.webp,,,IndianOil RBL Bank XTRA MasterCard
RBL Credit Cards EMI,,https://www.easemytrip.com/offers/rbl-bank-card.html,https://images.emtcontent.com/offer-img/RBLEMI-Monsoon-01-june-sm1.webp,,,RBL Bank DMI Finance Visa
RBL Credit Cards EMI,,https://www.easemytrip.com/offers/rbl-bank-card.html,https://images.emtcontent.com/offer-img/RBLEMI-Monsoon-01-june-sm1.webp,,,RBL Bank Platinum TravelEasy Visa
RBL Credit Cards EMI,,https://www.easemytrip.com/offers/rbl-bank-card.html,https://images.emtcontent.com/offer-img/RBLEMI-Monsoon-01-june-sm1.webp,,,RBL Bank Platinum LifeEasy Visa
RBL Credit Cards EMI,,https://www.easemytrip.com/offers/rbl-bank-card.html,https://images.emtcontent.com/offer-img/RBLEMI-Monsoon-01-june-sm1.webp,,,RBL Bank Platinum TravelEasy MasterCard
RBL Credit Cards EMI,,https://www.easemytrip.com/offers/rbl-bank-card.html,https://images.emtcontent.com/offer-img/RBLEMI-Monsoon-01-june-sm1.webp,,,RBL Bank Platinum Edge Visa
RBL Credit Cards EMI,,https://www.easemytrip.com/offers/rbl-bank-card.html,https://images.emtcontent.com/offer-img/RBLEMI-Monsoon-01-june-sm1.webp,,,RBL Bank Platinum LifeEasy MasterCard
HSBC TravelOne Credit Card,,https://www.easemytrip.com/offers/hsbc-bank-card.html,https://images.emtcontent.com/offer-img/hsbc-20feb25-sm.webp,,,HSBC TravelOne Credit Card

HSBC Bank,,https://www.easemytrip.com/offers/hsbc-credit-card-emi.html,https://images.emtcontent.com/offer-img/HSBC-2nd-jul-25-sm.webp,,,HSBC Live+
HSBC Bank,,https://www.easemytrip.com/offers/hsbc-credit-card-emi.html,https://images.emtcontent.com/offer-img/HSBC-2nd-jul-25-sm.webp,,,HSBC Visa Platinum
HSBC Bank,,https://www.easemytrip.com/offers/hsbc-credit-card-emi.html,https://images.emtcontent.com/offer-img/HSBC-2nd-jul-25-sm.webp,,,HSBC Taj
HSBC Bank,,https://www.easemytrip.com/offers/hsbc-credit-card-emi.html,https://images.emtcontent.com/offer-img/HSBC-2nd-jul-25-sm.webp,,,HSBC TravelOne Mastercard
HSBC Bank,,https://www.easemytrip.com/offers/hsbc-credit-card-emi.html,https://images.emtcontent.com/offer-img/HSBC-2nd-jul-25-sm.webp,,,HSBC Premier Mastercard
,,,,,,nan
AU Small Finance Bank,,https://www.easemytrip.com/offers/au-bank-credit-card.html,https://images.emtcontent.com/offer-img/U-Bank-Monsoon-30th-jun-sm1.webp,,,AU Bank Zenith+
AU Small Finance Bank,,https://www.easemytrip.com/offers/au-bank-credit-card.html,https://images.emtcontent.com/offer-img/U-Bank-Monsoon-30th-jun-sm1.webp,,,AU Small Finance Bank Altura
AU Small Finance Bank,,https://www.easemytrip.com/offers/au-bank-credit-card.html,https://images.emtcontent.com/offer-img/U-Bank-Monsoon-30th-jun-sm1.webp,,,AU Small Finance Bank Zenith
AU Small Finance Bank,,https://www.easemytrip.com/offers/au-bank-credit-card.html,https://images.emtcontent.com/offer-img/U-Bank-Monsoon-30th-jun-sm1.webp,,,AU Small Finance Bank LIT
AU Small Finance Bank,,https://www.easemytrip.com/offers/au-bank-credit-card.html,https://images.emtcontent.com/offer-img/U-Bank-Monsoon-30th-jun-sm1.webp,,,AU Small Finance Bank ixigo
AU Small Finance Bank,,https://www.easemytrip.com/offers/au-bank-credit-card.html,https://images.emtcontent.com/offer-img/U-Bank-Monsoon-30th-jun-sm1.webp,,,Au Small Finance Bank Vetta
AU Small Finance Bank,,https://www.easemytrip.com/offers/au-bank-credit-card.html,https://images.emtcontent.com/offer-img/U-Bank-Monsoon-30th-jun-sm1.webp,,,AU Bank InstaPay
AU Small Finance Bank,,https://www.easemytrip.com/offers/au-bank-credit-card.html,https://images.emtcontent.com/offer-img/U-Bank-Monsoon-30th-jun-sm1.webp,,,AU Small Finance Bank Altura Plus
ICICI Bank Credit Cards,,https://www.easemytrip.com/offers/icici-bank-credit-card.html,https://images.emtcontent.com/offer-img/EMT-icici-emt-1jul-sm.webp,,,MakeMyTrip ICICI Bank
ICICI Bank Credit Cards,,https://www.easemytrip.com/offers/icici-bank-credit-card.html,https://images.emtcontent.com/offer-img/EMT-icici-emt-1jul-sm.webp,,,ICICI Bank HPCL Super Saver Visa
ICICI Bank Credit Cards,,https://www.easemytrip.com/offers/icici-bank-credit-card.html,https://images.emtcontent.com/offer-img/EMT-icici-emt-1jul-sm.webp,,,ICICI Bank HPCL Super Saver RuPay
ICICI Bank Credit Cards,,https://www.easemytrip.com/offers/icici-bank-credit-card.html,https://images.emtcontent.com/offer-img/EMT-icici-emt-1jul-sm.webp,,,Skywards ICICI Bank Sapphiro
ICICI Bank Credit Cards,,https://www.easemytrip.com/offers/icici-bank-credit-card.html,https://images.emtcontent.com/offer-img/EMT-icici-emt-1jul-sm.webp,,,ICICI Parakram Select
ICICI Bank Credit Cards,,https://www.easemytrip.com/offers/icici-bank-credit-card.html,https://images.emtcontent.com/offer-img/EMT-icici-emt-1jul-sm.webp,,,Skywards ICICI Bank Emerald
ICICI Bank Credit Cards,,https://www.easemytrip.com/offers/icici-bank-credit-card.html,https://images.emtcontent.com/offer-img/EMT-icici-emt-1jul-sm.webp,,,Accelero ICICI Bank
ICICI Bank Credit Cards,,https://www.easemytrip.com/offers/icici-bank-credit-card.html,https://images.emtcontent.com/offer-img/EMT-icici-emt-1jul-sm.webp,,,ICICI HPCL Coral
ICICI Bank Credit Cards,,https://www.easemytrip.com/offers/icici-bank-credit-card.html,https://images.emtcontent.com/offer-img/EMT-icici-emt-1jul-sm.webp,,,MakeMyTrip ICICI Bank Platinum
ICICI Bank Credit Cards,,https://www.easemytrip.com/offers/icici-bank-credit-card.html,https://images.emtcontent.com/offer-img/EMT-icici-emt-1jul-sm.webp,,,MakeMyTrip ICICI Bank Signature
ICICI Bank Credit Cards,,https://www.easemytrip.com/offers/icici-bank-credit-card.html,https://images.emtcontent.com/offer-img/EMT-icici-emt-1jul-sm.webp,,,ICICI Manchester United Platinum
ICICI Bank Credit Cards,,https://www.easemytrip.com/offers/icici-bank-credit-card.html,https://images.emtcontent.com/offer-img/EMT-icici-emt-1jul-sm.webp,,,ICICI Parakram
ICICI Bank Credit Cards,,https://www.easemytrip.com/offers/icici-bank-credit-card.html,https://images.emtcontent.com/offer-img/EMT-icici-emt-1jul-sm.webp,,,Expressions
ICICI Bank Credit Cards,,https://www.easemytrip.com/offers/icici-bank-credit-card.html,https://images.emtcontent.com/offer-img/EMT-icici-emt-1jul-sm.webp,,,Emirates Skywards Rubyx
ICICI Bank Credit Cards,,https://www.easemytrip.com/offers/icici-bank-credit-card.html,https://images.emtcontent.com/offer-img/EMT-icici-emt-1jul-sm.webp,,,Adani One ICICI Platinum
ICICI Bank Credit Cards,,https://www.easemytrip.com/offers/icici-bank-credit-card.html,https://images.emtcontent.com/offer-img/EMT-icici-emt-1jul-sm.webp,,,Adani One ICICI Signature
ICICI Bank Credit Cards,,https://www.easemytrip.com/offers/icici-bank-credit-card.html,https://images.emtcontent.com/offer-img/EMT-icici-emt-1jul-sm.webp,,,ICICI Bank Emeralde
ICICI Bank Credit Cards,,https://www.easemytrip.com/offers/icici-bank-credit-card.html,https://images.emtcontent.com/offer-img/EMT-icici-emt-1jul-sm.webp,,,ICICI Bank Instant Platinum
ICICI Bank Credit Cards,,https://www.easemytrip.com/offers/icici-bank-credit-card.html,https://images.emtcontent.com/offer-img/EMT-icici-emt-1jul-sm.webp,,,ICICI Manchester United Signature
ICICI Bank Credit Cards,,https://www.easemytrip.com/offers/icici-bank-credit-card.html,https://images.emtcontent.com/offer-img/EMT-icici-emt-1jul-sm.webp,,,ICICI Bank Sapphiro
ICICI Bank Credit Cards,,https://www.easemytrip.com/offers/icici-bank-credit-card.html,https://images.emtcontent.com/offer-img/EMT-icici-emt-1jul-sm.webp,,,ICICI Bank Coral RuPay
ICICI Bank Credit Cards,,https://www.easemytrip.com/offers/icici-bank-credit-card.html,https://images.emtcontent.com/offer-img/EMT-icici-emt-1jul-sm.webp,,,Chennai Super Kings ICICI Bank
ICICI Bank Credit Cards,,https://www.easemytrip.com/offers/icici-bank-credit-card.html,https://images.emtcontent.com/offer-img/EMT-icici-emt-1jul-sm.webp,,,.
ICICI Bank Credit Cards,,https://www.easemytrip.com/offers/icici-bank-credit-card.html,https://images.emtcontent.com/offer-img/EMT-icici-emt-1jul-sm.webp,,,ICICI Bank Coral Visa
ICICI Bank Credit Cards,,https://www.easemytrip.com/offers/icici-bank-credit-card.html,https://images.emtcontent.com/offer-img/EMT-icici-emt-1jul-sm.webp,,,ICICI Bank Rubyx RuPay
ICICI Bank Credit Cards,,https://www.easemytrip.com/offers/icici-bank-credit-card.html,https://images.emtcontent.com/offer-img/EMT-icici-emt-1jul-sm.webp,,,ICICI Bank Rubyx Visa
ICICI Bank Credit Cards,,https://www.easemytrip.com/offers/icici-bank-credit-card.html,https://images.emtcontent.com/offer-img/EMT-icici-emt-1jul-sm.webp,,,Platinum Chip
ICICI Bank Credit Cards,,https://www.easemytrip.com/offers/icici-bank-credit-card.html,https://images.emtcontent.com/offer-img/EMT-icici-emt-1jul-sm.webp,,,ICICI Bank Times Black
Yes Bank Credit Cards,,https://www.easemytrip.com/offers/yes-bank-credit-card.html,https://images.emtcontent.com/offer-img/emtyes-26feb25-sm2.webp,,,Yes Prosperity Cashback
Yes Bank Credit Cards,,https://www.easemytrip.com/offers/yes-bank-credit-card.html,https://images.emtcontent.com/offer-img/emtyes-26feb25-sm2.webp,,,Yes Prosperity Cashback Plus
Yes Bank Credit Cards,,https://www.easemytrip.com/offers/yes-bank-credit-card.html,https://images.emtcontent.com/offer-img/emtyes-26feb25-sm2.webp,,,YES Bank Marquee
Yes Bank Credit Cards,,https://www.easemytrip.com/offers/yes-bank-credit-card.html,https://images.emtcontent.com/offer-img/emtyes-26feb25-sm2.webp,,,Yes RESERV
Yes Bank Credit Cards,,https://www.easemytrip.com/offers/yes-bank-credit-card.html,https://images.emtcontent.com/offer-img/emtyes-26feb25-sm2.webp,,,Yes Bank Wellness Plus
Yes Bank Credit Cards,,https://www.easemytrip.com/offers/yes-bank-credit-card.html,https://images.emtcontent.com/offer-img/emtyes-26feb25-sm2.webp,,,Yes Bank Card Anq Phi Credit  Card
Yes Bank Credit Cards,,https://www.easemytrip.com/offers/yes-bank-credit-card.html,https://images.emtcontent.com/offer-img/emtyes-26feb25-sm2.webp,,,Yes Private Prime
Yes Bank Credit Cards,,https://www.easemytrip.com/offers/yes-bank-credit-card.html,https://images.emtcontent.com/offer-img/emtyes-26feb25-sm2.webp,,,Yes Prosperity Edge
Yes Bank Credit Cards,,https://www.easemytrip.com/offers/yes-bank-credit-card.html,https://images.emtcontent.com/offer-img/emtyes-26feb25-sm2.webp,,,Yes Bank Wellness
Yes Bank Credit Cards,,https://www.easemytrip.com/offers/yes-bank-credit-card.html,https://images.emtcontent.com/offer-img/emtyes-26feb25-sm2.webp,,,Yes ELITE +
Yes Bank Credit Cards,,https://www.easemytrip.com/offers/yes-bank-credit-card.html,https://images.emtcontent.com/offer-img/emtyes-26feb25-sm2.webp,,,Yes Bank BYOC
Yes Bank Credit Cards,,https://www.easemytrip.com/offers/yes-bank-credit-card.html,https://images.emtcontent.com/offer-img/emtyes-26feb25-sm2.webp,,,Yes Prosperity Reward Plus
Yes Bank Credit Cards,,https://www.easemytrip.com/offers/yes-bank-credit-card.html,https://images.emtcontent.com/offer-img/emtyes-26feb25-sm2.webp,,,Yes EMI
Yes Bank Credit Cards,,https://www.easemytrip.com/offers/yes-bank-credit-card.html,https://images.emtcontent.com/offer-img/emtyes-26feb25-sm2.webp,,,Yes Prosperity Reward
Yes Bank Credit Cards,,https://www.easemytrip.com/offers/yes-bank-credit-card.html,https://images.emtcontent.com/offer-img/emtyes-26feb25-sm2.webp,,,Yes Bank Finbooster
Yes Bank Credit Cards,,https://www.easemytrip.com/offers/yes-bank-credit-card.html,https://images.emtcontent.com/offer-img/emtyes-26feb25-sm2.webp,,,YES BANK Anq Pi
Yes Bank Credit Cards,,https://www.easemytrip.com/offers/yes-bank-credit-card.html,https://images.emtcontent.com/offer-img/emtyes-26feb25-sm2.webp,,,YES BANK Paisabazaar PaisaSave
Yes Bank Credit Cards,,https://www.easemytrip.com/offers/yes-bank-credit-card.html,https://images.emtcontent.com/offer-img/emtyes-26feb25-sm2.webp,,,YES Bank Rio RuPay
Federal Bank EMI,,https://www.easemytrip.com/offers/federal-bank-credit-card.html,https://images.emtcontent.com/offer-img/EMTFEDEMI-Monsoon-2nd-jul-sm.webp,,,Federal Bank Visa Imperio
Federal Bank EMI,,https://www.easemytrip.com/offers/federal-bank-credit-card.html,https://images.emtcontent.com/offer-img/EMTFEDEMI-Monsoon-2nd-jul-sm.webp,,,Federal Bank Visa Celesta
Federal Bank EMI,,https://www.easemytrip.com/offers/federal-bank-credit-card.html,https://images.emtcontent.com/offer-img/EMTFEDEMI-Monsoon-2nd-jul-sm.webp,,, Federal Bank Rupay Signet Credit Card
Federal Bank EMI,,https://www.easemytrip.com/offers/federal-bank-credit-card.html,https://images.emtcontent.com/offer-img/EMTFEDEMI-Monsoon-2nd-jul-sm.webp,,,Federal Bank Mastercard Signet
Federal Bank EMI,,https://www.easemytrip.com/offers/federal-bank-credit-card.html,https://images.emtcontent.com/offer-img/EMTFEDEMI-Monsoon-2nd-jul-sm.webp,,,Federal Bank AmpliFi Credit Card
Federal Bank EMI,,https://www.easemytrip.com/offers/federal-bank-credit-card.html,https://images.emtcontent.com/offer-img/EMTFEDEMI-Monsoon-2nd-jul-sm.webp,,,Federal Bank MagniFi Credit Card
Federal Bank EMI,,https://www.easemytrip.com/offers/federal-bank-credit-card.html,https://images.emtcontent.com/offer-img/EMTFEDEMI-Monsoon-2nd-jul-sm.webp,,,Fed StarBiz
,,,,,,nan
PNB EMT Credit Cards,,https://www.easemytrip.com/offers/pnb-emt-co-branded-credit-card.html,https://images.emtcontent.com/offer-img/pnb-emt-co-branded-credit-card-sm.png,,,PNB EMT Rupay Platinum Credit Card
BOBCARD EMI,,https://www.easemytrip.com/offers/bank-of-baroda.html,https://images.emtcontent.com/offer-img/BOBDEMI-Monsoon1-jul-25-sm1.webp,,,HPCL BoB ENERGIE
BOBCARD EMI,,https://www.easemytrip.com/offers/bank-of-baroda.html,https://images.emtcontent.com/offer-img/BOBDEMI-Monsoon1-jul-25-sm1.webp,,,IRCTC Bank of Baroda
BOBCARD EMI,,https://www.easemytrip.com/offers/bank-of-baroda.html,https://images.emtcontent.com/offer-img/BOBDEMI-Monsoon1-jul-25-sm1.webp,,,BOB Assure
BOBCARD EMI,,https://www.easemytrip.com/offers/bank-of-baroda.html,https://images.emtcontent.com/offer-img/BOBDEMI-Monsoon1-jul-25-sm1.webp,,,Bank of Baroda SNAPDEAL
BOBCARD EMI,,https://www.easemytrip.com/offers/bank-of-baroda.html,https://images.emtcontent.com/offer-img/BOBDEMI-Monsoon1-jul-25-sm1.webp,,,BoB ETERNA
BOBCARD EMI,,https://www.easemytrip.com/offers/bank-of-baroda.html,https://images.emtcontent.com/offer-img/BOBDEMI-Monsoon1-jul-25-sm1.webp,,,Bank of Baroda Premier
BOBCARD EMI,,https://www.easemytrip.com/offers/bank-of-baroda.html,https://images.emtcontent.com/offer-img/BOBDEMI-Monsoon1-jul-25-sm1.webp,,,EASY
BOBCARD EMI,,https://www.easemytrip.com/offers/bank-of-baroda.html,https://images.emtcontent.com/offer-img/BOBDEMI-Monsoon1-jul-25-sm1.webp,,,SELECT
BOBCARD EMI,,https://www.easemytrip.com/offers/bank-of-baroda.html,https://images.emtcontent.com/offer-img/BOBDEMI-Monsoon1-jul-25-sm1.webp,,,PRIME
BOBCARD EMI,,https://www.easemytrip.com/offers/bank-of-baroda.html,https://images.emtcontent.com/offer-img/BOBDEMI-Monsoon1-jul-25-sm1.webp,,,Bank of Baroda CMA ONE
BOBCARD EMI,,https://www.easemytrip.com/offers/bank-of-baroda.html,https://images.emtcontent.com/offer-img/BOBDEMI-Monsoon1-jul-25-sm1.webp,,,Indian Navy VARUNAH Premium
BOBCARD EMI,,https://www.easemytrip.com/offers/bank-of-baroda.html,https://images.emtcontent.com/offer-img/BOBDEMI-Monsoon1-jul-25-sm1.webp,,,BOBCARD ETERNA
BOBCARD EMI,,https://www.easemytrip.com/offers/bank-of-baroda.html,https://images.emtcontent.com/offer-img/BOBDEMI-Monsoon1-jul-25-sm1.webp,,,ICSI DIAMOND
BOBCARD EMI,,https://www.easemytrip.com/offers/bank-of-baroda.html,https://images.emtcontent.com/offer-img/BOBDEMI-Monsoon1-jul-25-sm1.webp,,,Assam Rifles The SENTINEL
BOBCARD EMI,,https://www.easemytrip.com/offers/bank-of-baroda.html,https://images.emtcontent.com/offer-img/BOBDEMI-Monsoon1-jul-25-sm1.webp,,,ICAI EXCLUSIVE
BOBCARD EMI,,https://www.easemytrip.com/offers/bank-of-baroda.html,https://images.emtcontent.com/offer-img/BOBDEMI-Monsoon1-jul-25-sm1.webp,,,Indian Army YODDHA
BOBCARD EMI,,https://www.easemytrip.com/offers/bank-of-baroda.html,https://images.emtcontent.com/offer-img/BOBDEMI-Monsoon1-jul-25-sm1.webp,,,SWAVLAMBAN
BOBCARD EMI,,https://www.easemytrip.com/offers/bank-of-baroda.html,https://images.emtcontent.com/offer-img/BOBDEMI-Monsoon1-jul-25-sm1.webp,,,UNNATI
BOBCARD EMI,,https://www.easemytrip.com/offers/bank-of-baroda.html,https://images.emtcontent.com/offer-img/BOBDEMI-Monsoon1-jul-25-sm1.webp,,,Indian Coast Guard Rakshamah
,,,,,,nan
Standard Chartered,,https://www.easemytrip.com/offers/standard-charted-bank.html,https://images.emtcontent.com/offer-img/emtscb-16july-sm.png,,,Standard Chartered Easemytrip Credit Card

Federal Bank EMI,,https://www.easemytrip.com/offers/federal-bank-credit-card.html,https://images.emtcontent.com/offer-img/EMTFEDEMI-Monsoon-2nd-jul-sm.webp,,,Federal Bank Wave Credit Card
