Offer Title,Description,Image,Link,Eligible Credit Cards,Eligible Debit Cards
EasMyTrip Co-Branded Cards,Apply for Co-Branded Cards Now & Unlock special benefits and privileges.,https://images.emtcontent.com/offer-img/emtcards-sm.webp,https://www.emtcards.in/,Assam Rifles The Sentinel Bobcard,
EasMyTrip Co-Branded Cards,Apply for Co-Branded Cards Now & Unlock special benefits and privileges.,https://images.emtcontent.com/offer-img/emtcards-sm.webp,https://www.emtcards.in/,BOB Assure Credit Card,
EasMyTrip Co-Branded Cards,Apply for Co-Branded Cards Now & Unlock special benefits and privileges.,https://images.emtcontent.com/offer-img/emtcards-sm.webp,https://www.emtcards.in/,Bank of Baroda EASY Credit Card,
EasMyTrip Co-Branded Cards,Apply for Co-Branded Cards Now & Unlock special benefits and privileges.,https://images.emtcontent.com/offer-img/emtcards-sm.webp,https://www.emtcards.in/,Bank of Baroda ETERNA Credit card,
EasMyTrip Co-Branded Cards,Apply for Co-Branded Cards Now & Unlock special benefits and privileges.,https://images.emtcontent.com/offer-img/emtcards-sm.webp,https://www.emtcards.in/,Bank of Baroda Premier Credit Card,
EasMyTrip Co-Branded Cards,Apply for Co-Branded Cards Now & Unlock special benefits and privileges.,https://images.emtcontent.com/offer-img/emtcards-sm.webp,https://www.emtcards.in/,Bobcard Select,
EasMyTrip Co-Branded Cards,Apply for Co-Branded Cards Now & Unlock special benefits and privileges.,https://images.emtcontent.com/offer-img/emtcards-sm.webp,https://www.emtcards.in/,CMA One Bobcard,
EasMyTrip Co-Branded Cards,Apply for Co-Branded Cards Now & Unlock special benefits and privileges.,https://images.emtcontent.com/offer-img/emtcards-sm.webp,https://www.emtcards.in/,Eterna Bobcard,
EasMyTrip Co-Branded Cards,Apply for Co-Branded Cards Now & Unlock special benefits and privileges.,https://images.emtcontent.com/offer-img/emtcards-sm.webp,https://www.emtcards.in/,HPCL BoB ENERGIE,
EasMyTrip Co-Branded Cards,Apply for Co-Branded Cards Now & Unlock special benefits and privileges.,https://images.emtcontent.com/offer-img/emtcards-sm.webp,https://www.emtcards.in/,ICAI Exclusive Bobcard,
EasMyTrip Co-Branded Cards,Apply for Co-Branded Cards Now & Unlock special benefits and privileges.,https://images.emtcontent.com/offer-img/emtcards-sm.webp,https://www.emtcards.in/,ICSI Diamond Bobcard,
EasMyTrip Co-Branded Cards,Apply for Co-Branded Cards Now & Unlock special benefits and privileges.,https://images.emtcontent.com/offer-img/emtcards-sm.webp,https://www.emtcards.in/,IRCTC Bobcard,
EasMyTrip Co-Branded Cards,Apply for Co-Branded Cards Now & Unlock special benefits and privileges.,https://images.emtcontent.com/offer-img/emtcards-sm.webp,https://www.emtcards.in/,Indian Army Yoddha Bobcard,
EasMyTrip Co-Branded Cards,Apply for Co-Branded Cards Now & Unlock special benefits and privileges.,https://images.emtcontent.com/offer-img/emtcards-sm.webp,https://www.emtcards.in/,Indian Coast Guard Rakshamah Bank of Baroda,
EasMyTrip Co-Branded Cards,Apply for Co-Branded Cards Now & Unlock special benefits and privileges.,https://images.emtcontent.com/offer-img/emtcards-sm.webp,https://www.emtcards.in/,Indian Navy Varunah Premium Bobcard,
EasMyTrip Co-Branded Cards,Apply for Co-Branded Cards Now & Unlock special benefits and privileges.,https://images.emtcontent.com/offer-img/emtcards-sm.webp,https://www.emtcards.in/,Prime Bobcard,
EasMyTrip Co-Branded Cards,Apply for Co-Branded Cards Now & Unlock special benefits and privileges.,https://images.emtcontent.com/offer-img/emtcards-sm.webp,https://www.emtcards.in/,Snapdeal Bobcard,
EasMyTrip Co-Branded Cards,Apply for Co-Branded Cards Now & Unlock special benefits and privileges.,https://images.emtcontent.com/offer-img/emtcards-sm.webp,https://www.emtcards.in/,Swavlamban Bobcard,
EasMyTrip Co-Branded Cards,Apply for Co-Branded Cards Now & Unlock special benefits and privileges.,https://images.emtcontent.com/offer-img/emtcards-sm.webp,https://www.emtcards.in/,Unnati Bobcard,
BOB EMT Debit Cards,"Enjoy Amazing Discounts on Flights, Hotels, Bus with BOB EMT Debit Cards",https://images.emtcontent.com/offer-img/bob-bank-18mar25-sm3.webp,https://www.easemytrip.com/offers/bob-bank.html,,Bank of Baroda EaseMyTrip Debit Card
PNB EMT Credit Cards,Wander the world with Wonderful Deals with PNB EMT Credit Cards,https://images.emtcontent.com/offer-img/pnb-emt-co-branded-credit-card-sm.png,https://www.easemytrip.com/offers/pnb-emt-co-branded-credit-card.html,PNB EMT Rupay Platinum Credit Card,
Standard Chartered,Travel discounts on the Standard Chartered - EaseMyTrip Credit Cards,https://images.emtcontent.com/offer-img/emtscb-16july-sm.png,https://www.easemytrip.com/offers/standard-charted-bank.html,Standard Chartered Easemytrip Credit Card,
