Offer,Expiry Date,Image,Link,Credit Card
Get Flat 10% Off On International Flights with Tata Neu HDFC Bank Credit Card EMI.,30-06-2025,https://tse3.mm.bing.net/th?id=OIP.fa599TFk7H-okNneqW6oWQHaEK&pid=Api&P=0&h=180,https://www.ixigo.com/offers/HDFCNEU-INT,HDFC Tata Neu Infinity
Flat 15% Off on International Flights with Kotak Bank Signature and Infinite Credit Cards,30-06-2025,https://tse3.mm.bing.net/th?id=OIP.fa599TFk7H-okNneqW6oWQHaEK&pid=Api&P=0&h=180,https://www.ixigo.com/offers/kotakint,Kotak Royale Signature
Flat 15% Off on International Flights with Kotak Bank Signature and Infinite Credit Cards,30-06-2025,https://tse3.mm.bing.net/th?id=OIP.fa599TFk7H-okNneqW6oWQHaEK&pid=Api&P=0&h=180,https://www.ixigo.com/offers/kotakint,Kotak Zen Signature
Flat 15% Off on International Flights with Kotak Bank Signature and Infinite Credit Cards,30-06-2025,https://tse3.mm.bing.net/th?id=OIP.fa599TFk7H-okNneqW6oWQHaEK&pid=Api&P=0&h=180,https://www.ixigo.com/offers/kotakint,Kotak Privy League Signature
Flat 15% Off on International Flights with Kotak Bank Signature and Infinite Credit Cards,30-06-2025,https://tse3.mm.bing.net/th?id=OIP.fa599TFk7H-okNneqW6oWQHaEK&pid=Api&P=0&h=180,https://www.ixigo.com/offers/kotakint,Kotak Corporate Wealth Signature
Flat 15% Off on International Flights with Kotak Bank Signature and Infinite Credit Cards,30-06-2025,https://tse3.mm.bing.net/th?id=OIP.fa599TFk7H-okNneqW6oWQHaEK&pid=Api&P=0&h=180,https://www.ixigo.com/offers/kotakint,Kotak Infinite
Get Flat 10% Off On International Flights with AU Bank Credit Card EMI,30-06-2025,https://tse3.mm.bing.net/th?id=OIP.fa599TFk7H-okNneqW6oWQHaEK&pid=Api&P=0&h=180,https://www.ixigo.com/offers/auweb,AU Small Finance Bank Altura
Get Flat 10% Off On International Flights with AU Bank Credit Card EMI,30-06-2025,https://tse3.mm.bing.net/th?id=OIP.fa599TFk7H-okNneqW6oWQHaEK&pid=Api&P=0&h=180,https://www.ixigo.com/offers/auweb,AU Bank Zenith+
Get Flat 10% Off On International Flights with AU Bank Credit Card EMI,30-06-2025,https://tse3.mm.bing.net/th?id=OIP.fa599TFk7H-okNneqW6oWQHaEK&pid=Api&P=0&h=180,https://www.ixigo.com/offers/auweb,Au Small Finance Bank Vetta
Get Flat 10% Off On International Flights with AU Bank Credit Card EMI,30-06-2025,https://tse3.mm.bing.net/th?id=OIP.fa599TFk7H-okNneqW6oWQHaEK&pid=Api&P=0&h=180,https://www.ixigo.com/offers/auweb,AU Bank InstaPay
Get Flat 10% Off On International Flights with AU Bank Credit Card EMI,30-06-2025,https://tse3.mm.bing.net/th?id=OIP.fa599TFk7H-okNneqW6oWQHaEK&pid=Api&P=0&h=180,https://www.ixigo.com/offers/auweb,AU Small Finance Bank Altura Plus
Get Flat 10% Off On International Flights with AU Bank Credit Card EMI,30-06-2025,https://tse3.mm.bing.net/th?id=OIP.fa599TFk7H-okNneqW6oWQHaEK&pid=Api&P=0&h=180,https://www.ixigo.com/offers/auweb,AU Small Finance Bank Zenith
Get Flat 10% Off On International Flights with AU Bank Credit Card EMI,30-06-2025,https://tse3.mm.bing.net/th?id=OIP.fa599TFk7H-okNneqW6oWQHaEK&pid=Api&P=0&h=180,https://www.ixigo.com/offers/auweb,AU Small Finance Bank ixigo
Get Flat 10% Off On International Flights with AU Bank Credit Card EMI,30-06-2025,https://tse3.mm.bing.net/th?id=OIP.fa599TFk7H-okNneqW6oWQHaEK&pid=Api&P=0&h=180,https://www.ixigo.com/offers/auweb,AU Small Finance Bank LIT
Flat 15% Off on Domestic Flights with Federal Bank Credit Card+Interest Free EMI,30-06-2025,https://tse3.mm.bing.net/th?id=OIP.fa599TFk7H-okNneqW6oWQHaEK&pid=Api&P=0&h=180,https://www.ixigo.com/offers/IXFEDERALEMIN-Dom,Fed StarBiz RuPay
Flat 15% Off on Domestic Flights with Federal Bank Credit Card+Interest Free EMI,30-06-2025,https://tse3.mm.bing.net/th?id=OIP.fa599TFk7H-okNneqW6oWQHaEK&pid=Api&P=0&h=180,https://www.ixigo.com/offers/IXFEDERALEMIN-Dom,Federal Bank Mastercard Signet
Flat 15% Off on Domestic Flights with Federal Bank Credit Card+Interest Free EMI,30-06-2025,https://tse3.mm.bing.net/th?id=OIP.fa599TFk7H-okNneqW6oWQHaEK&pid=Api&P=0&h=180,https://www.ixigo.com/offers/IXFEDERALEMIN-Dom,Federal Bank MagniFi
Flat 15% Off on Domestic Flights with Federal Bank Credit Card+Interest Free EMI,30-06-2025,https://tse3.mm.bing.net/th?id=OIP.fa599TFk7H-okNneqW6oWQHaEK&pid=Api&P=0&h=180,https://www.ixigo.com/offers/IXFEDERALEMIN-Dom,Federal Bank AmpliFi
Flat 15% Off on Domestic Flights with Federal Bank Credit Card+Interest Free EMI,30-06-2025,https://tse3.mm.bing.net/th?id=OIP.fa599TFk7H-okNneqW6oWQHaEK&pid=Api&P=0&h=180,https://www.ixigo.com/offers/IXFEDERALEMIN-Dom,Federal Bank Wave
Flat 15% Off on Domestic Flights with Federal Bank Credit Card+Interest Free EMI,30-06-2025,https://tse3.mm.bing.net/th?id=OIP.fa599TFk7H-okNneqW6oWQHaEK&pid=Api&P=0&h=180,https://www.ixigo.com/offers/IXFEDERALEMIN-Dom,Federal Bank Rupay Signet
Flat 15% Off on Domestic Flights with Federal Bank Credit Card+Interest Free EMI,30-06-2025,https://tse3.mm.bing.net/th?id=OIP.fa599TFk7H-okNneqW6oWQHaEK&pid=Api&P=0&h=180,https://www.ixigo.com/offers/IXFEDERALEMIN-Dom,Federal Bank Scapia
Flat 15% Off on Domestic Flights with Federal Bank Credit Card+Interest Free EMI,30-06-2025,https://tse3.mm.bing.net/th?id=OIP.fa599TFk7H-okNneqW6oWQHaEK&pid=Api&P=0&h=180,https://www.ixigo.com/offers/IXFEDERALEMIN-Dom,Federal Bank Visa Celesta
Flat 15% Off on Domestic Flights with Federal Bank Credit Card+Interest Free EMI,30-06-2025,https://tse3.mm.bing.net/th?id=OIP.fa599TFk7H-okNneqW6oWQHaEK&pid=Api&P=0&h=180,https://www.ixigo.com/offers/IXFEDERALEMIN-Dom,Federal Bank Visa Imperio
Get Flat 10% Off On Domestic Flights with OneCard Credit Card + Interest Free EMI,30-06-2025,https://tse3.mm.bing.net/th?id=OIP.fa599TFk7H-okNneqW6oWQHaEK&pid=Api&P=0&h=180,https://www.ixigo.com/offers/onecard-D,One Card
Get Flat 12% Off On Domestic Flights with BOBCARD EMI,28-06-2025,https://tse3.mm.bing.net/th?id=OIP.fa599TFk7H-okNneqW6oWQHaEK&pid=Api&P=0&h=180,https://www.ixigo.com/offers/bobemi,PREMIER
Get Flat 12% Off On Domestic Flights with BOBCARD EMI,28-06-2025,https://tse3.mm.bing.net/th?id=OIP.fa599TFk7H-okNneqW6oWQHaEK&pid=Api&P=0&h=180,https://www.ixigo.com/offers/bobemi,BOB Assure
Get Flat 12% Off On Domestic Flights with BOBCARD EMI,28-06-2025,https://tse3.mm.bing.net/th?id=OIP.fa599TFk7H-okNneqW6oWQHaEK&pid=Api&P=0&h=180,https://www.ixigo.com/offers/bobemi,BOBCARD ETERNA
Get Flat 12% Off On Domestic Flights with BOBCARD EMI,28-06-2025,https://tse3.mm.bing.net/th?id=OIP.fa599TFk7H-okNneqW6oWQHaEK&pid=Api&P=0&h=180,https://www.ixigo.com/offers/bobemi,Indian Navy VARUNAH Premium
Get Flat 12% Off On Domestic Flights with BOBCARD EMI,28-06-2025,https://tse3.mm.bing.net/th?id=OIP.fa599TFk7H-okNneqW6oWQHaEK&pid=Api&P=0&h=180,https://www.ixigo.com/offers/bobemi,CMA ONE
Get Flat 12% Off On Domestic Flights with BOBCARD EMI,28-06-2025,https://tse3.mm.bing.net/th?id=OIP.fa599TFk7H-okNneqW6oWQHaEK&pid=Api&P=0&h=180,https://www.ixigo.com/offers/bobemi,ETERNA
Get Flat 12% Off On Domestic Flights with BOBCARD EMI,28-06-2025,https://tse3.mm.bing.net/th?id=OIP.fa599TFk7H-okNneqW6oWQHaEK&pid=Api&P=0&h=180,https://www.ixigo.com/offers/bobemi,ICSI DIAMOND
Get Flat 12% Off On Domestic Flights with BOBCARD EMI,28-06-2025,https://tse3.mm.bing.net/th?id=OIP.fa599TFk7H-okNneqW6oWQHaEK&pid=Api&P=0&h=180,https://www.ixigo.com/offers/bobemi,EASY
Get Flat 12% Off On Domestic Flights with BOBCARD EMI,28-06-2025,https://tse3.mm.bing.net/th?id=OIP.fa599TFk7H-okNneqW6oWQHaEK&pid=Api&P=0&h=180,https://www.ixigo.com/offers/bobemi,ICAI EXCLUSIVE
Get Flat 12% Off On Domestic Flights with BOBCARD EMI,28-06-2025,https://tse3.mm.bing.net/th?id=OIP.fa599TFk7H-okNneqW6oWQHaEK&pid=Api&P=0&h=180,https://www.ixigo.com/offers/bobemi,Assam Rifles The SENTINEL
Get Flat 12% Off On Domestic Flights with BOBCARD EMI,28-06-2025,https://tse3.mm.bing.net/th?id=OIP.fa599TFk7H-okNneqW6oWQHaEK&pid=Api&P=0&h=180,https://www.ixigo.com/offers/bobemi,Indian Army YODDHA
Get Flat 12% Off On Domestic Flights with BOBCARD EMI,28-06-2025,https://tse3.mm.bing.net/th?id=OIP.fa599TFk7H-okNneqW6oWQHaEK&pid=Api&P=0&h=180,https://www.ixigo.com/offers/bobemi,HPCL BoB ENERGIE
Get Flat 12% Off On Domestic Flights with BOBCARD EMI,28-06-2025,https://tse3.mm.bing.net/th?id=OIP.fa599TFk7H-okNneqW6oWQHaEK&pid=Api&P=0&h=180,https://www.ixigo.com/offers/bobemi,PRIME
Get Flat 12% Off On Domestic Flights with BOBCARD EMI,28-06-2025,https://tse3.mm.bing.net/th?id=OIP.fa599TFk7H-okNneqW6oWQHaEK&pid=Api&P=0&h=180,https://www.ixigo.com/offers/bobemi,SWAVLAMBAN
Get Flat 12% Off On Domestic Flights with BOBCARD EMI,28-06-2025,https://tse3.mm.bing.net/th?id=OIP.fa599TFk7H-okNneqW6oWQHaEK&pid=Api&P=0&h=180,https://www.ixigo.com/offers/bobemi,IRCTC BoB
Get Flat 12% Off On Domestic Flights with BOBCARD EMI,28-06-2025,https://tse3.mm.bing.net/th?id=OIP.fa599TFk7H-okNneqW6oWQHaEK&pid=Api&P=0&h=180,https://www.ixigo.com/offers/bobemi,SNAPDEAL
Get Flat 12% Off On Domestic Flights with BOBCARD EMI,28-06-2025,https://tse3.mm.bing.net/th?id=OIP.fa599TFk7H-okNneqW6oWQHaEK&pid=Api&P=0&h=180,https://www.ixigo.com/offers/bobemi,UNNATI
Get Flat 12% Off On Domestic Flights with BOBCARD EMI,28-06-2025,https://tse3.mm.bing.net/th?id=OIP.fa599TFk7H-okNneqW6oWQHaEK&pid=Api&P=0&h=180,https://www.ixigo.com/offers/bobemi,Indian Coast Guard Rakshamah
Get Flat 12% Off On Domestic Flights with BOBCARD EMI,28-06-2025,https://tse3.mm.bing.net/th?id=OIP.fa599TFk7H-okNneqW6oWQHaEK&pid=Api&P=0&h=180,https://www.ixigo.com/offers/bobemi,SELECT
Flat 15% Off on Domestic Flights with Kotak Bank Signature and Infinite Credit Cards,"Mon, 30 Jun",https://tse3.mm.bing.net/th?id=OIP.fa599TFk7H-okNneqW6oWQHaEK&pid=Api&P=0&h=180,https://www.ixigo.com/offers/kotakcc,Kotak Royale Signature
Flat 15% Off on Domestic Flights with Kotak Bank Signature and Infinite Credit Cards,"Mon, 30 Jun",https://tse3.mm.bing.net/th?id=OIP.fa599TFk7H-okNneqW6oWQHaEK&pid=Api&P=0&h=180,https://www.ixigo.com/offers/kotakcc,Kotak Zen Signature
Flat 15% Off on Domestic Flights with Kotak Bank Signature and Infinite Credit Cards,"Mon, 30 Jun",https://tse3.mm.bing.net/th?id=OIP.fa599TFk7H-okNneqW6oWQHaEK&pid=Api&P=0&h=180,https://www.ixigo.com/offers/kotakcc,Kotak Privy League Signature
Flat 15% Off on Domestic Flights with Kotak Bank Signature and Infinite Credit Cards,"Mon, 30 Jun",https://tse3.mm.bing.net/th?id=OIP.fa599TFk7H-okNneqW6oWQHaEK&pid=Api&P=0&h=180,https://www.ixigo.com/offers/kotakcc,Kotak Corporate Wealth Signature
Flat 15% Off on Domestic Flights with Kotak Bank Signature and Infinite Credit Cards,"Mon, 30 Jun",https://tse3.mm.bing.net/th?id=OIP.fa599TFk7H-okNneqW6oWQHaEK&pid=Api&P=0&h=180,https://www.ixigo.com/offers/kotakcc,Kotak Infinite
Get Flat 10% Off On Domestic Flights with Tata Neu HDFC Bank Credit Card+Interest Free EMI.,"Mon, 30 Jun",https://tse3.mm.bing.net/th?id=OIP.fa599TFk7H-okNneqW6oWQHaEK&pid=Api&P=0&h=180,https://www.ixigo.com/offers/HDFCNEU-DOM,HDFC Tata Neu Infinity
Get Flat 10% Off On Domestic Flights with Tata Neu HDFC Bank Credit Card+Interest Free EMI.,"Mon, 30 Jun",https://tse3.mm.bing.net/th?id=OIP.fa599TFk7H-okNneqW6oWQHaEK&pid=Api&P=0&h=180,https://www.ixigo.com/offers/HDFCNEU-DOM,HDFC Tata Neu Plus
Flat 12% Off on Domestic Flights with RBL Bank Credit Card+Interest Free EMI,"Mon, 30 Jun",https://tse3.mm.bing.net/th?id=OIP.fa599TFk7H-okNneqW6oWQHaEK&pid=Api&P=0&h=180,https://www.ixigo.com/offers/rbl-cc,RBL Bank Platinum Choice MasterCard
Flat 12% Off on Domestic Flights with RBL Bank Credit Card+Interest Free EMI,"Mon, 30 Jun",https://tse3.mm.bing.net/th?id=OIP.fa599TFk7H-okNneqW6oWQHaEK&pid=Api&P=0&h=180,https://www.ixigo.com/offers/rbl-cc,RBL Bank Platinum Choice Visa
Flat 12% Off on Domestic Flights with RBL Bank Credit Card+Interest Free EMI,"Mon, 30 Jun",https://tse3.mm.bing.net/th?id=OIP.fa599TFk7H-okNneqW6oWQHaEK&pid=Api&P=0&h=180,https://www.ixigo.com/offers/rbl-cc,RBL Bank World Plus Visa
Flat 12% Off on Domestic Flights with RBL Bank Credit Card+Interest Free EMI,"Mon, 30 Jun",https://tse3.mm.bing.net/th?id=OIP.fa599TFk7H-okNneqW6oWQHaEK&pid=Api&P=0&h=180,https://www.ixigo.com/offers/rbl-cc,RBL Bank World Plus MasterCard
Flat 12% Off on Domestic Flights with RBL Bank Credit Card+Interest Free EMI,"Mon, 30 Jun",https://tse3.mm.bing.net/th?id=OIP.fa599TFk7H-okNneqW6oWQHaEK&pid=Api&P=0&h=180,https://www.ixigo.com/offers/rbl-cc,RBL Bank Platinum Advantage MasterCard
Flat 12% Off on Domestic Flights with RBL Bank Credit Card+Interest Free EMI,"Mon, 30 Jun",https://tse3.mm.bing.net/th?id=OIP.fa599TFk7H-okNneqW6oWQHaEK&pid=Api&P=0&h=180,https://www.ixigo.com/offers/rbl-cc,RBL Bank EasySaver MasterCard
Flat 12% Off on Domestic Flights with RBL Bank Credit Card+Interest Free EMI,"Mon, 30 Jun",https://tse3.mm.bing.net/th?id=OIP.fa599TFk7H-okNneqW6oWQHaEK&pid=Api&P=0&h=180,https://www.ixigo.com/offers/rbl-cc,RBL Bank EasySaver Visa
Flat 12% Off on Domestic Flights with RBL Bank Credit Card+Interest Free EMI,"Mon, 30 Jun",https://tse3.mm.bing.net/th?id=OIP.fa599TFk7H-okNneqW6oWQHaEK&pid=Api&P=0&h=180,https://www.ixigo.com/offers/rbl-cc,RBL Bank MyFirst MasterCard
Flat 12% Off on Domestic Flights with RBL Bank Credit Card+Interest Free EMI,"Mon, 30 Jun",https://tse3.mm.bing.net/th?id=OIP.fa599TFk7H-okNneqW6oWQHaEK&pid=Api&P=0&h=180,https://www.ixigo.com/offers/rbl-cc,RBL Bank MyFirst Visa
Flat 12% Off on Domestic Flights with RBL Bank Credit Card+Interest Free EMI,"Mon, 30 Jun",https://tse3.mm.bing.net/th?id=OIP.fa599TFk7H-okNneqW6oWQHaEK&pid=Api&P=0&h=180,https://www.ixigo.com/offers/rbl-cc,RBL Bank Binge Visa
Flat 12% Off on Domestic Flights with RBL Bank Credit Card+Interest Free EMI,"Mon, 30 Jun",https://tse3.mm.bing.net/th?id=OIP.fa599TFk7H-okNneqW6oWQHaEK&pid=Api&P=0&h=180,https://www.ixigo.com/offers/rbl-cc,RBL Bank Binge MasterCard
Flat 12% Off on Domestic Flights with RBL Bank Credit Card+Interest Free EMI,"Mon, 30 Jun",https://tse3.mm.bing.net/th?id=OIP.fa599TFk7H-okNneqW6oWQHaEK&pid=Api&P=0&h=180,https://www.ixigo.com/offers/rbl-cc,RBL Bank Platinum Shopgain MasterCard
Flat 12% Off on Domestic Flights with RBL Bank Credit Card+Interest Free EMI,"Mon, 30 Jun",https://tse3.mm.bing.net/th?id=OIP.fa599TFk7H-okNneqW6oWQHaEK&pid=Api&P=0&h=180,https://www.ixigo.com/offers/rbl-cc,RBL Bank Platinum Shopgain Visa
Flat 12% Off on Domestic Flights with RBL Bank Credit Card+Interest Free EMI,"Mon, 30 Jun",https://tse3.mm.bing.net/th?id=OIP.fa599TFk7H-okNneqW6oWQHaEK&pid=Api&P=0&h=180,https://www.ixigo.com/offers/rbl-cc,RBL Bank Platinum Bonus MasterCard
Flat 12% Off on Domestic Flights with RBL Bank Credit Card+Interest Free EMI,"Mon, 30 Jun",https://tse3.mm.bing.net/th?id=OIP.fa599TFk7H-okNneqW6oWQHaEK&pid=Api&P=0&h=180,https://www.ixigo.com/offers/rbl-cc,RBL Bank Platinum Prime MasterCard
Flat 12% Off on Domestic Flights with RBL Bank Credit Card+Interest Free EMI,"Mon, 30 Jun",https://tse3.mm.bing.net/th?id=OIP.fa599TFk7H-okNneqW6oWQHaEK&pid=Api&P=0&h=180,https://www.ixigo.com/offers/rbl-cc,RBL Bank World Max MasterCard
Flat 12% Off on Domestic Flights with RBL Bank Credit Card+Interest Free EMI,"Mon, 30 Jun",https://tse3.mm.bing.net/th?id=OIP.fa599TFk7H-okNneqW6oWQHaEK&pid=Api&P=0&h=180,https://www.ixigo.com/offers/rbl-cc,RBL Bank World Max Visa
Flat 12% Off on Domestic Flights with RBL Bank Credit Card+Interest Free EMI,"Mon, 30 Jun",https://tse3.mm.bing.net/th?id=OIP.fa599TFk7H-okNneqW6oWQHaEK&pid=Api&P=0&h=180,https://www.ixigo.com/offers/rbl-cc,RBL Bank Platinum ValuePlus MasterCard
Flat 12% Off on Domestic Flights with RBL Bank Credit Card+Interest Free EMI,"Mon, 30 Jun",https://tse3.mm.bing.net/th?id=OIP.fa599TFk7H-okNneqW6oWQHaEK&pid=Api&P=0&h=180,https://www.ixigo.com/offers/rbl-cc,RBL Bank Platinum ValuePlus Visa
Flat 12% Off on Domestic Flights with RBL Bank Credit Card+Interest Free EMI,"Mon, 30 Jun",https://tse3.mm.bing.net/th?id=OIP.fa599TFk7H-okNneqW6oWQHaEK&pid=Api&P=0&h=180,https://www.ixigo.com/offers/rbl-cc,RBL Bank Platinum ShopSmart MasterCard
Flat 12% Off on Domestic Flights with RBL Bank Credit Card+Interest Free EMI,"Mon, 30 Jun",https://tse3.mm.bing.net/th?id=OIP.fa599TFk7H-okNneqW6oWQHaEK&pid=Api&P=0&h=180,https://www.ixigo.com/offers/rbl-cc,RBL Bank Platinum ShopSmart Visa
Flat 12% Off on Domestic Flights with RBL Bank Credit Card+Interest Free EMI,"Mon, 30 Jun",https://tse3.mm.bing.net/th?id=OIP.fa599TFk7H-okNneqW6oWQHaEK&pid=Api&P=0&h=180,https://www.ixigo.com/offers/rbl-cc,RBL Bank Platinum TravelEasy MasterCard
Flat 12% Off on Domestic Flights with RBL Bank Credit Card+Interest Free EMI,"Mon, 30 Jun",https://tse3.mm.bing.net/th?id=OIP.fa599TFk7H-okNneqW6oWQHaEK&pid=Api&P=0&h=180,https://www.ixigo.com/offers/rbl-cc,RBL Bank Platinum TravelEasy Visa
Flat 12% Off on Domestic Flights with RBL Bank Credit Card+Interest Free EMI,"Mon, 30 Jun",https://tse3.mm.bing.net/th?id=OIP.fa599TFk7H-okNneqW6oWQHaEK&pid=Api&P=0&h=180,https://www.ixigo.com/offers/rbl-cc,RBL Bank World Prime MasterCard
Flat 12% Off on Domestic Flights with RBL Bank Credit Card+Interest Free EMI,"Mon, 30 Jun",https://tse3.mm.bing.net/th?id=OIP.fa599TFk7H-okNneqW6oWQHaEK&pid=Api&P=0&h=180,https://www.ixigo.com/offers/rbl-cc,RBL Bank World Prime Visa
Flat 12% Off on Domestic Flights with RBL Bank Credit Card+Interest Free EMI,"Mon, 30 Jun",https://tse3.mm.bing.net/th?id=OIP.fa599TFk7H-okNneqW6oWQHaEK&pid=Api&P=0&h=180,https://www.ixigo.com/offers/rbl-cc,RBL Bank Platinum Plus MasterCard
Flat 12% Off on Domestic Flights with RBL Bank Credit Card+Interest Free EMI,"Mon, 30 Jun",https://tse3.mm.bing.net/th?id=OIP.fa599TFk7H-okNneqW6oWQHaEK&pid=Api&P=0&h=180,https://www.ixigo.com/offers/rbl-cc,RBL Bank Platinum Plus Visa
Flat 12% Off on Domestic Flights with RBL Bank Credit Card+Interest Free EMI,"Mon, 30 Jun",https://tse3.mm.bing.net/th?id=OIP.fa599TFk7H-okNneqW6oWQHaEK&pid=Api&P=0&h=180,https://www.ixigo.com/offers/rbl-cc,RBL Bank Platinum ShopDaily MasterCard
Flat 12% Off on Domestic Flights with RBL Bank Credit Card+Interest Free EMI,"Mon, 30 Jun",https://tse3.mm.bing.net/th?id=OIP.fa599TFk7H-okNneqW6oWQHaEK&pid=Api&P=0&h=180,https://www.ixigo.com/offers/rbl-cc,RBL Bank Platinum ShopDaily Visa
Flat 12% Off on Domestic Flights with RBL Bank Credit Card+Interest Free EMI,"Mon, 30 Jun",https://tse3.mm.bing.net/th?id=OIP.fa599TFk7H-okNneqW6oWQHaEK&pid=Api&P=0&h=180,https://www.ixigo.com/offers/rbl-cc,RBL Bank Platinum Edge Visa
Flat 12% Off on Domestic Flights with RBL Bank Credit Card+Interest Free EMI,"Mon, 30 Jun",https://tse3.mm.bing.net/th?id=OIP.fa599TFk7H-okNneqW6oWQHaEK&pid=Api&P=0&h=180,https://www.ixigo.com/offers/rbl-cc,RBL Bank Platinum Edge MasterCard
Flat 12% Off on Domestic Flights with RBL Bank Credit Card+Interest Free EMI,"Mon, 30 Jun",https://tse3.mm.bing.net/th?id=OIP.fa599TFk7H-okNneqW6oWQHaEK&pid=Api&P=0&h=180,https://www.ixigo.com/offers/rbl-cc,RBL Bank Platinum LifeEasy Visa
Flat 12% Off on Domestic Flights with RBL Bank Credit Card+Interest Free EMI,"Mon, 30 Jun",https://tse3.mm.bing.net/th?id=OIP.fa599TFk7H-okNneqW6oWQHaEK&pid=Api&P=0&h=180,https://www.ixigo.com/offers/rbl-cc,RBL Bank Platinum LifeEasy MasterCard
Flat 12% Off on Domestic Flights with RBL Bank Credit Card+Interest Free EMI,"Mon, 30 Jun",https://tse3.mm.bing.net/th?id=OIP.fa599TFk7H-okNneqW6oWQHaEK&pid=Api&P=0&h=180,https://www.ixigo.com/offers/rbl-cc,RBL Bank DMI Finance Visa
Flat 12% Off on Domestic Flights with RBL Bank Credit Card+Interest Free EMI,"Mon, 30 Jun",https://tse3.mm.bing.net/th?id=OIP.fa599TFk7H-okNneqW6oWQHaEK&pid=Api&P=0&h=180,https://www.ixigo.com/offers/rbl-cc,RBL Bank Play Visa
Flat 12% Off on Domestic Flights with RBL Bank Credit Card+Interest Free EMI,"Mon, 30 Jun",https://tse3.mm.bing.net/th?id=OIP.fa599TFk7H-okNneqW6oWQHaEK&pid=Api&P=0&h=180,https://www.ixigo.com/offers/rbl-cc,RBL Bank Novio RuPay
Flat 12% Off on Domestic Flights with RBL Bank Credit Card+Interest Free EMI,"Mon, 30 Jun",https://tse3.mm.bing.net/th?id=OIP.fa599TFk7H-okNneqW6oWQHaEK&pid=Api&P=0&h=180,https://www.ixigo.com/offers/rbl-cc,IndianOil RBL Bank MasterCard
Flat 12% Off on Domestic Flights with RBL Bank Credit Card+Interest Free EMI,"Mon, 30 Jun",https://tse3.mm.bing.net/th?id=OIP.fa599TFk7H-okNneqW6oWQHaEK&pid=Api&P=0&h=180,https://www.ixigo.com/offers/rbl-cc,TVS Credit RBL Bank Gold Mastercard Card
Flat 12% Off on Domestic Flights with RBL Bank Credit Card+Interest Free EMI,"Mon, 30 Jun",https://tse3.mm.bing.net/th?id=OIP.fa599TFk7H-okNneqW6oWQHaEK&pid=Api&P=0&h=180,https://www.ixigo.com/offers/rbl-cc,TVS Credit RBL Bank RuPay Card
Flat 12% Off on Domestic Flights with RBL Bank Credit Card+Interest Free EMI,"Mon, 30 Jun",https://tse3.mm.bing.net/th?id=OIP.fa599TFk7H-okNneqW6oWQHaEK&pid=Api&P=0&h=180,https://www.ixigo.com/offers/rbl-cc,RBL Bank SalarySe Up RuPay
Flat 12% Off on Domestic Flights with RBL Bank Credit Card+Interest Free EMI,"Mon, 30 Jun",https://tse3.mm.bing.net/th?id=OIP.fa599TFk7H-okNneqW6oWQHaEK&pid=Api&P=0&h=180,https://www.ixigo.com/offers/rbl-cc,RBL Bank Patanjali Vishisht RuPay Card
Flat 12% Off on Domestic Flights with RBL Bank Credit Card+Interest Free EMI,"Mon, 30 Jun",https://tse3.mm.bing.net/th?id=OIP.fa599TFk7H-okNneqW6oWQHaEK&pid=Api&P=0&h=180,https://www.ixigo.com/offers/rbl-cc,IndianOil RBL Bank XTRA MasterCard
Flat 12% Off on Domestic Flights with RBL Bank Credit Card+Interest Free EMI,"Mon, 30 Jun",https://tse3.mm.bing.net/th?id=OIP.fa599TFk7H-okNneqW6oWQHaEK&pid=Api&P=0&h=180,https://www.ixigo.com/offers/rbl-cc,RBL Bank Patanjali Swarn RuPay Card
Flat 12% Off on Domestic Flights with RBL Bank Credit Card+Interest Free EMI,"Mon, 30 Jun",https://tse3.mm.bing.net/th?id=OIP.fa599TFk7H-okNneqW6oWQHaEK&pid=Api&P=0&h=180,https://www.ixigo.com/offers/rbl-cc,RBL Bank Movies and More
Flat 12% Off on Domestic Flights with RBL Bank Credit Card+Interest Free EMI,"Mon, 30 Jun",https://tse3.mm.bing.net/th?id=OIP.fa599TFk7H-okNneqW6oWQHaEK&pid=Api&P=0&h=180,https://www.ixigo.com/offers/rbl-cc,RBL Bank Shoprite
Flat 12% Off on Domestic Flights with RBL Bank Credit Card+Interest Free EMI,"Mon, 30 Jun",https://tse3.mm.bing.net/th?id=OIP.fa599TFk7H-okNneqW6oWQHaEK&pid=Api&P=0&h=180,https://www.ixigo.com/offers/rbl-cc,RBL Bank Play
Flat 12% Off on Domestic Flights with RBL Bank Credit Card+Interest Free EMI,"Mon, 30 Jun",https://tse3.mm.bing.net/th?id=OIP.fa599TFk7H-okNneqW6oWQHaEK&pid=Api&P=0&h=180,https://www.ixigo.com/offers/rbl-cc,RBL Bank Platinum Delight
Flat 12% Off on Domestic Flights with RBL Bank Credit Card+Interest Free EMI,"Mon, 30 Jun",https://tse3.mm.bing.net/th?id=OIP.fa599TFk7H-okNneqW6oWQHaEK&pid=Api&P=0&h=180,https://www.ixigo.com/offers/rbl-cc,RBL Bank World Safari
Flat 12% Off on Domestic Flights with RBL Bank Credit Card+Interest Free EMI,"Mon, 30 Jun",https://tse3.mm.bing.net/th?id=OIP.fa599TFk7H-okNneqW6oWQHaEK&pid=Api&P=0&h=180,https://www.ixigo.com/offers/rbl-cc,Bankbazaar Savemax Pro
Flat 12% Off on Domestic Flights with RBL Bank Credit Card+Interest Free EMI,"Mon, 30 Jun",https://tse3.mm.bing.net/th?id=OIP.fa599TFk7H-okNneqW6oWQHaEK&pid=Api&P=0&h=180,https://www.ixigo.com/offers/rbl-cc,RBL Bank Lazy Pay
Flat 12% Off on Domestic Flights with RBL Bank Credit Card+Interest Free EMI,"Mon, 30 Jun",https://tse3.mm.bing.net/th?id=OIP.fa599TFk7H-okNneqW6oWQHaEK&pid=Api&P=0&h=180,https://www.ixigo.com/offers/rbl-cc,MoneyTap Black Card
Flat 12% Off on Domestic Flights with RBL Bank Credit Card+Interest Free EMI,"Mon, 30 Jun",https://tse3.mm.bing.net/th?id=OIP.fa599TFk7H-okNneqW6oWQHaEK&pid=Api&P=0&h=180,https://www.ixigo.com/offers/rbl-cc,Platinum Maxima Plus Card
Flat 12% Off on Domestic Flights with RBL Bank Credit Card+Interest Free EMI,"Mon, 30 Jun",https://tse3.mm.bing.net/th?id=OIP.fa599TFk7H-okNneqW6oWQHaEK&pid=Api&P=0&h=180,https://www.ixigo.com/offers/rbl-cc,RBL Bank MoneyTap
Flat 12% Off on Domestic Flights with RBL Bank Credit Card+Interest Free EMI,"Mon, 30 Jun",https://tse3.mm.bing.net/th?id=OIP.fa599TFk7H-okNneqW6oWQHaEK&pid=Api&P=0&h=180,https://www.ixigo.com/offers/rbl-cc,RBL Bank Icon
Flat 12% Off on Domestic Flights with RBL Bank Credit Card+Interest Free EMI,"Mon, 30 Jun",https://tse3.mm.bing.net/th?id=OIP.fa599TFk7H-okNneqW6oWQHaEK&pid=Api&P=0&h=180,https://www.ixigo.com/offers/rbl-cc,RBL Bank Monthly Treats
Flat 12% Off on Domestic Flights with RBL Bank Credit Card+Interest Free EMI,"Mon, 30 Jun",https://tse3.mm.bing.net/th?id=OIP.fa599TFk7H-okNneqW6oWQHaEK&pid=Api&P=0&h=180,https://www.ixigo.com/offers/rbl-cc,RBL Bank iGlobe
Flat 12% Off on Domestic Flights with RBL Bank Credit Card+Interest Free EMI,"Mon, 30 Jun",https://tse3.mm.bing.net/th?id=OIP.fa599TFk7H-okNneqW6oWQHaEK&pid=Api&P=0&h=180,https://www.ixigo.com/offers/rbl-cc,RBL Bank Paisabazaar Duet Card Plus
Flat 12% Off on Domestic Flights with RBL Bank Credit Card+Interest Free EMI,"Mon, 30 Jun",https://tse3.mm.bing.net/th?id=OIP.fa599TFk7H-okNneqW6oWQHaEK&pid=Api&P=0&h=180,https://www.ixigo.com/offers/rbl-cc,IRCTC RBL Bank RuPay
Flat 12% Off on Domestic Flights with RBL Bank Credit Card+Interest Free EMI,"Mon, 30 Jun",https://tse3.mm.bing.net/th?id=OIP.fa599TFk7H-okNneqW6oWQHaEK&pid=Api&P=0&h=180,https://www.ixigo.com/offers/rbl-cc,RBL Bank Cookie
Flat 12% Off on Domestic Flights with RBL Bank Credit Card+Interest Free EMI,"Mon, 30 Jun",https://tse3.mm.bing.net/th?id=OIP.fa599TFk7H-okNneqW6oWQHaEK&pid=Api&P=0&h=180,https://www.ixigo.com/offers/rbl-cc,IndianOil RBL Bank RuPay
Flat 12% Off on Domestic Flights with RBL Bank Credit Card+Interest Free EMI,"Mon, 30 Jun",https://tse3.mm.bing.net/th?id=OIP.fa599TFk7H-okNneqW6oWQHaEK&pid=Api&P=0&h=180,https://www.ixigo.com/offers/rbl-cc,IndianOil RBL Bank XTRA RuPay
Flat 12% Off on Domestic Flights with RBL Bank Credit Card+Interest Free EMI,"Mon, 30 Jun",https://tse3.mm.bing.net/th?id=OIP.fa599TFk7H-okNneqW6oWQHaEK&pid=Api&P=0&h=180,https://www.ixigo.com/offers/rbl-cc,BankBazaar SaveMax
Flat 12% Off on Domestic Flights with RBL Bank Credit Card+Interest Free EMI,"Mon, 30 Jun",https://tse3.mm.bing.net/th?id=OIP.fa599TFk7H-okNneqW6oWQHaEK&pid=Api&P=0&h=180,https://www.ixigo.com/offers/rbl-cc,RBL Bank Platinum Maxima
Flat 12% Off on Domestic Flights with RBL Bank Credit Card+Interest Free EMI,"Mon, 30 Jun",https://tse3.mm.bing.net/th?id=OIP.fa599TFk7H-okNneqW6oWQHaEK&pid=Api&P=0&h=180,https://www.ixigo.com/offers/rbl-cc,RBL Bank VCard
Flat 12% Off on Domestic Flights with RBL Bank Credit Card+Interest Free EMI,"Mon, 30 Jun",https://tse3.mm.bing.net/th?id=OIP.fa599TFk7H-okNneqW6oWQHaEK&pid=Api&P=0&h=180,https://www.ixigo.com/offers/rbl-cc,Insignia Preferred Banking Card
Flat 12% Off on Domestic Flights with RBL Bank Credit Card+Interest Free EMI,"Mon, 30 Jun",https://tse3.mm.bing.net/th?id=OIP.fa599TFk7H-okNneqW6oWQHaEK&pid=Api&P=0&h=180,https://www.ixigo.com/offers/rbl-cc,Mo Cash
Flat 12% Off on Domestic Flights with RBL Bank Credit Card+Interest Free EMI,"Mon, 30 Jun",https://tse3.mm.bing.net/th?id=OIP.fa599TFk7H-okNneqW6oWQHaEK&pid=Api&P=0&h=180,https://www.ixigo.com/offers/rbl-cc,RBL Bank Paisabazaar Duet Card
Get Flat 10% Off On International Flights with AU Bank Credit Cards,,https://tse3.mm.bing.net/th?id=OIP.fa599TFk7H-okNneqW6oWQHaEK&pid=Api&P=0&h=180,https://www.ixigo.com/offers/au-int,AU Small Finance Bank Altura
Get Flat 10% Off On International Flights with AU Bank Credit Cards,,https://tse3.mm.bing.net/th?id=OIP.fa599TFk7H-okNneqW6oWQHaEK&pid=Api&P=0&h=180,https://www.ixigo.com/offers/au-int,AU Bank Zenith+
Get Flat 10% Off On International Flights with AU Bank Credit Cards,,https://tse3.mm.bing.net/th?id=OIP.fa599TFk7H-okNneqW6oWQHaEK&pid=Api&P=0&h=180,https://www.ixigo.com/offers/au-int,Au Small Finance Bank Vetta
Get Flat 10% Off On International Flights with AU Bank Credit Cards,,https://tse3.mm.bing.net/th?id=OIP.fa599TFk7H-okNneqW6oWQHaEK&pid=Api&P=0&h=180,https://www.ixigo.com/offers/au-int,AU Bank InstaPay
Get Flat 10% Off On International Flights with AU Bank Credit Cards,,https://tse3.mm.bing.net/th?id=OIP.fa599TFk7H-okNneqW6oWQHaEK&pid=Api&P=0&h=180,https://www.ixigo.com/offers/au-int,AU Small Finance Bank Altura Plus
Get Flat 10% Off On International Flights with AU Bank Credit Cards,,https://tse3.mm.bing.net/th?id=OIP.fa599TFk7H-okNneqW6oWQHaEK&pid=Api&P=0&h=180,https://www.ixigo.com/offers/au-int,AU Small Finance Bank Zenith
Get Flat 10% Off On International Flights with AU Bank Credit Cards,,https://tse3.mm.bing.net/th?id=OIP.fa599TFk7H-okNneqW6oWQHaEK&pid=Api&P=0&h=180,https://www.ixigo.com/offers/au-int,AU Small Finance Bank ixigo
Get Flat 10% Off On International Flights with AU Bank Credit Cards,,https://tse3.mm.bing.net/th?id=OIP.fa599TFk7H-okNneqW6oWQHaEK&pid=Api&P=0&h=180,https://www.ixigo.com/offers/au-int,AU Small Finance Bank LIT
Flat 10% Off on International Flights with Federal Bank Credit Card+Interest Free EMI,"Mon, 30 Jun",https://tse3.mm.bing.net/th?id=OIP.fa599TFk7H-okNneqW6oWQHaEK&pid=Api&P=0&h=180,https://www.ixigo.com/offers/IXFEDERALEMIN-INT,Fed StarBiz RuPay
Flat 10% Off on International Flights with Federal Bank Credit Card+Interest Free EMI,"Mon, 30 Jun",https://tse3.mm.bing.net/th?id=OIP.fa599TFk7H-okNneqW6oWQHaEK&pid=Api&P=0&h=180,https://www.ixigo.com/offers/IXFEDERALEMIN-INT,Federal Bank Mastercard Signet
Flat 10% Off on International Flights with Federal Bank Credit Card+Interest Free EMI,"Mon, 30 Jun",https://tse3.mm.bing.net/th?id=OIP.fa599TFk7H-okNneqW6oWQHaEK&pid=Api&P=0&h=180,https://www.ixigo.com/offers/IXFEDERALEMIN-INT,Federal Bank MagniFi
Flat 10% Off on International Flights with Federal Bank Credit Card+Interest Free EMI,"Mon, 30 Jun",https://tse3.mm.bing.net/th?id=OIP.fa599TFk7H-okNneqW6oWQHaEK&pid=Api&P=0&h=180,https://www.ixigo.com/offers/IXFEDERALEMIN-INT,Federal Bank AmpliFi
Flat 10% Off on International Flights with Federal Bank Credit Card+Interest Free EMI,"Mon, 30 Jun",https://tse3.mm.bing.net/th?id=OIP.fa599TFk7H-okNneqW6oWQHaEK&pid=Api&P=0&h=180,https://www.ixigo.com/offers/IXFEDERALEMIN-INT,Federal Bank Wave
Flat 10% Off on International Flights with Federal Bank Credit Card+Interest Free EMI,"Mon, 30 Jun",https://tse3.mm.bing.net/th?id=OIP.fa599TFk7H-okNneqW6oWQHaEK&pid=Api&P=0&h=180,https://www.ixigo.com/offers/IXFEDERALEMIN-INT,Federal Bank Rupay Signet
Flat 10% Off on International Flights with Federal Bank Credit Card+Interest Free EMI,"Mon, 30 Jun",https://tse3.mm.bing.net/th?id=OIP.fa599TFk7H-okNneqW6oWQHaEK&pid=Api&P=0&h=180,https://www.ixigo.com/offers/IXFEDERALEMIN-INT,Federal Bank Scapia
Flat 10% Off on International Flights with Federal Bank Credit Card+Interest Free EMI,"Mon, 30 Jun",https://tse3.mm.bing.net/th?id=OIP.fa599TFk7H-okNneqW6oWQHaEK&pid=Api&P=0&h=180,https://www.ixigo.com/offers/IXFEDERALEMIN-INT,Federal Bank Visa Celesta
Flat 10% Off on International Flights with Federal Bank Credit Card+Interest Free EMI,"Mon, 30 Jun",https://tse3.mm.bing.net/th?id=OIP.fa599TFk7H-okNneqW6oWQHaEK&pid=Api&P=0&h=180,https://www.ixigo.com/offers/IXFEDERALEMIN-INT,Federal Bank Visa Imperio
Get Flat 8% Off on International Flights with IDFC Bank Credit Card+Interest Free EMI,"Mon, 30 Jun",https://tse3.mm.bing.net/th?id=OIP.fa599TFk7H-okNneqW6oWQHaEK&pid=Api&P=0&h=180,https://www.ixigo.com/offers/idfc-intl-flight,IDFC Bank First Millennia
Get Flat 8% Off on International Flights with IDFC Bank Credit Card+Interest Free EMI,"Mon, 30 Jun",https://tse3.mm.bing.net/th?id=OIP.fa599TFk7H-okNneqW6oWQHaEK&pid=Api&P=0&h=180,https://www.ixigo.com/offers/idfc-intl-flight,IDFC First Power RuPay
Get Flat 8% Off on International Flights with IDFC Bank Credit Card+Interest Free EMI,"Mon, 30 Jun",https://tse3.mm.bing.net/th?id=OIP.fa599TFk7H-okNneqW6oWQHaEK&pid=Api&P=0&h=180,https://www.ixigo.com/offers/idfc-intl-flight,IDFC First Select
Get Flat 8% Off on International Flights with IDFC Bank Credit Card+Interest Free EMI,"Mon, 30 Jun",https://tse3.mm.bing.net/th?id=OIP.fa599TFk7H-okNneqW6oWQHaEK&pid=Api&P=0&h=180,https://www.ixigo.com/offers/idfc-intl-flight,IDFC Bank First Classic
Get Flat 8% Off on International Flights with IDFC Bank Credit Card+Interest Free EMI,"Mon, 30 Jun",https://tse3.mm.bing.net/th?id=OIP.fa599TFk7H-okNneqW6oWQHaEK&pid=Api&P=0&h=180,https://www.ixigo.com/offers/idfc-intl-flight,FIRST EARN RuPay
Get Flat 8% Off on International Flights with IDFC Bank Credit Card+Interest Free EMI,"Mon, 30 Jun",https://tse3.mm.bing.net/th?id=OIP.fa599TFk7H-okNneqW6oWQHaEK&pid=Api&P=0&h=180,https://www.ixigo.com/offers/idfc-intl-flight,IDFC First Power+ RuPay
Get Flat 8% Off on International Flights with IDFC Bank Credit Card+Interest Free EMI,"Mon, 30 Jun",https://tse3.mm.bing.net/th?id=OIP.fa599TFk7H-okNneqW6oWQHaEK&pid=Api&P=0&h=180,https://www.ixigo.com/offers/idfc-intl-flight,IDFC FIRST SWYP
Get Flat 8% Off on International Flights with IDFC Bank Credit Card+Interest Free EMI,"Mon, 30 Jun",https://tse3.mm.bing.net/th?id=OIP.fa599TFk7H-okNneqW6oWQHaEK&pid=Api&P=0&h=180,https://www.ixigo.com/offers/idfc-intl-flight,IDFC Bank IDFC First Wealth
Get Flat 8% Off on International Flights with IDFC Bank Credit Card+Interest Free EMI,"Mon, 30 Jun",https://tse3.mm.bing.net/th?id=OIP.fa599TFk7H-okNneqW6oWQHaEK&pid=Api&P=0&h=180,https://www.ixigo.com/offers/idfc-intl-flight,Mayura
Get Flat 8% Off on International Flights with IDFC Bank Credit Card+Interest Free EMI,"Mon, 30 Jun",https://tse3.mm.bing.net/th?id=OIP.fa599TFk7H-okNneqW6oWQHaEK&pid=Api&P=0&h=180,https://www.ixigo.com/offers/idfc-intl-flight,IDFC First Bank First Private
Get Flat 8% Off on International Flights with IDFC Bank Credit Card+Interest Free EMI,"Mon, 30 Jun",https://tse3.mm.bing.net/th?id=OIP.fa599TFk7H-okNneqW6oWQHaEK&pid=Api&P=0&h=180,https://www.ixigo.com/offers/idfc-intl-flight,Ashva
Get Flat 8% Off on International Flights with IDFC Bank Credit Card+Interest Free EMI,"Mon, 30 Jun",https://tse3.mm.bing.net/th?id=OIP.fa599TFk7H-okNneqW6oWQHaEK&pid=Api&P=0&h=180,https://www.ixigo.com/offers/idfc-intl-flight,IDFC First Bank First Wow
Get Flat 15% Off On Domestic Flights with AU Bank Credit Card EMI,"Mon, 30 Jun",https://tse3.mm.bing.net/th?id=OIP.fa599TFk7H-okNneqW6oWQHaEK&pid=Api&P=0&h=180,https://www.ixigo.com/offers/au-bank-emi,AU Small Finance Bank Altura
Get Flat 15% Off On Domestic Flights with AU Bank Credit Card EMI,"Mon, 30 Jun",https://tse3.mm.bing.net/th?id=OIP.fa599TFk7H-okNneqW6oWQHaEK&pid=Api&P=0&h=180,https://www.ixigo.com/offers/au-bank-emi,AU Bank Zenith+
Get Flat 15% Off On Domestic Flights with AU Bank Credit Card EMI,"Mon, 30 Jun",https://tse3.mm.bing.net/th?id=OIP.fa599TFk7H-okNneqW6oWQHaEK&pid=Api&P=0&h=180,https://www.ixigo.com/offers/au-bank-emi,Au Small Finance Bank Vetta
Get Flat 15% Off On Domestic Flights with AU Bank Credit Card EMI,"Mon, 30 Jun",https://tse3.mm.bing.net/th?id=OIP.fa599TFk7H-okNneqW6oWQHaEK&pid=Api&P=0&h=180,https://www.ixigo.com/offers/au-bank-emi,AU Bank InstaPay
Get Flat 15% Off On Domestic Flights with AU Bank Credit Card EMI,"Mon, 30 Jun",https://tse3.mm.bing.net/th?id=OIP.fa599TFk7H-okNneqW6oWQHaEK&pid=Api&P=0&h=180,https://www.ixigo.com/offers/au-bank-emi,AU Small Finance Bank Altura Plus
Get Flat 15% Off On Domestic Flights with AU Bank Credit Card EMI,"Mon, 30 Jun",https://tse3.mm.bing.net/th?id=OIP.fa599TFk7H-okNneqW6oWQHaEK&pid=Api&P=0&h=180,https://www.ixigo.com/offers/au-bank-emi,AU Small Finance Bank Zenith
Get Flat 15% Off On Domestic Flights with AU Bank Credit Card EMI,"Mon, 30 Jun",https://tse3.mm.bing.net/th?id=OIP.fa599TFk7H-okNneqW6oWQHaEK&pid=Api&P=0&h=180,https://www.ixigo.com/offers/au-bank-emi,AU Small Finance Bank ixigo
Get Flat 15% Off On Domestic Flights with AU Bank Credit Card EMI,"Mon, 30 Jun",https://tse3.mm.bing.net/th?id=OIP.fa599TFk7H-okNneqW6oWQHaEK&pid=Api&P=0&h=180,https://www.ixigo.com/offers/au-bank-emi,AU Small Finance Bank LIT
"Up to Rs. 2,000 Off on Domestic Flights with HDFC Bank Debit/Credit Card + Interest Free EMI",,https://tse3.mm.bing.net/th?id=OIP.fa599TFk7H-okNneqW6oWQHaEK&pid=Api&P=0&h=180,https://www.ixigo.com/offers/flight-hdfc-dom-emi,HDFC Bank MoneyBack Plus RuPay
"Up to Rs. 2,000 Off on Domestic Flights with HDFC Bank Debit/Credit Card + Interest Free EMI",,https://tse3.mm.bing.net/th?id=OIP.fa599TFk7H-okNneqW6oWQHaEK&pid=Api&P=0&h=180,https://www.ixigo.com/offers/flight-hdfc-dom-emi,HDFC Bank Biz Power Visa
"Up to Rs. 2,000 Off on Domestic Flights with HDFC Bank Debit/Credit Card + Interest Free EMI",,https://tse3.mm.bing.net/th?id=OIP.fa599TFk7H-okNneqW6oWQHaEK&pid=Api&P=0&h=180,https://www.ixigo.com/offers/flight-hdfc-dom-emi,HDFC Bank Biz Power RuPay
"Up to Rs. 2,000 Off on Domestic Flights with HDFC Bank Debit/Credit Card + Interest Free EMI",,https://tse3.mm.bing.net/th?id=OIP.fa599TFk7H-okNneqW6oWQHaEK&pid=Api&P=0&h=180,https://www.ixigo.com/offers/flight-hdfc-dom-emi,HDFC Bank Biz Grow RuPay
"Up to Rs. 2,000 Off on Domestic Flights with HDFC Bank Debit/Credit Card + Interest Free EMI",,https://tse3.mm.bing.net/th?id=OIP.fa599TFk7H-okNneqW6oWQHaEK&pid=Api&P=0&h=180,https://www.ixigo.com/offers/flight-hdfc-dom-emi,HDFC Pixel Go RuPay
"Up to Rs. 2,000 Off on Domestic Flights with HDFC Bank Debit/Credit Card + Interest Free EMI",,https://tse3.mm.bing.net/th?id=OIP.fa599TFk7H-okNneqW6oWQHaEK&pid=Api&P=0&h=180,https://www.ixigo.com/offers/flight-hdfc-dom-emi,Tata Neu Plus HDFC Bank Visa
"Up to Rs. 2,000 Off on Domestic Flights with HDFC Bank Debit/Credit Card + Interest Free EMI",,https://tse3.mm.bing.net/th?id=OIP.fa599TFk7H-okNneqW6oWQHaEK&pid=Api&P=0&h=180,https://www.ixigo.com/offers/flight-hdfc-dom-emi,Tata Neu Infinity HDFC Bank RuPay
"Up to Rs. 2,000 Off on Domestic Flights with HDFC Bank Debit/Credit Card + Interest Free EMI",,https://tse3.mm.bing.net/th?id=OIP.fa599TFk7H-okNneqW6oWQHaEK&pid=Api&P=0&h=180,https://www.ixigo.com/offers/flight-hdfc-dom-emi,IndianOil HDFC Bank RuPay
"Up to Rs. 2,000 Off on Domestic Flights with HDFC Bank Debit/Credit Card + Interest Free EMI",,https://tse3.mm.bing.net/th?id=OIP.fa599TFk7H-okNneqW6oWQHaEK&pid=Api&P=0&h=180,https://www.ixigo.com/offers/flight-hdfc-dom-emi,HDFC Regalia Gold
"Up to Rs. 2,000 Off on Domestic Flights with HDFC Bank Debit/Credit Card + Interest Free EMI",,https://tse3.mm.bing.net/th?id=OIP.fa599TFk7H-okNneqW6oWQHaEK&pid=Api&P=0&h=180,https://www.ixigo.com/offers/flight-hdfc-dom-emi,HDFC Swiggy
"Up to Rs. 2,000 Off on Domestic Flights with HDFC Bank Debit/Credit Card + Interest Free EMI",,https://tse3.mm.bing.net/th?id=OIP.fa599TFk7H-okNneqW6oWQHaEK&pid=Api&P=0&h=180,https://www.ixigo.com/offers/flight-hdfc-dom-emi,HDFC Bank Harley-Davidson Diners Club
"Up to Rs. 2,000 Off on Domestic Flights with HDFC Bank Debit/Credit Card + Interest Free EMI",,https://tse3.mm.bing.net/th?id=OIP.fa599TFk7H-okNneqW6oWQHaEK&pid=Api&P=0&h=180,https://www.ixigo.com/offers/flight-hdfc-dom-emi,??
"Up to Rs. 2,000 Off on Domestic Flights with HDFC Bank Debit/Credit Card + Interest Free EMI",,https://tse3.mm.bing.net/th?id=OIP.fa599TFk7H-okNneqW6oWQHaEK&pid=Api&P=0&h=180,https://www.ixigo.com/offers/flight-hdfc-dom-emi,Tata Neu Infinity HDFC Bank Visa
"Up to Rs. 2,000 Off on Domestic Flights with HDFC Bank Debit/Credit Card + Interest Free EMI",,https://tse3.mm.bing.net/th?id=OIP.fa599TFk7H-okNneqW6oWQHaEK&pid=Api&P=0&h=180,https://www.ixigo.com/offers/flight-hdfc-dom-emi,HDFC H.O.G. Diners Club
"Up to Rs. 2,000 Off on Domestic Flights with HDFC Bank Debit/Credit Card + Interest Free EMI",,https://tse3.mm.bing.net/th?id=OIP.fa599TFk7H-okNneqW6oWQHaEK&pid=Api&P=0&h=180,https://www.ixigo.com/offers/flight-hdfc-dom-emi,InterMiles HDFC Bank Platinum
"Up to Rs. 2,000 Off on Domestic Flights with HDFC Bank Debit/Credit Card + Interest Free EMI",,https://tse3.mm.bing.net/th?id=OIP.fa599TFk7H-okNneqW6oWQHaEK&pid=Api&P=0&h=180,https://www.ixigo.com/offers/flight-hdfc-dom-emi,HDFC Bank Business Regalia First
"Up to Rs. 2,000 Off on Domestic Flights with HDFC Bank Debit/Credit Card + Interest Free EMI",,https://tse3.mm.bing.net/th?id=OIP.fa599TFk7H-okNneqW6oWQHaEK&pid=Api&P=0&h=180,https://www.ixigo.com/offers/flight-hdfc-dom-emi,Flipkart Wholesale HDFC Bank
"Up to Rs. 2,000 Off on Domestic Flights with HDFC Bank Debit/Credit Card + Interest Free EMI",,https://tse3.mm.bing.net/th?id=OIP.fa599TFk7H-okNneqW6oWQHaEK&pid=Api&P=0&h=180,https://www.ixigo.com/offers/flight-hdfc-dom-emi,Paytm HDFC Bank Business
"Up to Rs. 2,000 Off on Domestic Flights with HDFC Bank Debit/Credit Card + Interest Free EMI",,https://tse3.mm.bing.net/th?id=OIP.fa599TFk7H-okNneqW6oWQHaEK&pid=Api&P=0&h=180,https://www.ixigo.com/offers/flight-hdfc-dom-emi,HDFC CSC Small Business MoneyBack
"Up to Rs. 2,000 Off on Domestic Flights with HDFC Bank Debit/Credit Card + Interest Free EMI",,https://tse3.mm.bing.net/th?id=OIP.fa599TFk7H-okNneqW6oWQHaEK&pid=Api&P=0&h=180,https://www.ixigo.com/offers/flight-hdfc-dom-emi,Millennia
"Up to Rs. 2,000 Off on Domestic Flights with HDFC Bank Debit/Credit Card + Interest Free EMI",,https://tse3.mm.bing.net/th?id=OIP.fa599TFk7H-okNneqW6oWQHaEK&pid=Api&P=0&h=180,https://www.ixigo.com/offers/flight-hdfc-dom-emi,MoneyBack
"Up to Rs. 2,000 Off on Domestic Flights with HDFC Bank Debit/Credit Card + Interest Free EMI",,https://tse3.mm.bing.net/th?id=OIP.fa599TFk7H-okNneqW6oWQHaEK&pid=Api&P=0&h=180,https://www.ixigo.com/offers/flight-hdfc-dom-emi,All Miles
"Up to Rs. 2,000 Off on Domestic Flights with HDFC Bank Debit/Credit Card + Interest Free EMI",,https://tse3.mm.bing.net/th?id=OIP.fa599TFk7H-okNneqW6oWQHaEK&pid=Api&P=0&h=180,https://www.ixigo.com/offers/flight-hdfc-dom-emi,World MasterCard
"Up to Rs. 2,000 Off on Domestic Flights with HDFC Bank Debit/Credit Card + Interest Free EMI",,https://tse3.mm.bing.net/th?id=OIP.fa599TFk7H-okNneqW6oWQHaEK&pid=Api&P=0&h=180,https://www.ixigo.com/offers/flight-hdfc-dom-emi,HDFC Diners Club Black
"Up to Rs. 2,000 Off on Domestic Flights with HDFC Bank Debit/Credit Card + Interest Free EMI",,https://tse3.mm.bing.net/th?id=OIP.fa599TFk7H-okNneqW6oWQHaEK&pid=Api&P=0&h=180,https://www.ixigo.com/offers/flight-hdfc-dom-emi,Marriott Bonvoy HDFC
"Up to Rs. 2,000 Off on Domestic Flights with HDFC Bank Debit/Credit Card + Interest Free EMI",,https://tse3.mm.bing.net/th?id=OIP.fa599TFk7H-okNneqW6oWQHaEK&pid=Api&P=0&h=180,https://www.ixigo.com/offers/flight-hdfc-dom-emi,HDFC Bank Biz Grow Visa
"Up to Rs. 2,000 Off on Domestic Flights with HDFC Bank Debit/Credit Card + Interest Free EMI",,https://tse3.mm.bing.net/th?id=OIP.fa599TFk7H-okNneqW6oWQHaEK&pid=Api&P=0&h=180,https://www.ixigo.com/offers/flight-hdfc-dom-emi,HDFC Biz Black Metal Edition
"Up to Rs. 2,000 Off on Domestic Flights with HDFC Bank Debit/Credit Card + Interest Free EMI",,https://tse3.mm.bing.net/th?id=OIP.fa599TFk7H-okNneqW6oWQHaEK&pid=Api&P=0&h=180,https://www.ixigo.com/offers/flight-hdfc-dom-emi,Freedom
"Up to Rs. 2,000 Off on Domestic Flights with HDFC Bank Debit/Credit Card + Interest Free EMI",,https://tse3.mm.bing.net/th?id=OIP.fa599TFk7H-okNneqW6oWQHaEK&pid=Api&P=0&h=180,https://www.ixigo.com/offers/flight-hdfc-dom-emi,InterMiles HDFC Bank Diners Club
"Up to Rs. 2,000 Off on Domestic Flights with HDFC Bank Debit/Credit Card + Interest Free EMI",,https://tse3.mm.bing.net/th?id=OIP.fa599TFk7H-okNneqW6oWQHaEK&pid=Api&P=0&h=180,https://www.ixigo.com/offers/flight-hdfc-dom-emi,HDFC Pixel Go Visa
"Up to Rs. 2,000 Off on Domestic Flights with HDFC Bank Debit/Credit Card + Interest Free EMI",,https://tse3.mm.bing.net/th?id=OIP.fa599TFk7H-okNneqW6oWQHaEK&pid=Api&P=0&h=180,https://www.ixigo.com/offers/flight-hdfc-dom-emi,6E Rewards - IndiGo HDFC Bank
"Up to Rs. 2,000 Off on Domestic Flights with HDFC Bank Debit/Credit Card + Interest Free EMI",,https://tse3.mm.bing.net/th?id=OIP.fa599TFk7H-okNneqW6oWQHaEK&pid=Api&P=0&h=180,https://www.ixigo.com/offers/flight-hdfc-dom-emi,HDFC Bank MoneyBack Plus Visa
"Up to Rs. 2,000 Off on Domestic Flights with HDFC Bank Debit/Credit Card + Interest Free EMI",,https://tse3.mm.bing.net/th?id=OIP.fa599TFk7H-okNneqW6oWQHaEK&pid=Api&P=0&h=180,https://www.ixigo.com/offers/flight-hdfc-dom-emi,Shoppers Stop BLACK HDFC Bank
"Up to Rs. 2,000 Off on Domestic Flights with HDFC Bank Debit/Credit Card + Interest Free EMI",,https://tse3.mm.bing.net/th?id=OIP.fa599TFk7H-okNneqW6oWQHaEK&pid=Api&P=0&h=180,https://www.ixigo.com/offers/flight-hdfc-dom-emi,6E Rewards XL - IndiGo HDFC Bank
"Up to Rs. 2,000 Off on Domestic Flights with HDFC Bank Debit/Credit Card + Interest Free EMI",,https://tse3.mm.bing.net/th?id=OIP.fa599TFk7H-okNneqW6oWQHaEK&pid=Api&P=0&h=180,https://www.ixigo.com/offers/flight-hdfc-dom-emi,HDFC Bank UPI RuPay Biz
"Up to Rs. 2,000 Off on Domestic Flights with HDFC Bank Debit/Credit Card + Interest Free EMI",,https://tse3.mm.bing.net/th?id=OIP.fa599TFk7H-okNneqW6oWQHaEK&pid=Api&P=0&h=180,https://www.ixigo.com/offers/flight-hdfc-dom-emi,InterMiles HDFC Bank Signature
"Up to Rs. 2,000 Off on Domestic Flights with HDFC Bank Debit/Credit Card + Interest Free EMI",,https://tse3.mm.bing.net/th?id=OIP.fa599TFk7H-okNneqW6oWQHaEK&pid=Api&P=0&h=180,https://www.ixigo.com/offers/flight-hdfc-dom-emi,Diners Club Privilege
"Up to Rs. 2,000 Off on Domestic Flights with HDFC Bank Debit/Credit Card + Interest Free EMI",,https://tse3.mm.bing.net/th?id=OIP.fa599TFk7H-okNneqW6oWQHaEK&pid=Api&P=0&h=180,https://www.ixigo.com/offers/flight-hdfc-dom-emi,HDFC Bank Biz First
"Up to Rs. 2,000 Off on Domestic Flights with HDFC Bank Debit/Credit Card + Interest Free EMI",,https://tse3.mm.bing.net/th?id=OIP.fa599TFk7H-okNneqW6oWQHaEK&pid=Api&P=0&h=180,https://www.ixigo.com/offers/flight-hdfc-dom-emi,HDFC Bank Times Card Credit Platinum
"Up to Rs. 2,000 Off on Domestic Flights with HDFC Bank Debit/Credit Card + Interest Free EMI",,https://tse3.mm.bing.net/th?id=OIP.fa599TFk7H-okNneqW6oWQHaEK&pid=Api&P=0&h=180,https://www.ixigo.com/offers/flight-hdfc-dom-emi,IndianOil HDFC Bank Visa
"Up to Rs. 2,000 Off on Domestic Flights with HDFC Bank Debit/Credit Card + Interest Free EMI",,https://tse3.mm.bing.net/th?id=OIP.fa599TFk7H-okNneqW6oWQHaEK&pid=Api&P=0&h=180,https://www.ixigo.com/offers/flight-hdfc-dom-emi,IRCTC HDFC Bank
"Up to Rs. 2,000 Off on Domestic Flights with HDFC Bank Debit/Credit Card + Interest Free EMI",,https://tse3.mm.bing.net/th?id=OIP.fa599TFk7H-okNneqW6oWQHaEK&pid=Api&P=0&h=180,https://www.ixigo.com/offers/flight-hdfc-dom-emi,Business Gold
"Up to Rs. 2,000 Off on Domestic Flights with HDFC Bank Debit/Credit Card + Interest Free EMI",,https://tse3.mm.bing.net/th?id=OIP.fa599TFk7H-okNneqW6oWQHaEK&pid=Api&P=0&h=180,https://www.ixigo.com/offers/flight-hdfc-dom-emi,HDFC Bank Titanium Times Card
"Up to Rs. 2,000 Off on Domestic Flights with HDFC Bank Debit/Credit Card + Interest Free EMI",,https://tse3.mm.bing.net/th?id=OIP.fa599TFk7H-okNneqW6oWQHaEK&pid=Api&P=0&h=180,https://www.ixigo.com/offers/flight-hdfc-dom-emi,Shoppers Stop HDFC Bank RuPay
"Up to Rs. 2,000 Off on Domestic Flights with HDFC Bank Debit/Credit Card + Interest Free EMI",,https://tse3.mm.bing.net/th?id=OIP.fa599TFk7H-okNneqW6oWQHaEK&pid=Api&P=0&h=180,https://www.ixigo.com/offers/flight-hdfc-dom-emi,Tata Neu Plus HDFC Bank RuPay
"Up to Rs. 2,000 Off on Domestic Flights with HDFC Bank Debit/Credit Card + Interest Free EMI",,https://tse3.mm.bing.net/th?id=OIP.fa599TFk7H-okNneqW6oWQHaEK&pid=Api&P=0&h=180,https://www.ixigo.com/offers/flight-hdfc-dom-emi,HDFC Bank Infinia
"Up to Rs. 2,000 Off on Domestic Flights with HDFC Bank Debit/Credit Card + Interest Free EMI",,https://tse3.mm.bing.net/th?id=OIP.fa599TFk7H-okNneqW6oWQHaEK&pid=Api&P=0&h=180,https://www.ixigo.com/offers/flight-hdfc-dom-emi,Metal Edition
"Up to Rs. 2,000 Off on Domestic Flights with HDFC Bank Debit/Credit Card + Interest Free EMI",,https://tse3.mm.bing.net/th?id=OIP.fa599TFk7H-okNneqW6oWQHaEK&pid=Api&P=0&h=180,https://www.ixigo.com/offers/flight-hdfc-dom-emi,HDFC Bharat
"Up to Rs. 2,000 Off on Domestic Flights with HDFC Bank Debit/Credit Card + Interest Free EMI",,https://tse3.mm.bing.net/th?id=OIP.fa599TFk7H-okNneqW6oWQHaEK&pid=Api&P=0&h=180,https://www.ixigo.com/offers/flight-hdfc-dom-emi,Easy EMI Card
"Up to Rs. 2,000 Off on Domestic Flights with HDFC Bank Debit/Credit Card + Interest Free EMI",,https://tse3.mm.bing.net/th?id=OIP.fa599TFk7H-okNneqW6oWQHaEK&pid=Api&P=0&h=180,https://www.ixigo.com/offers/flight-hdfc-dom-emi,HDFC UPI RuPay
"Up to Rs. 2,000 Off on Domestic Flights with HDFC Bank Debit/Credit Card + Interest Free EMI",,https://tse3.mm.bing.net/th?id=OIP.fa599TFk7H-okNneqW6oWQHaEK&pid=Api&P=0&h=180,https://www.ixigo.com/offers/flight-hdfc-dom-emi,HDFC Pixel Play
"Up to Rs. 2,000 Off on Domestic Flights with HDFC Bank Debit/Credit Card + Interest Free EMI",,https://tse3.mm.bing.net/th?id=OIP.fa599TFk7H-okNneqW6oWQHaEK&pid=Api&P=0&h=180,https://www.ixigo.com/offers/flight-hdfc-dom-emi,Paytm HDFC Bank Select Business
"Up to Rs. 7,500 Off on International Flights with HDFC Bank Debit/Credit Card + Interest Free EMI",,https://tse3.mm.bing.net/th?id=OIP.fa599TFk7H-okNneqW6oWQHaEK&pid=Api&P=0&h=180,https://www.ixigo.com/offers/flight-hdfc-int-emi,HDFC Bank MoneyBack Plus RuPay
"Up to Rs. 7,500 Off on International Flights with HDFC Bank Debit/Credit Card + Interest Free EMI",,https://tse3.mm.bing.net/th?id=OIP.fa599TFk7H-okNneqW6oWQHaEK&pid=Api&P=0&h=180,https://www.ixigo.com/offers/flight-hdfc-int-emi,HDFC Bank Biz Power Visa
"Up to Rs. 7,500 Off on International Flights with HDFC Bank Debit/Credit Card + Interest Free EMI",,https://tse3.mm.bing.net/th?id=OIP.fa599TFk7H-okNneqW6oWQHaEK&pid=Api&P=0&h=180,https://www.ixigo.com/offers/flight-hdfc-int-emi,HDFC Bank Biz Power RuPay
"Up to Rs. 7,500 Off on International Flights with HDFC Bank Debit/Credit Card + Interest Free EMI",,https://tse3.mm.bing.net/th?id=OIP.fa599TFk7H-okNneqW6oWQHaEK&pid=Api&P=0&h=180,https://www.ixigo.com/offers/flight-hdfc-int-emi,HDFC Bank Biz Grow RuPay
"Up to Rs. 7,500 Off on International Flights with HDFC Bank Debit/Credit Card + Interest Free EMI",,https://tse3.mm.bing.net/th?id=OIP.fa599TFk7H-okNneqW6oWQHaEK&pid=Api&P=0&h=180,https://www.ixigo.com/offers/flight-hdfc-int-emi,HDFC Pixel Go RuPay
"Up to Rs. 7,500 Off on International Flights with HDFC Bank Debit/Credit Card + Interest Free EMI",,https://tse3.mm.bing.net/th?id=OIP.fa599TFk7H-okNneqW6oWQHaEK&pid=Api&P=0&h=180,https://www.ixigo.com/offers/flight-hdfc-int-emi,Tata Neu Plus HDFC Bank Visa
"Up to Rs. 7,500 Off on International Flights with HDFC Bank Debit/Credit Card + Interest Free EMI",,https://tse3.mm.bing.net/th?id=OIP.fa599TFk7H-okNneqW6oWQHaEK&pid=Api&P=0&h=180,https://www.ixigo.com/offers/flight-hdfc-int-emi,Tata Neu Infinity HDFC Bank RuPay
"Up to Rs. 7,500 Off on International Flights with HDFC Bank Debit/Credit Card + Interest Free EMI",,https://tse3.mm.bing.net/th?id=OIP.fa599TFk7H-okNneqW6oWQHaEK&pid=Api&P=0&h=180,https://www.ixigo.com/offers/flight-hdfc-int-emi,IndianOil HDFC Bank RuPay
"Up to Rs. 7,500 Off on International Flights with HDFC Bank Debit/Credit Card + Interest Free EMI",,https://tse3.mm.bing.net/th?id=OIP.fa599TFk7H-okNneqW6oWQHaEK&pid=Api&P=0&h=180,https://www.ixigo.com/offers/flight-hdfc-int-emi,HDFC Regalia Gold
"Up to Rs. 7,500 Off on International Flights with HDFC Bank Debit/Credit Card + Interest Free EMI",,https://tse3.mm.bing.net/th?id=OIP.fa599TFk7H-okNneqW6oWQHaEK&pid=Api&P=0&h=180,https://www.ixigo.com/offers/flight-hdfc-int-emi,HDFC Swiggy
"Up to Rs. 7,500 Off on International Flights with HDFC Bank Debit/Credit Card + Interest Free EMI",,https://tse3.mm.bing.net/th?id=OIP.fa599TFk7H-okNneqW6oWQHaEK&pid=Api&P=0&h=180,https://www.ixigo.com/offers/flight-hdfc-int-emi,HDFC Bank Harley-Davidson Diners Club
"Up to Rs. 7,500 Off on International Flights with HDFC Bank Debit/Credit Card + Interest Free EMI",,https://tse3.mm.bing.net/th?id=OIP.fa599TFk7H-okNneqW6oWQHaEK&pid=Api&P=0&h=180,https://www.ixigo.com/offers/flight-hdfc-int-emi,??
"Up to Rs. 7,500 Off on International Flights with HDFC Bank Debit/Credit Card + Interest Free EMI",,https://tse3.mm.bing.net/th?id=OIP.fa599TFk7H-okNneqW6oWQHaEK&pid=Api&P=0&h=180,https://www.ixigo.com/offers/flight-hdfc-int-emi,Tata Neu Infinity HDFC Bank Visa
"Up to Rs. 7,500 Off on International Flights with HDFC Bank Debit/Credit Card + Interest Free EMI",,https://tse3.mm.bing.net/th?id=OIP.fa599TFk7H-okNneqW6oWQHaEK&pid=Api&P=0&h=180,https://www.ixigo.com/offers/flight-hdfc-int-emi,HDFC H.O.G. Diners Club
"Up to Rs. 7,500 Off on International Flights with HDFC Bank Debit/Credit Card + Interest Free EMI",,https://tse3.mm.bing.net/th?id=OIP.fa599TFk7H-okNneqW6oWQHaEK&pid=Api&P=0&h=180,https://www.ixigo.com/offers/flight-hdfc-int-emi,InterMiles HDFC Bank Platinum
"Up to Rs. 7,500 Off on International Flights with HDFC Bank Debit/Credit Card + Interest Free EMI",,https://tse3.mm.bing.net/th?id=OIP.fa599TFk7H-okNneqW6oWQHaEK&pid=Api&P=0&h=180,https://www.ixigo.com/offers/flight-hdfc-int-emi,HDFC Bank Business Regalia First
"Up to Rs. 7,500 Off on International Flights with HDFC Bank Debit/Credit Card + Interest Free EMI",,https://tse3.mm.bing.net/th?id=OIP.fa599TFk7H-okNneqW6oWQHaEK&pid=Api&P=0&h=180,https://www.ixigo.com/offers/flight-hdfc-int-emi,Flipkart Wholesale HDFC Bank
"Up to Rs. 7,500 Off on International Flights with HDFC Bank Debit/Credit Card + Interest Free EMI",,https://tse3.mm.bing.net/th?id=OIP.fa599TFk7H-okNneqW6oWQHaEK&pid=Api&P=0&h=180,https://www.ixigo.com/offers/flight-hdfc-int-emi,Paytm HDFC Bank Business
"Up to Rs. 7,500 Off on International Flights with HDFC Bank Debit/Credit Card + Interest Free EMI",,https://tse3.mm.bing.net/th?id=OIP.fa599TFk7H-okNneqW6oWQHaEK&pid=Api&P=0&h=180,https://www.ixigo.com/offers/flight-hdfc-int-emi,HDFC CSC Small Business MoneyBack
"Up to Rs. 7,500 Off on International Flights with HDFC Bank Debit/Credit Card + Interest Free EMI",,https://tse3.mm.bing.net/th?id=OIP.fa599TFk7H-okNneqW6oWQHaEK&pid=Api&P=0&h=180,https://www.ixigo.com/offers/flight-hdfc-int-emi,Millennia
"Up to Rs. 7,500 Off on International Flights with HDFC Bank Debit/Credit Card + Interest Free EMI",,https://tse3.mm.bing.net/th?id=OIP.fa599TFk7H-okNneqW6oWQHaEK&pid=Api&P=0&h=180,https://www.ixigo.com/offers/flight-hdfc-int-emi,MoneyBack
"Up to Rs. 7,500 Off on International Flights with HDFC Bank Debit/Credit Card + Interest Free EMI",,https://tse3.mm.bing.net/th?id=OIP.fa599TFk7H-okNneqW6oWQHaEK&pid=Api&P=0&h=180,https://www.ixigo.com/offers/flight-hdfc-int-emi,All Miles
"Up to Rs. 7,500 Off on International Flights with HDFC Bank Debit/Credit Card + Interest Free EMI",,https://tse3.mm.bing.net/th?id=OIP.fa599TFk7H-okNneqW6oWQHaEK&pid=Api&P=0&h=180,https://www.ixigo.com/offers/flight-hdfc-int-emi,World MasterCard
"Up to Rs. 7,500 Off on International Flights with HDFC Bank Debit/Credit Card + Interest Free EMI",,https://tse3.mm.bing.net/th?id=OIP.fa599TFk7H-okNneqW6oWQHaEK&pid=Api&P=0&h=180,https://www.ixigo.com/offers/flight-hdfc-int-emi,HDFC Diners Club Black
"Up to Rs. 7,500 Off on International Flights with HDFC Bank Debit/Credit Card + Interest Free EMI",,https://tse3.mm.bing.net/th?id=OIP.fa599TFk7H-okNneqW6oWQHaEK&pid=Api&P=0&h=180,https://www.ixigo.com/offers/flight-hdfc-int-emi,Marriott Bonvoy HDFC
"Up to Rs. 7,500 Off on International Flights with HDFC Bank Debit/Credit Card + Interest Free EMI",,https://tse3.mm.bing.net/th?id=OIP.fa599TFk7H-okNneqW6oWQHaEK&pid=Api&P=0&h=180,https://www.ixigo.com/offers/flight-hdfc-int-emi,HDFC Bank Biz Grow Visa
"Up to Rs. 7,500 Off on International Flights with HDFC Bank Debit/Credit Card + Interest Free EMI",,https://tse3.mm.bing.net/th?id=OIP.fa599TFk7H-okNneqW6oWQHaEK&pid=Api&P=0&h=180,https://www.ixigo.com/offers/flight-hdfc-int-emi,HDFC Biz Black Metal Edition
"Up to Rs. 7,500 Off on International Flights with HDFC Bank Debit/Credit Card + Interest Free EMI",,https://tse3.mm.bing.net/th?id=OIP.fa599TFk7H-okNneqW6oWQHaEK&pid=Api&P=0&h=180,https://www.ixigo.com/offers/flight-hdfc-int-emi,Freedom
"Up to Rs. 7,500 Off on International Flights with HDFC Bank Debit/Credit Card + Interest Free EMI",,https://tse3.mm.bing.net/th?id=OIP.fa599TFk7H-okNneqW6oWQHaEK&pid=Api&P=0&h=180,https://www.ixigo.com/offers/flight-hdfc-int-emi,InterMiles HDFC Bank Diners Club
"Up to Rs. 7,500 Off on International Flights with HDFC Bank Debit/Credit Card + Interest Free EMI",,https://tse3.mm.bing.net/th?id=OIP.fa599TFk7H-okNneqW6oWQHaEK&pid=Api&P=0&h=180,https://www.ixigo.com/offers/flight-hdfc-int-emi,HDFC Pixel Go Visa
"Up to Rs. 7,500 Off on International Flights with HDFC Bank Debit/Credit Card + Interest Free EMI",,https://tse3.mm.bing.net/th?id=OIP.fa599TFk7H-okNneqW6oWQHaEK&pid=Api&P=0&h=180,https://www.ixigo.com/offers/flight-hdfc-int-emi,6E Rewards - IndiGo HDFC Bank
"Up to Rs. 7,500 Off on International Flights with HDFC Bank Debit/Credit Card + Interest Free EMI",,https://tse3.mm.bing.net/th?id=OIP.fa599TFk7H-okNneqW6oWQHaEK&pid=Api&P=0&h=180,https://www.ixigo.com/offers/flight-hdfc-int-emi,HDFC Bank MoneyBack Plus Visa
"Up to Rs. 7,500 Off on International Flights with HDFC Bank Debit/Credit Card + Interest Free EMI",,https://tse3.mm.bing.net/th?id=OIP.fa599TFk7H-okNneqW6oWQHaEK&pid=Api&P=0&h=180,https://www.ixigo.com/offers/flight-hdfc-int-emi,Shoppers Stop BLACK HDFC Bank
"Up to Rs. 7,500 Off on International Flights with HDFC Bank Debit/Credit Card + Interest Free EMI",,https://tse3.mm.bing.net/th?id=OIP.fa599TFk7H-okNneqW6oWQHaEK&pid=Api&P=0&h=180,https://www.ixigo.com/offers/flight-hdfc-int-emi,6E Rewards XL - IndiGo HDFC Bank
"Up to Rs. 7,500 Off on International Flights with HDFC Bank Debit/Credit Card + Interest Free EMI",,https://tse3.mm.bing.net/th?id=OIP.fa599TFk7H-okNneqW6oWQHaEK&pid=Api&P=0&h=180,https://www.ixigo.com/offers/flight-hdfc-int-emi,HDFC Bank UPI RuPay Biz
"Up to Rs. 7,500 Off on International Flights with HDFC Bank Debit/Credit Card + Interest Free EMI",,https://tse3.mm.bing.net/th?id=OIP.fa599TFk7H-okNneqW6oWQHaEK&pid=Api&P=0&h=180,https://www.ixigo.com/offers/flight-hdfc-int-emi,InterMiles HDFC Bank Signature
"Up to Rs. 7,500 Off on International Flights with HDFC Bank Debit/Credit Card + Interest Free EMI",,https://tse3.mm.bing.net/th?id=OIP.fa599TFk7H-okNneqW6oWQHaEK&pid=Api&P=0&h=180,https://www.ixigo.com/offers/flight-hdfc-int-emi,Diners Club Privilege
"Up to Rs. 7,500 Off on International Flights with HDFC Bank Debit/Credit Card + Interest Free EMI",,https://tse3.mm.bing.net/th?id=OIP.fa599TFk7H-okNneqW6oWQHaEK&pid=Api&P=0&h=180,https://www.ixigo.com/offers/flight-hdfc-int-emi,HDFC Bank Biz First
"Up to Rs. 7,500 Off on International Flights with HDFC Bank Debit/Credit Card + Interest Free EMI",,https://tse3.mm.bing.net/th?id=OIP.fa599TFk7H-okNneqW6oWQHaEK&pid=Api&P=0&h=180,https://www.ixigo.com/offers/flight-hdfc-int-emi,HDFC Bank Times Card Credit Platinum
"Up to Rs. 7,500 Off on International Flights with HDFC Bank Debit/Credit Card + Interest Free EMI",,https://tse3.mm.bing.net/th?id=OIP.fa599TFk7H-okNneqW6oWQHaEK&pid=Api&P=0&h=180,https://www.ixigo.com/offers/flight-hdfc-int-emi,IndianOil HDFC Bank Visa
"Up to Rs. 7,500 Off on International Flights with HDFC Bank Debit/Credit Card + Interest Free EMI",,https://tse3.mm.bing.net/th?id=OIP.fa599TFk7H-okNneqW6oWQHaEK&pid=Api&P=0&h=180,https://www.ixigo.com/offers/flight-hdfc-int-emi,IRCTC HDFC Bank
"Up to Rs. 7,500 Off on International Flights with HDFC Bank Debit/Credit Card + Interest Free EMI",,https://tse3.mm.bing.net/th?id=OIP.fa599TFk7H-okNneqW6oWQHaEK&pid=Api&P=0&h=180,https://www.ixigo.com/offers/flight-hdfc-int-emi,Business Gold
"Up to Rs. 7,500 Off on International Flights with HDFC Bank Debit/Credit Card + Interest Free EMI",,https://tse3.mm.bing.net/th?id=OIP.fa599TFk7H-okNneqW6oWQHaEK&pid=Api&P=0&h=180,https://www.ixigo.com/offers/flight-hdfc-int-emi,HDFC Bank Titanium Times Card
"Up to Rs. 7,500 Off on International Flights with HDFC Bank Debit/Credit Card + Interest Free EMI",,https://tse3.mm.bing.net/th?id=OIP.fa599TFk7H-okNneqW6oWQHaEK&pid=Api&P=0&h=180,https://www.ixigo.com/offers/flight-hdfc-int-emi,Shoppers Stop HDFC Bank RuPay
"Up to Rs. 7,500 Off on International Flights with HDFC Bank Debit/Credit Card + Interest Free EMI",,https://tse3.mm.bing.net/th?id=OIP.fa599TFk7H-okNneqW6oWQHaEK&pid=Api&P=0&h=180,https://www.ixigo.com/offers/flight-hdfc-int-emi,Tata Neu Plus HDFC Bank RuPay
"Up to Rs. 7,500 Off on International Flights with HDFC Bank Debit/Credit Card + Interest Free EMI",,https://tse3.mm.bing.net/th?id=OIP.fa599TFk7H-okNneqW6oWQHaEK&pid=Api&P=0&h=180,https://www.ixigo.com/offers/flight-hdfc-int-emi,HDFC Bank Infinia
"Up to Rs. 7,500 Off on International Flights with HDFC Bank Debit/Credit Card + Interest Free EMI",,https://tse3.mm.bing.net/th?id=OIP.fa599TFk7H-okNneqW6oWQHaEK&pid=Api&P=0&h=180,https://www.ixigo.com/offers/flight-hdfc-int-emi,Metal Edition
"Up to Rs. 7,500 Off on International Flights with HDFC Bank Debit/Credit Card + Interest Free EMI",,https://tse3.mm.bing.net/th?id=OIP.fa599TFk7H-okNneqW6oWQHaEK&pid=Api&P=0&h=180,https://www.ixigo.com/offers/flight-hdfc-int-emi,HDFC Bharat
"Up to Rs. 7,500 Off on International Flights with HDFC Bank Debit/Credit Card + Interest Free EMI",,https://tse3.mm.bing.net/th?id=OIP.fa599TFk7H-okNneqW6oWQHaEK&pid=Api&P=0&h=180,https://www.ixigo.com/offers/flight-hdfc-int-emi,Easy EMI Card
"Up to Rs. 7,500 Off on International Flights with HDFC Bank Debit/Credit Card + Interest Free EMI",,https://tse3.mm.bing.net/th?id=OIP.fa599TFk7H-okNneqW6oWQHaEK&pid=Api&P=0&h=180,https://www.ixigo.com/offers/flight-hdfc-int-emi,HDFC UPI RuPay
"Up to Rs. 7,500 Off on International Flights with HDFC Bank Debit/Credit Card + Interest Free EMI",,https://tse3.mm.bing.net/th?id=OIP.fa599TFk7H-okNneqW6oWQHaEK&pid=Api&P=0&h=180,https://www.ixigo.com/offers/flight-hdfc-int-emi,HDFC Pixel Play
"Up to Rs. 7,500 Off on International Flights with HDFC Bank Debit/Credit Card + Interest Free EMI",,https://tse3.mm.bing.net/th?id=OIP.fa599TFk7H-okNneqW6oWQHaEK&pid=Api&P=0&h=180,https://www.ixigo.com/offers/flight-hdfc-int-emi,Paytm HDFC Bank Select Business
Get Flat 8% Off On International Flights with OneCard Credit Card + Interest Free EMI,,https://tse3.mm.bing.net/th?id=OIP.fa599TFk7H-okNneqW6oWQHaEK&pid=Api&P=0&h=180,https://www.ixigo.com/offers/onecard-Int,One Card
Get Flat 10% Off on Flights via ixigo AU Credit Card,,https://tse3.mm.bing.net/th?id=OIP.fa599TFk7H-okNneqW6oWQHaEK&pid=Api&P=0&h=180,https://www.ixigo.com/offers/ixigoccfly,Ixigo AU
Flat 10% Off on International Flights with RBL Bank Credit Card EMI,,https://tse3.mm.bing.net/th?id=OIP.fa599TFk7H-okNneqW6oWQHaEK&pid=Api&P=0&h=180,https://www.ixigo.com/offers/rbl-cc-int,RBL Bank Platinum Choice MasterCard
Flat 10% Off on International Flights with RBL Bank Credit Card EMI,,https://tse3.mm.bing.net/th?id=OIP.fa599TFk7H-okNneqW6oWQHaEK&pid=Api&P=0&h=180,https://www.ixigo.com/offers/rbl-cc-int,RBL Bank Platinum Choice Visa
Flat 10% Off on International Flights with RBL Bank Credit Card EMI,,https://tse3.mm.bing.net/th?id=OIP.fa599TFk7H-okNneqW6oWQHaEK&pid=Api&P=0&h=180,https://www.ixigo.com/offers/rbl-cc-int,RBL Bank World Plus Visa
Flat 10% Off on International Flights with RBL Bank Credit Card EMI,,https://tse3.mm.bing.net/th?id=OIP.fa599TFk7H-okNneqW6oWQHaEK&pid=Api&P=0&h=180,https://www.ixigo.com/offers/rbl-cc-int,RBL Bank World Plus MasterCard
Flat 10% Off on International Flights with RBL Bank Credit Card EMI,,https://tse3.mm.bing.net/th?id=OIP.fa599TFk7H-okNneqW6oWQHaEK&pid=Api&P=0&h=180,https://www.ixigo.com/offers/rbl-cc-int,RBL Bank Platinum Advantage MasterCard
Flat 10% Off on International Flights with RBL Bank Credit Card EMI,,https://tse3.mm.bing.net/th?id=OIP.fa599TFk7H-okNneqW6oWQHaEK&pid=Api&P=0&h=180,https://www.ixigo.com/offers/rbl-cc-int,RBL Bank EasySaver MasterCard
Flat 10% Off on International Flights with RBL Bank Credit Card EMI,,https://tse3.mm.bing.net/th?id=OIP.fa599TFk7H-okNneqW6oWQHaEK&pid=Api&P=0&h=180,https://www.ixigo.com/offers/rbl-cc-int,RBL Bank EasySaver Visa
Flat 10% Off on International Flights with RBL Bank Credit Card EMI,,https://tse3.mm.bing.net/th?id=OIP.fa599TFk7H-okNneqW6oWQHaEK&pid=Api&P=0&h=180,https://www.ixigo.com/offers/rbl-cc-int,RBL Bank MyFirst MasterCard
Flat 10% Off on International Flights with RBL Bank Credit Card EMI,,https://tse3.mm.bing.net/th?id=OIP.fa599TFk7H-okNneqW6oWQHaEK&pid=Api&P=0&h=180,https://www.ixigo.com/offers/rbl-cc-int,RBL Bank MyFirst Visa
Flat 10% Off on International Flights with RBL Bank Credit Card EMI,,https://tse3.mm.bing.net/th?id=OIP.fa599TFk7H-okNneqW6oWQHaEK&pid=Api&P=0&h=180,https://www.ixigo.com/offers/rbl-cc-int,RBL Bank Binge Visa
Flat 10% Off on International Flights with RBL Bank Credit Card EMI,,https://tse3.mm.bing.net/th?id=OIP.fa599TFk7H-okNneqW6oWQHaEK&pid=Api&P=0&h=180,https://www.ixigo.com/offers/rbl-cc-int,RBL Bank Binge MasterCard
Flat 10% Off on International Flights with RBL Bank Credit Card EMI,,https://tse3.mm.bing.net/th?id=OIP.fa599TFk7H-okNneqW6oWQHaEK&pid=Api&P=0&h=180,https://www.ixigo.com/offers/rbl-cc-int,RBL Bank Platinum Shopgain MasterCard
Flat 10% Off on International Flights with RBL Bank Credit Card EMI,,https://tse3.mm.bing.net/th?id=OIP.fa599TFk7H-okNneqW6oWQHaEK&pid=Api&P=0&h=180,https://www.ixigo.com/offers/rbl-cc-int,RBL Bank Platinum Shopgain Visa
Flat 10% Off on International Flights with RBL Bank Credit Card EMI,,https://tse3.mm.bing.net/th?id=OIP.fa599TFk7H-okNneqW6oWQHaEK&pid=Api&P=0&h=180,https://www.ixigo.com/offers/rbl-cc-int,RBL Bank Platinum Bonus MasterCard
Flat 10% Off on International Flights with RBL Bank Credit Card EMI,,https://tse3.mm.bing.net/th?id=OIP.fa599TFk7H-okNneqW6oWQHaEK&pid=Api&P=0&h=180,https://www.ixigo.com/offers/rbl-cc-int,RBL Bank Platinum Prime MasterCard
Flat 10% Off on International Flights with RBL Bank Credit Card EMI,,https://tse3.mm.bing.net/th?id=OIP.fa599TFk7H-okNneqW6oWQHaEK&pid=Api&P=0&h=180,https://www.ixigo.com/offers/rbl-cc-int,RBL Bank World Max MasterCard
Flat 10% Off on International Flights with RBL Bank Credit Card EMI,,https://tse3.mm.bing.net/th?id=OIP.fa599TFk7H-okNneqW6oWQHaEK&pid=Api&P=0&h=180,https://www.ixigo.com/offers/rbl-cc-int,RBL Bank World Max Visa
Flat 10% Off on International Flights with RBL Bank Credit Card EMI,,https://tse3.mm.bing.net/th?id=OIP.fa599TFk7H-okNneqW6oWQHaEK&pid=Api&P=0&h=180,https://www.ixigo.com/offers/rbl-cc-int,RBL Bank Platinum ValuePlus MasterCard
Flat 10% Off on International Flights with RBL Bank Credit Card EMI,,https://tse3.mm.bing.net/th?id=OIP.fa599TFk7H-okNneqW6oWQHaEK&pid=Api&P=0&h=180,https://www.ixigo.com/offers/rbl-cc-int,RBL Bank Platinum ValuePlus Visa
Flat 10% Off on International Flights with RBL Bank Credit Card EMI,,https://tse3.mm.bing.net/th?id=OIP.fa599TFk7H-okNneqW6oWQHaEK&pid=Api&P=0&h=180,https://www.ixigo.com/offers/rbl-cc-int,RBL Bank Platinum ShopSmart MasterCard
Flat 10% Off on International Flights with RBL Bank Credit Card EMI,,https://tse3.mm.bing.net/th?id=OIP.fa599TFk7H-okNneqW6oWQHaEK&pid=Api&P=0&h=180,https://www.ixigo.com/offers/rbl-cc-int,RBL Bank Platinum ShopSmart Visa
Flat 10% Off on International Flights with RBL Bank Credit Card EMI,,https://tse3.mm.bing.net/th?id=OIP.fa599TFk7H-okNneqW6oWQHaEK&pid=Api&P=0&h=180,https://www.ixigo.com/offers/rbl-cc-int,RBL Bank Platinum TravelEasy MasterCard
Flat 10% Off on International Flights with RBL Bank Credit Card EMI,,https://tse3.mm.bing.net/th?id=OIP.fa599TFk7H-okNneqW6oWQHaEK&pid=Api&P=0&h=180,https://www.ixigo.com/offers/rbl-cc-int,RBL Bank Platinum TravelEasy Visa
Flat 10% Off on International Flights with RBL Bank Credit Card EMI,,https://tse3.mm.bing.net/th?id=OIP.fa599TFk7H-okNneqW6oWQHaEK&pid=Api&P=0&h=180,https://www.ixigo.com/offers/rbl-cc-int,RBL Bank World Prime MasterCard
Flat 10% Off on International Flights with RBL Bank Credit Card EMI,,https://tse3.mm.bing.net/th?id=OIP.fa599TFk7H-okNneqW6oWQHaEK&pid=Api&P=0&h=180,https://www.ixigo.com/offers/rbl-cc-int,RBL Bank World Prime Visa
Flat 10% Off on International Flights with RBL Bank Credit Card EMI,,https://tse3.mm.bing.net/th?id=OIP.fa599TFk7H-okNneqW6oWQHaEK&pid=Api&P=0&h=180,https://www.ixigo.com/offers/rbl-cc-int,RBL Bank Platinum Plus MasterCard
Flat 10% Off on International Flights with RBL Bank Credit Card EMI,,https://tse3.mm.bing.net/th?id=OIP.fa599TFk7H-okNneqW6oWQHaEK&pid=Api&P=0&h=180,https://www.ixigo.com/offers/rbl-cc-int,RBL Bank Platinum Plus Visa
Flat 10% Off on International Flights with RBL Bank Credit Card EMI,,https://tse3.mm.bing.net/th?id=OIP.fa599TFk7H-okNneqW6oWQHaEK&pid=Api&P=0&h=180,https://www.ixigo.com/offers/rbl-cc-int,RBL Bank Platinum ShopDaily MasterCard
Flat 10% Off on International Flights with RBL Bank Credit Card EMI,,https://tse3.mm.bing.net/th?id=OIP.fa599TFk7H-okNneqW6oWQHaEK&pid=Api&P=0&h=180,https://www.ixigo.com/offers/rbl-cc-int,RBL Bank Platinum ShopDaily Visa
Flat 10% Off on International Flights with RBL Bank Credit Card EMI,,https://tse3.mm.bing.net/th?id=OIP.fa599TFk7H-okNneqW6oWQHaEK&pid=Api&P=0&h=180,https://www.ixigo.com/offers/rbl-cc-int,RBL Bank Platinum Edge Visa
Flat 10% Off on International Flights with RBL Bank Credit Card EMI,,https://tse3.mm.bing.net/th?id=OIP.fa599TFk7H-okNneqW6oWQHaEK&pid=Api&P=0&h=180,https://www.ixigo.com/offers/rbl-cc-int,RBL Bank Platinum Edge MasterCard
Flat 10% Off on International Flights with RBL Bank Credit Card EMI,,https://tse3.mm.bing.net/th?id=OIP.fa599TFk7H-okNneqW6oWQHaEK&pid=Api&P=0&h=180,https://www.ixigo.com/offers/rbl-cc-int,RBL Bank Platinum LifeEasy Visa
Flat 10% Off on International Flights with RBL Bank Credit Card EMI,,https://tse3.mm.bing.net/th?id=OIP.fa599TFk7H-okNneqW6oWQHaEK&pid=Api&P=0&h=180,https://www.ixigo.com/offers/rbl-cc-int,RBL Bank Platinum LifeEasy MasterCard
Flat 10% Off on International Flights with RBL Bank Credit Card EMI,,https://tse3.mm.bing.net/th?id=OIP.fa599TFk7H-okNneqW6oWQHaEK&pid=Api&P=0&h=180,https://www.ixigo.com/offers/rbl-cc-int,RBL Bank DMI Finance Visa
Flat 10% Off on International Flights with RBL Bank Credit Card EMI,,https://tse3.mm.bing.net/th?id=OIP.fa599TFk7H-okNneqW6oWQHaEK&pid=Api&P=0&h=180,https://www.ixigo.com/offers/rbl-cc-int,RBL Bank Play Visa
Flat 10% Off on International Flights with RBL Bank Credit Card EMI,,https://tse3.mm.bing.net/th?id=OIP.fa599TFk7H-okNneqW6oWQHaEK&pid=Api&P=0&h=180,https://www.ixigo.com/offers/rbl-cc-int,RBL Bank Novio RuPay
Flat 10% Off on International Flights with RBL Bank Credit Card EMI,,https://tse3.mm.bing.net/th?id=OIP.fa599TFk7H-okNneqW6oWQHaEK&pid=Api&P=0&h=180,https://www.ixigo.com/offers/rbl-cc-int,IndianOil RBL Bank MasterCard
Flat 10% Off on International Flights with RBL Bank Credit Card EMI,,https://tse3.mm.bing.net/th?id=OIP.fa599TFk7H-okNneqW6oWQHaEK&pid=Api&P=0&h=180,https://www.ixigo.com/offers/rbl-cc-int,TVS Credit RBL Bank Gold Mastercard Card
Flat 10% Off on International Flights with RBL Bank Credit Card EMI,,https://tse3.mm.bing.net/th?id=OIP.fa599TFk7H-okNneqW6oWQHaEK&pid=Api&P=0&h=180,https://www.ixigo.com/offers/rbl-cc-int,TVS Credit RBL Bank RuPay Card
Flat 10% Off on International Flights with RBL Bank Credit Card EMI,,https://tse3.mm.bing.net/th?id=OIP.fa599TFk7H-okNneqW6oWQHaEK&pid=Api&P=0&h=180,https://www.ixigo.com/offers/rbl-cc-int,RBL Bank SalarySe Up RuPay
Flat 10% Off on International Flights with RBL Bank Credit Card EMI,,https://tse3.mm.bing.net/th?id=OIP.fa599TFk7H-okNneqW6oWQHaEK&pid=Api&P=0&h=180,https://www.ixigo.com/offers/rbl-cc-int,RBL Bank Patanjali Vishisht RuPay Card
Flat 10% Off on International Flights with RBL Bank Credit Card EMI,,https://tse3.mm.bing.net/th?id=OIP.fa599TFk7H-okNneqW6oWQHaEK&pid=Api&P=0&h=180,https://www.ixigo.com/offers/rbl-cc-int,IndianOil RBL Bank XTRA MasterCard
Flat 10% Off on International Flights with RBL Bank Credit Card EMI,,https://tse3.mm.bing.net/th?id=OIP.fa599TFk7H-okNneqW6oWQHaEK&pid=Api&P=0&h=180,https://www.ixigo.com/offers/rbl-cc-int,RBL Bank Patanjali Swarn RuPay Card
Flat 10% Off on International Flights with RBL Bank Credit Card EMI,,https://tse3.mm.bing.net/th?id=OIP.fa599TFk7H-okNneqW6oWQHaEK&pid=Api&P=0&h=180,https://www.ixigo.com/offers/rbl-cc-int,RBL Bank Movies and More
Flat 10% Off on International Flights with RBL Bank Credit Card EMI,,https://tse3.mm.bing.net/th?id=OIP.fa599TFk7H-okNneqW6oWQHaEK&pid=Api&P=0&h=180,https://www.ixigo.com/offers/rbl-cc-int,RBL Bank Shoprite
Flat 10% Off on International Flights with RBL Bank Credit Card EMI,,https://tse3.mm.bing.net/th?id=OIP.fa599TFk7H-okNneqW6oWQHaEK&pid=Api&P=0&h=180,https://www.ixigo.com/offers/rbl-cc-int,RBL Bank Play
Flat 10% Off on International Flights with RBL Bank Credit Card EMI,,https://tse3.mm.bing.net/th?id=OIP.fa599TFk7H-okNneqW6oWQHaEK&pid=Api&P=0&h=180,https://www.ixigo.com/offers/rbl-cc-int,RBL Bank Platinum Delight
Flat 10% Off on International Flights with RBL Bank Credit Card EMI,,https://tse3.mm.bing.net/th?id=OIP.fa599TFk7H-okNneqW6oWQHaEK&pid=Api&P=0&h=180,https://www.ixigo.com/offers/rbl-cc-int,RBL Bank World Safari
Flat 10% Off on International Flights with RBL Bank Credit Card EMI,,https://tse3.mm.bing.net/th?id=OIP.fa599TFk7H-okNneqW6oWQHaEK&pid=Api&P=0&h=180,https://www.ixigo.com/offers/rbl-cc-int,Bankbazaar Savemax Pro
Flat 10% Off on International Flights with RBL Bank Credit Card EMI,,https://tse3.mm.bing.net/th?id=OIP.fa599TFk7H-okNneqW6oWQHaEK&pid=Api&P=0&h=180,https://www.ixigo.com/offers/rbl-cc-int,RBL Bank Lazy Pay
Flat 10% Off on International Flights with RBL Bank Credit Card EMI,,https://tse3.mm.bing.net/th?id=OIP.fa599TFk7H-okNneqW6oWQHaEK&pid=Api&P=0&h=180,https://www.ixigo.com/offers/rbl-cc-int,MoneyTap Black Card
Flat 10% Off on International Flights with RBL Bank Credit Card EMI,,https://tse3.mm.bing.net/th?id=OIP.fa599TFk7H-okNneqW6oWQHaEK&pid=Api&P=0&h=180,https://www.ixigo.com/offers/rbl-cc-int,Platinum Maxima Plus Card
Flat 10% Off on International Flights with RBL Bank Credit Card EMI,,https://tse3.mm.bing.net/th?id=OIP.fa599TFk7H-okNneqW6oWQHaEK&pid=Api&P=0&h=180,https://www.ixigo.com/offers/rbl-cc-int,RBL Bank MoneyTap
Flat 10% Off on International Flights with RBL Bank Credit Card EMI,,https://tse3.mm.bing.net/th?id=OIP.fa599TFk7H-okNneqW6oWQHaEK&pid=Api&P=0&h=180,https://www.ixigo.com/offers/rbl-cc-int,RBL Bank Icon
Flat 10% Off on International Flights with RBL Bank Credit Card EMI,,https://tse3.mm.bing.net/th?id=OIP.fa599TFk7H-okNneqW6oWQHaEK&pid=Api&P=0&h=180,https://www.ixigo.com/offers/rbl-cc-int,RBL Bank Monthly Treats
Flat 10% Off on International Flights with RBL Bank Credit Card EMI,,https://tse3.mm.bing.net/th?id=OIP.fa599TFk7H-okNneqW6oWQHaEK&pid=Api&P=0&h=180,https://www.ixigo.com/offers/rbl-cc-int,RBL Bank iGlobe
Flat 10% Off on International Flights with RBL Bank Credit Card EMI,,https://tse3.mm.bing.net/th?id=OIP.fa599TFk7H-okNneqW6oWQHaEK&pid=Api&P=0&h=180,https://www.ixigo.com/offers/rbl-cc-int,RBL Bank Paisabazaar Duet Card Plus
Flat 10% Off on International Flights with RBL Bank Credit Card EMI,,https://tse3.mm.bing.net/th?id=OIP.fa599TFk7H-okNneqW6oWQHaEK&pid=Api&P=0&h=180,https://www.ixigo.com/offers/rbl-cc-int,IRCTC RBL Bank RuPay
Flat 10% Off on International Flights with RBL Bank Credit Card EMI,,https://tse3.mm.bing.net/th?id=OIP.fa599TFk7H-okNneqW6oWQHaEK&pid=Api&P=0&h=180,https://www.ixigo.com/offers/rbl-cc-int,RBL Bank Cookie
Flat 10% Off on International Flights with RBL Bank Credit Card EMI,,https://tse3.mm.bing.net/th?id=OIP.fa599TFk7H-okNneqW6oWQHaEK&pid=Api&P=0&h=180,https://www.ixigo.com/offers/rbl-cc-int,IndianOil RBL Bank RuPay
Flat 10% Off on International Flights with RBL Bank Credit Card EMI,,https://tse3.mm.bing.net/th?id=OIP.fa599TFk7H-okNneqW6oWQHaEK&pid=Api&P=0&h=180,https://www.ixigo.com/offers/rbl-cc-int,IndianOil RBL Bank XTRA RuPay
Flat 10% Off on International Flights with RBL Bank Credit Card EMI,,https://tse3.mm.bing.net/th?id=OIP.fa599TFk7H-okNneqW6oWQHaEK&pid=Api&P=0&h=180,https://www.ixigo.com/offers/rbl-cc-int,BankBazaar SaveMax
Flat 10% Off on International Flights with RBL Bank Credit Card EMI,,https://tse3.mm.bing.net/th?id=OIP.fa599TFk7H-okNneqW6oWQHaEK&pid=Api&P=0&h=180,https://www.ixigo.com/offers/rbl-cc-int,RBL Bank Platinum Maxima
Flat 10% Off on International Flights with RBL Bank Credit Card EMI,,https://tse3.mm.bing.net/th?id=OIP.fa599TFk7H-okNneqW6oWQHaEK&pid=Api&P=0&h=180,https://www.ixigo.com/offers/rbl-cc-int,RBL Bank VCard
Flat 10% Off on International Flights with RBL Bank Credit Card EMI,,https://tse3.mm.bing.net/th?id=OIP.fa599TFk7H-okNneqW6oWQHaEK&pid=Api&P=0&h=180,https://www.ixigo.com/offers/rbl-cc-int,Insignia Preferred Banking Card
Flat 10% Off on International Flights with RBL Bank Credit Card EMI,,https://tse3.mm.bing.net/th?id=OIP.fa599TFk7H-okNneqW6oWQHaEK&pid=Api&P=0&h=180,https://www.ixigo.com/offers/rbl-cc-int,Mo Cash
Flat 10% Off on International Flights with RBL Bank Credit Card EMI,,https://tse3.mm.bing.net/th?id=OIP.fa599TFk7H-okNneqW6oWQHaEK&pid=Api&P=0&h=180,https://www.ixigo.com/offers/rbl-cc-int,RBL Bank Paisabazaar Duet Card
Get Flat 12% Off On International Flights with BOBCARD EMI,,https://tse3.mm.bing.net/th?id=OIP.fa599TFk7H-okNneqW6oWQHaEK&pid=Api&P=0&h=180,https://www.ixigo.com/offers/bobemin,PREMIER
Get Flat 12% Off On International Flights with BOBCARD EMI,,https://tse3.mm.bing.net/th?id=OIP.fa599TFk7H-okNneqW6oWQHaEK&pid=Api&P=0&h=180,https://www.ixigo.com/offers/bobemin,BOB Assure
Get Flat 12% Off On International Flights with BOBCARD EMI,,https://tse3.mm.bing.net/th?id=OIP.fa599TFk7H-okNneqW6oWQHaEK&pid=Api&P=0&h=180,https://www.ixigo.com/offers/bobemin,BOBCARD ETERNA
Get Flat 12% Off On International Flights with BOBCARD EMI,,https://tse3.mm.bing.net/th?id=OIP.fa599TFk7H-okNneqW6oWQHaEK&pid=Api&P=0&h=180,https://www.ixigo.com/offers/bobemin,Indian Navy VARUNAH Premium
Get Flat 12% Off On International Flights with BOBCARD EMI,,https://tse3.mm.bing.net/th?id=OIP.fa599TFk7H-okNneqW6oWQHaEK&pid=Api&P=0&h=180,https://www.ixigo.com/offers/bobemin,CMA ONE
Get Flat 12% Off On International Flights with BOBCARD EMI,,https://tse3.mm.bing.net/th?id=OIP.fa599TFk7H-okNneqW6oWQHaEK&pid=Api&P=0&h=180,https://www.ixigo.com/offers/bobemin,ETERNA
Get Flat 12% Off On International Flights with BOBCARD EMI,,https://tse3.mm.bing.net/th?id=OIP.fa599TFk7H-okNneqW6oWQHaEK&pid=Api&P=0&h=180,https://www.ixigo.com/offers/bobemin,ICSI DIAMOND
Get Flat 12% Off On International Flights with BOBCARD EMI,,https://tse3.mm.bing.net/th?id=OIP.fa599TFk7H-okNneqW6oWQHaEK&pid=Api&P=0&h=180,https://www.ixigo.com/offers/bobemin,EASY
Get Flat 12% Off On International Flights with BOBCARD EMI,,https://tse3.mm.bing.net/th?id=OIP.fa599TFk7H-okNneqW6oWQHaEK&pid=Api&P=0&h=180,https://www.ixigo.com/offers/bobemin,ICAI EXCLUSIVE
Get Flat 12% Off On International Flights with BOBCARD EMI,,https://tse3.mm.bing.net/th?id=OIP.fa599TFk7H-okNneqW6oWQHaEK&pid=Api&P=0&h=180,https://www.ixigo.com/offers/bobemin,Assam Rifles The SENTINEL
Get Flat 12% Off On International Flights with BOBCARD EMI,,https://tse3.mm.bing.net/th?id=OIP.fa599TFk7H-okNneqW6oWQHaEK&pid=Api&P=0&h=180,https://www.ixigo.com/offers/bobemin,Indian Army YODDHA
Get Flat 12% Off On International Flights with BOBCARD EMI,,https://tse3.mm.bing.net/th?id=OIP.fa599TFk7H-okNneqW6oWQHaEK&pid=Api&P=0&h=180,https://www.ixigo.com/offers/bobemin,HPCL BoB ENERGIE
Get Flat 12% Off On International Flights with BOBCARD EMI,,https://tse3.mm.bing.net/th?id=OIP.fa599TFk7H-okNneqW6oWQHaEK&pid=Api&P=0&h=180,https://www.ixigo.com/offers/bobemin,PRIME
Get Flat 12% Off On International Flights with BOBCARD EMI,,https://tse3.mm.bing.net/th?id=OIP.fa599TFk7H-okNneqW6oWQHaEK&pid=Api&P=0&h=180,https://www.ixigo.com/offers/bobemin,SWAVLAMBAN
Get Flat 12% Off On International Flights with BOBCARD EMI,,https://tse3.mm.bing.net/th?id=OIP.fa599TFk7H-okNneqW6oWQHaEK&pid=Api&P=0&h=180,https://www.ixigo.com/offers/bobemin,IRCTC BoB
Get Flat 12% Off On International Flights with BOBCARD EMI,,https://tse3.mm.bing.net/th?id=OIP.fa599TFk7H-okNneqW6oWQHaEK&pid=Api&P=0&h=180,https://www.ixigo.com/offers/bobemin,SNAPDEAL
Get Flat 12% Off On International Flights with BOBCARD EMI,,https://tse3.mm.bing.net/th?id=OIP.fa599TFk7H-okNneqW6oWQHaEK&pid=Api&P=0&h=180,https://www.ixigo.com/offers/bobemin,UNNATI
Get Flat 12% Off On International Flights with BOBCARD EMI,,https://tse3.mm.bing.net/th?id=OIP.fa599TFk7H-okNneqW6oWQHaEK&pid=Api&P=0&h=180,https://www.ixigo.com/offers/bobemin,Indian Coast Guard Rakshamah
Get Flat 12% Off On International Flights with BOBCARD EMI,,https://tse3.mm.bing.net/th?id=OIP.fa599TFk7H-okNneqW6oWQHaEK&pid=Api&P=0&h=180,https://www.ixigo.com/offers/bobemin,SELECT
Get Flat 10% Off On International Flights with Tata Neu HDFC Bank Credit Card EMI.,30-06-2025,https://tse3.mm.bing.net/th?id=OIP.fa599TFk7H-okNneqW6oWQHaEK&pid=Api&P=0&h=180,https://www.ixigo.com/offers/HDFCNEU-INT,HDFC Tata Neu Plus
