Offer Title,,Image,,,Link,Eligible Cards,
UNLOCK BIG SAVINGS ON YOUR NEXT TRIP,,https://promos.makemytrip.com/appfest/2x/au-bank-bg-04072023.jpg,,,https://www.makemytrip.com/promos/au-offer-020124.html?detail_image=no,AU Bank Zenith+,
UNLOCK BIG SAVINGS ON YOUR NEXT TRIP,,https://promos.makemytrip.com/appfest/2x/au-bank-bg-04072023.jpg,,,https://www.makemytrip.com/promos/au-offer-020124.html?detail_image=no,AU Small Finance Bank Altura,
UNLOCK BIG SAVINGS ON YOUR NEXT TRIP,,https://promos.makemytrip.com/appfest/2x/au-bank-bg-04072023.jpg,,,https://www.makemytrip.com/promos/au-offer-020124.html?detail_image=no,AU Small Finance Bank Zenith,
UNLOCK BIG SAVINGS ON YOUR NEXT TRIP,,https://promos.makemytrip.com/appfest/2x/au-bank-bg-04072023.jpg,,,https://www.makemytrip.com/promos/au-offer-020124.html?detail_image=no,AU Small Finance Bank LIT,
UNLOCK BIG SAVINGS ON YOUR NEXT TRIP,,https://promos.makemytrip.com/appfest/2x/au-bank-bg-04072023.jpg,,,https://www.makemytrip.com/promos/au-offer-020124.html?detail_image=no,AU Small Finance Bank ixigo,
UNLOCK BIG SAVINGS ON YOUR NEXT TRIP,,https://promos.makemytrip.com/appfest/2x/au-bank-bg-04072023.jpg,,,https://www.makemytrip.com/promos/au-offer-020124.html?detail_image=no,Au Small Finance Bank Vetta,
UNLOCK BIG SAVINGS ON YOUR NEXT TRIP,,https://promos.makemytrip.com/appfest/2x/au-bank-bg-04072023.jpg,,,https://www.makemytrip.com/promos/au-offer-020124.html?detail_image=no,AU Bank InstaPay,
UNLOCK BIG SAVINGS ON YOUR NEXT TRIP,,https://promos.makemytrip.com/appfest/2x/au-bank-bg-04072023.jpg,,,https://www.makemytrip.com/promos/au-offer-020124.html?detail_image=no,AU Small Finance Bank Altura Plus,
Avail Interest-free EMI* + Up to 35% OFF*,,https://promos.makemytrip.com/appfest/2x/yes-bg-14072023.jpg,,,https://www.makemytrip.com/promos/yes-nce-offers-01072022.html?detail_image=no,Yes Prosperity Cashback,
Avail Interest-free EMI* + Up to 35% OFF*,,https://promos.makemytrip.com/appfest/2x/yes-bg-14072023.jpg,,,https://www.makemytrip.com/promos/yes-nce-offers-01072022.html?detail_image=no,Yes Prosperity Cashback Plus,
Avail Interest-free EMI* + Up to 35% OFF*,,https://promos.makemytrip.com/appfest/2x/yes-bg-14072023.jpg,,,https://www.makemytrip.com/promos/yes-nce-offers-01072022.html?detail_image=no,YES Bank Marquee,
Avail Interest-free EMI* + Up to 35% OFF*,,https://promos.makemytrip.com/appfest/2x/yes-bg-14072023.jpg,,,https://www.makemytrip.com/promos/yes-nce-offers-01072022.html?detail_image=no,Yes RESERV,
Avail Interest-free EMI* + Up to 35% OFF*,,https://promos.makemytrip.com/appfest/2x/yes-bg-14072023.jpg,,,https://www.makemytrip.com/promos/yes-nce-offers-01072022.html?detail_image=no,Yes Bank Wellness Plus,
Avail Interest-free EMI* + Up to 35% OFF*,,https://promos.makemytrip.com/appfest/2x/yes-bg-14072023.jpg,,,https://www.makemytrip.com/promos/yes-nce-offers-01072022.html?detail_image=no,Yes Bank Card Anq Phi Credit  Card,
Avail Interest-free EMI* + Up to 35% OFF*,,https://promos.makemytrip.com/appfest/2x/yes-bg-14072023.jpg,,,https://www.makemytrip.com/promos/yes-nce-offers-01072022.html?detail_image=no,Yes Private Prime,
Avail Interest-free EMI* + Up to 35% OFF*,,https://promos.makemytrip.com/appfest/2x/yes-bg-14072023.jpg,,,https://www.makemytrip.com/promos/yes-nce-offers-01072022.html?detail_image=no,Yes Prosperity Edge,
Avail Interest-free EMI* + Up to 35% OFF*,,https://promos.makemytrip.com/appfest/2x/yes-bg-14072023.jpg,,,https://www.makemytrip.com/promos/yes-nce-offers-01072022.html?detail_image=no,Yes Bank Wellness,
Avail Interest-free EMI* + Up to 35% OFF*,,https://promos.makemytrip.com/appfest/2x/yes-bg-14072023.jpg,,,https://www.makemytrip.com/promos/yes-nce-offers-01072022.html?detail_image=no,Yes ELITE +,
Avail Interest-free EMI* + Up to 35% OFF*,,https://promos.makemytrip.com/appfest/2x/yes-bg-14072023.jpg,,,https://www.makemytrip.com/promos/yes-nce-offers-01072022.html?detail_image=no,Yes Bank BYOC,
Avail Interest-free EMI* + Up to 35% OFF*,,https://promos.makemytrip.com/appfest/2x/yes-bg-14072023.jpg,,,https://www.makemytrip.com/promos/yes-nce-offers-01072022.html?detail_image=no,Yes Prosperity Reward Plus,
Avail Interest-free EMI* + Up to 35% OFF*,,https://promos.makemytrip.com/appfest/2x/yes-bg-14072023.jpg,,,https://www.makemytrip.com/promos/yes-nce-offers-01072022.html?detail_image=no,Yes EMI,
Avail Interest-free EMI* + Up to 35% OFF*,,https://promos.makemytrip.com/appfest/2x/yes-bg-14072023.jpg,,,https://www.makemytrip.com/promos/yes-nce-offers-01072022.html?detail_image=no,Yes Prosperity Reward,
Avail Interest-free EMI* + Up to 35% OFF*,,https://promos.makemytrip.com/appfest/2x/yes-bg-14072023.jpg,,,https://www.makemytrip.com/promos/yes-nce-offers-01072022.html?detail_image=no,Yes Bank Finbooster,
Avail Interest-free EMI* + Up to 35% OFF*,,https://promos.makemytrip.com/appfest/2x/yes-bg-14072023.jpg,,,https://www.makemytrip.com/promos/yes-nce-offers-01072022.html?detail_image=no,YES BANK Anq Pi,
Avail Interest-free EMI* + Up to 35% OFF*,,https://promos.makemytrip.com/appfest/2x/yes-bg-14072023.jpg,,,https://www.makemytrip.com/promos/yes-nce-offers-01072022.html?detail_image=no,YES BANK Paisabazaar PaisaSave,
Avail Interest-free EMI* + Up to 35% OFF*,,https://promos.makemytrip.com/appfest/2x/yes-bg-14072023.jpg,,,https://www.makemytrip.com/promos/yes-nce-offers-01072022.html?detail_image=no,YES Bank Rio RuPay,
BIG SAVINGS ON YOUR NEXT TRIP,,https://promos.makemytrip.com/appfest/2x/au-bg-28032025.jpg,,,https://www.makemytrip.com/promos/au-bank-cc-offer-310325.html?detail_image=no,AU Bank Zenith+,
BIG SAVINGS ON YOUR NEXT TRIP,,https://promos.makemytrip.com/appfest/2x/au-bg-28032025.jpg,,,https://www.makemytrip.com/promos/au-bank-cc-offer-310325.html?detail_image=no,AU Small Finance Bank Altura,
BIG SAVINGS ON YOUR NEXT TRIP,,https://promos.makemytrip.com/appfest/2x/au-bg-28032025.jpg,,,https://www.makemytrip.com/promos/au-bank-cc-offer-310325.html?detail_image=no,AU Small Finance Bank Zenith,
BIG SAVINGS ON YOUR NEXT TRIP,,https://promos.makemytrip.com/appfest/2x/au-bg-28032025.jpg,,,https://www.makemytrip.com/promos/au-bank-cc-offer-310325.html?detail_image=no,AU Small Finance Bank LIT,
BIG SAVINGS ON YOUR NEXT TRIP,,https://promos.makemytrip.com/appfest/2x/au-bg-28032025.jpg,,,https://www.makemytrip.com/promos/au-bank-cc-offer-310325.html?detail_image=no,AU Small Finance Bank ixigo,
BIG SAVINGS ON YOUR NEXT TRIP,,https://promos.makemytrip.com/appfest/2x/au-bg-28032025.jpg,,,https://www.makemytrip.com/promos/au-bank-cc-offer-310325.html?detail_image=no,Au Small Finance Bank Vetta,
BIG SAVINGS ON YOUR NEXT TRIP,,https://promos.makemytrip.com/appfest/2x/au-bg-28032025.jpg,,,https://www.makemytrip.com/promos/au-bank-cc-offer-310325.html?detail_image=no,AU Bank InstaPay,
BIG SAVINGS ON YOUR NEXT TRIP,,https://promos.makemytrip.com/appfest/2x/au-bg-28032025.jpg,,,https://www.makemytrip.com/promos/au-bank-cc-offer-310325.html?detail_image=no,AU Small Finance Bank Altura Plus,
Travel Across the Country with Up to 15% OFF*,,https://promos.makemytrip.com/appfest/2x/j-and-k-bg-190202025.jpg,,,https://www.makemytrip.com/promos/jk-bank-offer-190225.html?detail_image=no,J&K Bank World,
Travel Across the Country with Up to 15% OFF*,,https://promos.makemytrip.com/appfest/2x/j-and-k-bg-190202025.jpg,,,https://www.makemytrip.com/promos/jk-bank-offer-190225.html?detail_image=no,J&K Bank Platinum,
Travel Across the Country with Up to 15% OFF*,,https://promos.makemytrip.com/appfest/2x/j-and-k-bg-190202025.jpg,,,https://www.makemytrip.com/promos/jk-bank-offer-190225.html?detail_image=no,J&K Bank Gold,
For Worry-free Travel: Grab Up to 30% OFF*,,https://promos.makemytrip.com/appfest/2x/idfc-05012023.jpg,,,https://www.makemytrip.com/promos/idfc-nce-07012023.html?detail_image=no,IDFC First Power+ RuPay,
For Worry-free Travel: Grab Up to 30% OFF*,,https://promos.makemytrip.com/appfest/2x/idfc-05012023.jpg,,,https://www.makemytrip.com/promos/idfc-nce-07012023.html?detail_image=no,IDFC First Power RuPay,
For Worry-free Travel: Grab Up to 30% OFF*,,https://promos.makemytrip.com/appfest/2x/idfc-05012023.jpg,,,https://www.makemytrip.com/promos/idfc-nce-07012023.html?detail_image=no,IDFC FIRST SWYP,
For Worry-free Travel: Grab Up to 30% OFF*,,https://promos.makemytrip.com/appfest/2x/idfc-05012023.jpg,,,https://www.makemytrip.com/promos/idfc-nce-07012023.html?detail_image=no,IDFC Bank First Millennia,
For Worry-free Travel: Grab Up to 30% OFF*,,https://promos.makemytrip.com/appfest/2x/idfc-05012023.jpg,,,https://www.makemytrip.com/promos/idfc-nce-07012023.html?detail_image=no,IDFC Bank First Classic,
For Worry-free Travel: Grab Up to 30% OFF*,,https://promos.makemytrip.com/appfest/2x/idfc-05012023.jpg,,,https://www.makemytrip.com/promos/idfc-nce-07012023.html?detail_image=no,IDFC First Select,
For Worry-free Travel: Grab Up to 30% OFF*,,https://promos.makemytrip.com/appfest/2x/idfc-05012023.jpg,,,https://www.makemytrip.com/promos/idfc-nce-07012023.html?detail_image=no,IDFC Bank IDFC First Wealth,
For Worry-free Travel: Grab Up to 30% OFF*,,https://promos.makemytrip.com/appfest/2x/idfc-05012023.jpg,,,https://www.makemytrip.com/promos/idfc-nce-07012023.html?detail_image=no,IDFC First Bank First Wow,
For Worry-free Travel: Grab Up to 30% OFF*,,https://promos.makemytrip.com/appfest/2x/idfc-05012023.jpg,,,https://www.makemytrip.com/promos/idfc-nce-07012023.html?detail_image=no,IDFC First Earn RuPay,
For Worry-free Travel: Grab Up to 30% OFF*,,https://promos.makemytrip.com/appfest/2x/idfc-05012023.jpg,,,https://www.makemytrip.com/promos/idfc-nce-07012023.html?detail_image=no,IDFC Mayura,
For Worry-free Travel: Grab Up to 30% OFF*,,https://promos.makemytrip.com/appfest/2x/idfc-05012023.jpg,,,https://www.makemytrip.com/promos/idfc-nce-07012023.html?detail_image=no,Ashva,
For Worry-free Travel: Grab Up to 30% OFF*,,https://promos.makemytrip.com/appfest/2x/idfc-05012023.jpg,,,https://www.makemytrip.com/promos/idfc-nce-07012023.html?detail_image=no,IDFC First Bank First Private,
Get Up to 35% OFF* + Interest-free EMI,,https://promos.makemytrip.com/appfest/2x/hsbc-bank-bg-04042024.jpg,,,https://www.makemytrip.com/promos/hsbc-emi-offers-apr22.html?detail_image=no,HSBC Live+,
Get Up to 35% OFF* + Interest-free EMI,,https://promos.makemytrip.com/appfest/2x/hsbc-bank-bg-04042024.jpg,,,https://www.makemytrip.com/promos/hsbc-emi-offers-apr22.html?detail_image=no,HSBC Visa Platinum,
Get Up to 35% OFF* + Interest-free EMI,,https://promos.makemytrip.com/appfest/2x/hsbc-bank-bg-04042024.jpg,,,https://www.makemytrip.com/promos/hsbc-emi-offers-apr22.html?detail_image=no,HSBC Taj,
Get Up to 35% OFF* + Interest-free EMI,,https://promos.makemytrip.com/appfest/2x/hsbc-bank-bg-04042024.jpg,,,https://www.makemytrip.com/promos/hsbc-emi-offers-apr22.html?detail_image=no,HSBC TravelOne Mastercard,
Get Up to 35% OFF* + Interest-free EMI,,https://promos.makemytrip.com/appfest/2x/hsbc-bank-bg-04042024.jpg,,,https://www.makemytrip.com/promos/hsbc-emi-offers-apr22.html?detail_image=no,HSBC Premier Mastercard©,
Avail Interest FREE* EMI + Up to 15% OFF*,,https://promos.makemytrip.com/appfest/2x/bob-offer-bg-28062023.jpg,,,https://www.makemytrip.com/promos/bob-nce-01012023.html?detail_image=no,HPCL BoB ENERGIE,
Avail Interest FREE* EMI + Up to 15% OFF*,,https://promos.makemytrip.com/appfest/2x/bob-offer-bg-28062023.jpg,,,https://www.makemytrip.com/promos/bob-nce-01012023.html?detail_image=no,IRCTC Bank of Baroda,
Avail Interest FREE* EMI + Up to 15% OFF*,,https://promos.makemytrip.com/appfest/2x/bob-offer-bg-28062023.jpg,,,https://www.makemytrip.com/promos/bob-nce-01012023.html?detail_image=no,BOB Assure,
Avail Interest FREE* EMI + Up to 15% OFF*,,https://promos.makemytrip.com/appfest/2x/bob-offer-bg-28062023.jpg,,,https://www.makemytrip.com/promos/bob-nce-01012023.html?detail_image=no,Bank of Baroda SNAPDEAL,
Avail Interest FREE* EMI + Up to 15% OFF*,,https://promos.makemytrip.com/appfest/2x/bob-offer-bg-28062023.jpg,,,https://www.makemytrip.com/promos/bob-nce-01012023.html?detail_image=no,BoB ETERNA,
Avail Interest FREE* EMI + Up to 15% OFF*,,https://promos.makemytrip.com/appfest/2x/bob-offer-bg-28062023.jpg,,,https://www.makemytrip.com/promos/bob-nce-01012023.html?detail_image=no,Bank of Baroda Premier,
Avail Interest FREE* EMI + Up to 15% OFF*,,https://promos.makemytrip.com/appfest/2x/bob-offer-bg-28062023.jpg,,,https://www.makemytrip.com/promos/bob-nce-01012023.html?detail_image=no,EASY,
Avail Interest FREE* EMI + Up to 15% OFF*,,https://promos.makemytrip.com/appfest/2x/bob-offer-bg-28062023.jpg,,,https://www.makemytrip.com/promos/bob-nce-01012023.html?detail_image=no,SELECT,
Avail Interest FREE* EMI + Up to 15% OFF*,,https://promos.makemytrip.com/appfest/2x/bob-offer-bg-28062023.jpg,,,https://www.makemytrip.com/promos/bob-nce-01012023.html?detail_image=no,PRIME,
Avail Interest FREE* EMI + Up to 15% OFF*,,https://promos.makemytrip.com/appfest/2x/bob-offer-bg-28062023.jpg,,,https://www.makemytrip.com/promos/bob-nce-01012023.html?detail_image=no,Bank of Baroda CMA ONE,
Avail Interest FREE* EMI + Up to 15% OFF*,,https://promos.makemytrip.com/appfest/2x/bob-offer-bg-28062023.jpg,,,https://www.makemytrip.com/promos/bob-nce-01012023.html?detail_image=no,Indian Navy VARUNAH Premium,
Avail Interest FREE* EMI + Up to 15% OFF*,,https://promos.makemytrip.com/appfest/2x/bob-offer-bg-28062023.jpg,,,https://www.makemytrip.com/promos/bob-nce-01012023.html?detail_image=no,BOBCARD ETERNA,
Avail Interest FREE* EMI + Up to 15% OFF*,,https://promos.makemytrip.com/appfest/2x/bob-offer-bg-28062023.jpg,,,https://www.makemytrip.com/promos/bob-nce-01012023.html?detail_image=no,ICSI DIAMOND,
Avail Interest FREE* EMI + Up to 15% OFF*,,https://promos.makemytrip.com/appfest/2x/bob-offer-bg-28062023.jpg,,,https://www.makemytrip.com/promos/bob-nce-01012023.html?detail_image=no,Assam Rifles The SENTINEL,
Avail Interest FREE* EMI + Up to 15% OFF*,,https://promos.makemytrip.com/appfest/2x/bob-offer-bg-28062023.jpg,,,https://www.makemytrip.com/promos/bob-nce-01012023.html?detail_image=no,ICAI EXCLUSIVE,
Avail Interest FREE* EMI + Up to 15% OFF*,,https://promos.makemytrip.com/appfest/2x/bob-offer-bg-28062023.jpg,,,https://www.makemytrip.com/promos/bob-nce-01012023.html?detail_image=no,Indian Army YODDHA,
Avail Interest FREE* EMI + Up to 15% OFF*,,https://promos.makemytrip.com/appfest/2x/bob-offer-bg-28062023.jpg,,,https://www.makemytrip.com/promos/bob-nce-01012023.html?detail_image=no,SWAVLAMBAN,
Avail Interest FREE* EMI + Up to 15% OFF*,,https://promos.makemytrip.com/appfest/2x/bob-offer-bg-28062023.jpg,,,https://www.makemytrip.com/promos/bob-nce-01012023.html?detail_image=no,UNNATI,
Avail Interest FREE* EMI + Up to 15% OFF*,,https://promos.makemytrip.com/appfest/2x/bob-offer-bg-28062023.jpg,,,https://www.makemytrip.com/promos/bob-nce-01012023.html?detail_image=no,Indian Coast Guard Rakshamah,
Grab Up to 35% OFF* + Interest-FREE* EMI,,https://promos.makemytrip.com/appfest/2x/idfc-05012023.jpg,,,https://www.makemytrip.com/promos/rbl-nce-07072023.html?detail_image=no,RBL Bank VCard,
Grab Up to 35% OFF* + Interest-FREE* EMI,,https://promos.makemytrip.com/appfest/2x/idfc-05012023.jpg,,,https://www.makemytrip.com/promos/rbl-nce-07072023.html?detail_image=no,RBL Bank Cookie,
Grab Up to 35% OFF* + Interest-FREE* EMI,,https://promos.makemytrip.com/appfest/2x/idfc-05012023.jpg,,,https://www.makemytrip.com/promos/rbl-nce-07072023.html?detail_image=no,RBL Bank Shoprite,
Grab Up to 35% OFF* + Interest-FREE* EMI,,https://promos.makemytrip.com/appfest/2x/idfc-05012023.jpg,,,https://www.makemytrip.com/promos/rbl-nce-07072023.html?detail_image=no,RBL Platinum Maxima Plus Card,
Grab Up to 35% OFF* + Interest-FREE* EMI,,https://promos.makemytrip.com/appfest/2x/idfc-05012023.jpg,,,https://www.makemytrip.com/promos/rbl-nce-07072023.html?detail_image=no,MoneyTap Black Card,
Grab Up to 35% OFF* + Interest-FREE* EMI,,https://promos.makemytrip.com/appfest/2x/idfc-05012023.jpg,,,https://www.makemytrip.com/promos/rbl-nce-07072023.html?detail_image=no,RBL Bank Platinum Maxima,
Grab Up to 35% OFF* + Interest-FREE* EMI,,https://promos.makemytrip.com/appfest/2x/idfc-05012023.jpg,,,https://www.makemytrip.com/promos/rbl-nce-07072023.html?detail_image=no,RBL Bank Movies and More,
Grab Up to 35% OFF* + Interest-FREE* EMI,,https://promos.makemytrip.com/appfest/2x/idfc-05012023.jpg,,,https://www.makemytrip.com/promos/rbl-nce-07072023.html?detail_image=no,RBL Bank Paisabazaar Duet Card Plus,
Grab Up to 35% OFF* + Interest-FREE* EMI,,https://promos.makemytrip.com/appfest/2x/idfc-05012023.jpg,,,https://www.makemytrip.com/promos/rbl-nce-07072023.html?detail_image=no,Bankbazaar Savemax Pro,
Grab Up to 35% OFF* + Interest-FREE* EMI,,https://promos.makemytrip.com/appfest/2x/idfc-05012023.jpg,,,https://www.makemytrip.com/promos/rbl-nce-07072023.html?detail_image=no,BankBazaar SaveMax,
Grab Up to 35% OFF* + Interest-FREE* EMI,,https://promos.makemytrip.com/appfest/2x/idfc-05012023.jpg,,,https://www.makemytrip.com/promos/rbl-nce-07072023.html?detail_image=no,RBL Bank iGlobe,
Grab Up to 35% OFF* + Interest-FREE* EMI,,https://promos.makemytrip.com/appfest/2x/idfc-05012023.jpg,,,https://www.makemytrip.com/promos/rbl-nce-07072023.html?detail_image=no,Insignia Preferred Banking Card,
Grab Up to 35% OFF* + Interest-FREE* EMI,,https://promos.makemytrip.com/appfest/2x/idfc-05012023.jpg,,,https://www.makemytrip.com/promos/rbl-nce-07072023.html?detail_image=no,RBL Bank Play,
Grab Up to 35% OFF* + Interest-FREE* EMI,,https://promos.makemytrip.com/appfest/2x/idfc-05012023.jpg,,,https://www.makemytrip.com/promos/rbl-nce-07072023.html?detail_image=no,RBL Bank World Safari,
Grab Up to 35% OFF* + Interest-FREE* EMI,,https://promos.makemytrip.com/appfest/2x/idfc-05012023.jpg,,,https://www.makemytrip.com/promos/rbl-nce-07072023.html?detail_image=no,RBL Bank Platinum Delight,
Grab Up to 35% OFF* + Interest-FREE* EMI,,https://promos.makemytrip.com/appfest/2x/idfc-05012023.jpg,,,https://www.makemytrip.com/promos/rbl-nce-07072023.html?detail_image=no,RBL Bank Monthly Treats,
Grab Up to 35% OFF* + Interest-FREE* EMI,,https://promos.makemytrip.com/appfest/2x/idfc-05012023.jpg,,,https://www.makemytrip.com/promos/rbl-nce-07072023.html?detail_image=no,RBL Bank Lazy Pay,
Grab Up to 35% OFF* + Interest-FREE* EMI,,https://promos.makemytrip.com/appfest/2x/idfc-05012023.jpg,,,https://www.makemytrip.com/promos/rbl-nce-07072023.html?detail_image=no,RBL Bank Icon,
Grab Up to 35% OFF* + Interest-FREE* EMI,,https://promos.makemytrip.com/appfest/2x/idfc-05012023.jpg,,,https://www.makemytrip.com/promos/rbl-nce-07072023.html?detail_image=no,RBL Bank Paisabazaar Duet Card,
Grab Up to 35% OFF* + Interest-FREE* EMI,,https://promos.makemytrip.com/appfest/2x/idfc-05012023.jpg,,,https://www.makemytrip.com/promos/rbl-nce-07072023.html?detail_image=no,RBL Bank MoneyTap,
Grab Up to 35% OFF* + Interest-FREE* EMI,,https://promos.makemytrip.com/appfest/2x/idfc-05012023.jpg,,,https://www.makemytrip.com/promos/rbl-nce-07072023.html?detail_image=no,Mo Cash,
Grab Up to 35% OFF* + Interest-FREE* EMI,,https://promos.makemytrip.com/appfest/2x/idfc-05012023.jpg,,,https://www.makemytrip.com/promos/rbl-nce-07072023.html?detail_image=no,RBL Bank Platinum Advantage MasterCard,
Grab Up to 35% OFF* + Interest-FREE* EMI,,https://promos.makemytrip.com/appfest/2x/idfc-05012023.jpg,,,https://www.makemytrip.com/promos/rbl-nce-07072023.html?detail_image=no,RBL Bank Platinum Plus Visa,
Grab Up to 35% OFF* + Interest-FREE* EMI,,https://promos.makemytrip.com/appfest/2x/idfc-05012023.jpg,,,https://www.makemytrip.com/promos/rbl-nce-07072023.html?detail_image=no,RBL Bank Platinum ValuePlus MasterCard,
Grab Up to 35% OFF* + Interest-FREE* EMI,,https://promos.makemytrip.com/appfest/2x/idfc-05012023.jpg,,,https://www.makemytrip.com/promos/rbl-nce-07072023.html?detail_image=no,RBL Bank Novio RuPay,
Grab Up to 35% OFF* + Interest-FREE* EMI,,https://promos.makemytrip.com/appfest/2x/idfc-05012023.jpg,,,https://www.makemytrip.com/promos/rbl-nce-07072023.html?detail_image=no,RBL Bank Platinum ValuePlus Visa,
Grab Up to 35% OFF* + Interest-FREE* EMI,,https://promos.makemytrip.com/appfest/2x/idfc-05012023.jpg,,,https://www.makemytrip.com/promos/rbl-nce-07072023.html?detail_image=no,RBL Bank Patanjali Vishisht RuPay Card,
Grab Up to 35% OFF* + Interest-FREE* EMI,,https://promos.makemytrip.com/appfest/2x/idfc-05012023.jpg,,,https://www.makemytrip.com/promos/rbl-nce-07072023.html?detail_image=no,RBL Bank Platinum Shopgain Visa,
Grab Up to 35% OFF* + Interest-FREE* EMI,,https://promos.makemytrip.com/appfest/2x/idfc-05012023.jpg,,,https://www.makemytrip.com/promos/rbl-nce-07072023.html?detail_image=no,RBL Bank Platinum Bonus MasterCard,
Grab Up to 35% OFF* + Interest-FREE* EMI,,https://promos.makemytrip.com/appfest/2x/idfc-05012023.jpg,,,https://www.makemytrip.com/promos/rbl-nce-07072023.html?detail_image=no,RBL Bank Platinum ShopSmart MasterCard,
Grab Up to 35% OFF* + Interest-FREE* EMI,,https://promos.makemytrip.com/appfest/2x/idfc-05012023.jpg,,,https://www.makemytrip.com/promos/rbl-nce-07072023.html?detail_image=no,RBL Bank Binge Visa,
Grab Up to 35% OFF* + Interest-FREE* EMI,,https://promos.makemytrip.com/appfest/2x/idfc-05012023.jpg,,,https://www.makemytrip.com/promos/rbl-nce-07072023.html?detail_image=no,TVS Credit RBL Bank Gold Mastercard Card,
Grab Up to 35% OFF* + Interest-FREE* EMI,,https://promos.makemytrip.com/appfest/2x/idfc-05012023.jpg,,,https://www.makemytrip.com/promos/rbl-nce-07072023.html?detail_image=no,IndianOil RBL Bank MasterCard,
Grab Up to 35% OFF* + Interest-FREE* EMI,,https://promos.makemytrip.com/appfest/2x/idfc-05012023.jpg,,,https://www.makemytrip.com/promos/rbl-nce-07072023.html?detail_image=no,RBL Bank MyFirst Visa,
Grab Up to 35% OFF* + Interest-FREE* EMI,,https://promos.makemytrip.com/appfest/2x/idfc-05012023.jpg,,,https://www.makemytrip.com/promos/rbl-nce-07072023.html?detail_image=no,RBL Bank Platinum ShopDaily MasterCard,
Grab Up to 35% OFF* + Interest-FREE* EMI,,https://promos.makemytrip.com/appfest/2x/idfc-05012023.jpg,,,https://www.makemytrip.com/promos/rbl-nce-07072023.html?detail_image=no,RBL Bank Platinum Shopgain MasterCard,
Grab Up to 35% OFF* + Interest-FREE* EMI,,https://promos.makemytrip.com/appfest/2x/idfc-05012023.jpg,,,https://www.makemytrip.com/promos/rbl-nce-07072023.html?detail_image=no,RBL Bank Platinum Edge MasterCard,
Grab Up to 35% OFF* + Interest-FREE* EMI,,https://promos.makemytrip.com/appfest/2x/idfc-05012023.jpg,,,https://www.makemytrip.com/promos/rbl-nce-07072023.html?detail_image=no,RBL Bank MyFirst MasterCard,
Grab Up to 35% OFF* + Interest-FREE* EMI,,https://promos.makemytrip.com/appfest/2x/idfc-05012023.jpg,,,https://www.makemytrip.com/promos/rbl-nce-07072023.html?detail_image=no,RBL Bank Platinum Choice Visa,
Grab Up to 35% OFF* + Interest-FREE* EMI,,https://promos.makemytrip.com/appfest/2x/idfc-05012023.jpg,,,https://www.makemytrip.com/promos/rbl-nce-07072023.html?detail_image=no,RBL Bank EasySaver Visa,
Grab Up to 35% OFF* + Interest-FREE* EMI,,https://promos.makemytrip.com/appfest/2x/idfc-05012023.jpg,,,https://www.makemytrip.com/promos/rbl-nce-07072023.html?detail_image=no,RBL Bank Play Visa,
Grab Up to 35% OFF* + Interest-FREE* EMI,,https://promos.makemytrip.com/appfest/2x/idfc-05012023.jpg,,,https://www.makemytrip.com/promos/rbl-nce-07072023.html?detail_image=no,IRCTC RBL Bank RuPay,
Grab Up to 35% OFF* + Interest-FREE* EMI,,https://promos.makemytrip.com/appfest/2x/idfc-05012023.jpg,,,https://www.makemytrip.com/promos/rbl-nce-07072023.html?detail_image=no,TVS Credit RBL Bank RuPay Card,
Grab Up to 35% OFF* + Interest-FREE* EMI,,https://promos.makemytrip.com/appfest/2x/idfc-05012023.jpg,,,https://www.makemytrip.com/promos/rbl-nce-07072023.html?detail_image=no,RBL Bank SalarySe Up RuPay,
Grab Up to 35% OFF* + Interest-FREE* EMI,,https://promos.makemytrip.com/appfest/2x/idfc-05012023.jpg,,,https://www.makemytrip.com/promos/rbl-nce-07072023.html?detail_image=no,RBL Bank EasySaver MasterCard,
Grab Up to 35% OFF* + Interest-FREE* EMI,,https://promos.makemytrip.com/appfest/2x/idfc-05012023.jpg,,,https://www.makemytrip.com/promos/rbl-nce-07072023.html?detail_image=no,RBL Bank Binge MasterCard,
Grab Up to 35% OFF* + Interest-FREE* EMI,,https://promos.makemytrip.com/appfest/2x/idfc-05012023.jpg,,,https://www.makemytrip.com/promos/rbl-nce-07072023.html?detail_image=no,RBL Bank World Prime Visa,
Grab Up to 35% OFF* + Interest-FREE* EMI,,https://promos.makemytrip.com/appfest/2x/idfc-05012023.jpg,,,https://www.makemytrip.com/promos/rbl-nce-07072023.html?detail_image=no,RBL Bank Platinum Plus MasterCard,
Grab Up to 35% OFF* + Interest-FREE* EMI,,https://promos.makemytrip.com/appfest/2x/idfc-05012023.jpg,,,https://www.makemytrip.com/promos/rbl-nce-07072023.html?detail_image=no,RBL Bank World Max Visa,
Grab Up to 35% OFF* + Interest-FREE* EMI,,https://promos.makemytrip.com/appfest/2x/idfc-05012023.jpg,,,https://www.makemytrip.com/promos/rbl-nce-07072023.html?detail_image=no,IndianOil RBL Bank XTRA RuPay,
Grab Up to 35% OFF* + Interest-FREE* EMI,,https://promos.makemytrip.com/appfest/2x/idfc-05012023.jpg,,,https://www.makemytrip.com/promos/rbl-nce-07072023.html?detail_image=no,IndianOil RBL Bank RuPay,
Grab Up to 35% OFF* + Interest-FREE* EMI,,https://promos.makemytrip.com/appfest/2x/idfc-05012023.jpg,,,https://www.makemytrip.com/promos/rbl-nce-07072023.html?detail_image=no,RBL Bank World Prime MasterCard,
Grab Up to 35% OFF* + Interest-FREE* EMI,,https://promos.makemytrip.com/appfest/2x/idfc-05012023.jpg,,,https://www.makemytrip.com/promos/rbl-nce-07072023.html?detail_image=no,RBL Bank Platinum ShopDaily Visa,
Grab Up to 35% OFF* + Interest-FREE* EMI,,https://promos.makemytrip.com/appfest/2x/idfc-05012023.jpg,,,https://www.makemytrip.com/promos/rbl-nce-07072023.html?detail_image=no,RBL Bank Patanjali Swarn RuPay Card,
Grab Up to 35% OFF* + Interest-FREE* EMI,,https://promos.makemytrip.com/appfest/2x/idfc-05012023.jpg,,,https://www.makemytrip.com/promos/rbl-nce-07072023.html?detail_image=no,RBL Bank Platinum Prime MasterCard,
Grab Up to 35% OFF* + Interest-FREE* EMI,,https://promos.makemytrip.com/appfest/2x/idfc-05012023.jpg,,,https://www.makemytrip.com/promos/rbl-nce-07072023.html?detail_image=no,RBL Bank World Max MasterCard,
Grab Up to 35% OFF* + Interest-FREE* EMI,,https://promos.makemytrip.com/appfest/2x/idfc-05012023.jpg,,,https://www.makemytrip.com/promos/rbl-nce-07072023.html?detail_image=no,RBL Bank Platinum Choice MasterCard,
Grab Up to 35% OFF* + Interest-FREE* EMI,,https://promos.makemytrip.com/appfest/2x/idfc-05012023.jpg,,,https://www.makemytrip.com/promos/rbl-nce-07072023.html?detail_image=no,RBL Bank Platinum ShopSmart Visa,
Grab Up to 35% OFF* + Interest-FREE* EMI,,https://promos.makemytrip.com/appfest/2x/idfc-05012023.jpg,,,https://www.makemytrip.com/promos/rbl-nce-07072023.html?detail_image=no,RBL Bank World Plus MasterCard,
Grab Up to 35% OFF* + Interest-FREE* EMI,,https://promos.makemytrip.com/appfest/2x/idfc-05012023.jpg,,,https://www.makemytrip.com/promos/rbl-nce-07072023.html?detail_image=no,RBL Bank World Plus Visa,
Grab Up to 35% OFF* + Interest-FREE* EMI,,https://promos.makemytrip.com/appfest/2x/idfc-05012023.jpg,,,https://www.makemytrip.com/promos/rbl-nce-07072023.html?detail_image=no,IndianOil RBL Bank XTRA MasterCard,
Grab Up to 35% OFF* + Interest-FREE* EMI,,https://promos.makemytrip.com/appfest/2x/idfc-05012023.jpg,,,https://www.makemytrip.com/promos/rbl-nce-07072023.html?detail_image=no,RBL Bank DMI Finance Visa,
Grab Up to 35% OFF* + Interest-FREE* EMI,,https://promos.makemytrip.com/appfest/2x/idfc-05012023.jpg,,,https://www.makemytrip.com/promos/rbl-nce-07072023.html?detail_image=no,RBL Bank Platinum TravelEasy Visa,
Grab Up to 35% OFF* + Interest-FREE* EMI,,https://promos.makemytrip.com/appfest/2x/idfc-05012023.jpg,,,https://www.makemytrip.com/promos/rbl-nce-07072023.html?detail_image=no,RBL Bank Platinum LifeEasy Visa,
Grab Up to 35% OFF* + Interest-FREE* EMI,,https://promos.makemytrip.com/appfest/2x/idfc-05012023.jpg,,,https://www.makemytrip.com/promos/rbl-nce-07072023.html?detail_image=no,RBL Bank Platinum TravelEasy MasterCard,
Grab Up to 35% OFF* + Interest-FREE* EMI,,https://promos.makemytrip.com/appfest/2x/idfc-05012023.jpg,,,https://www.makemytrip.com/promos/rbl-nce-07072023.html?detail_image=no,RBL Bank Platinum Edge Visa,
Grab Up to 35% OFF* + Interest-FREE* EMI,,https://promos.makemytrip.com/appfest/2x/idfc-05012023.jpg,,,https://www.makemytrip.com/promos/rbl-nce-07072023.html?detail_image=no,RBL Bank Platinum LifeEasy MasterCard,
Grab FLAT 20% OFF* on Business Class for Int?l Flights,,https://promos.makemytrip.com/appfest/2x/axis-bg-14052024.jpg,,,https://www.makemytrip.com/promos/axis-offer-150524.html?detail_image=no,Axis Bank Ace,
Grab FLAT 20% OFF* on Business Class for Int?l Flights,,https://promos.makemytrip.com/appfest/2x/axis-bg-14052024.jpg,,,https://www.makemytrip.com/promos/axis-offer-150524.html?detail_image=no,Airtel Axis Bank RuPay,
Grab FLAT 20% OFF* on Business Class for Int?l Flights,,https://promos.makemytrip.com/appfest/2x/axis-bg-14052024.jpg,,,https://www.makemytrip.com/promos/axis-offer-150524.html?detail_image=no,Airtel Axis Bank Visa,
Grab FLAT 20% OFF* on Business Class for Int?l Flights,,https://promos.makemytrip.com/appfest/2x/axis-bg-14052024.jpg,,,https://www.makemytrip.com/promos/axis-offer-150524.html?detail_image=no,Flipkart Axis Bank,
Grab FLAT 20% OFF* on Business Class for Int?l Flights,,https://promos.makemytrip.com/appfest/2x/axis-bg-14052024.jpg,,,https://www.makemytrip.com/promos/axis-offer-150524.html?detail_image=no,Axis Bank Neo,
Grab FLAT 20% OFF* on Business Class for Int?l Flights,,https://promos.makemytrip.com/appfest/2x/axis-bg-14052024.jpg,,,https://www.makemytrip.com/promos/axis-offer-150524.html?detail_image=no,Axis Bank Atlas,
Grab FLAT 20% OFF* on Business Class for Int?l Flights,,https://promos.makemytrip.com/appfest/2x/axis-bg-14052024.jpg,,,https://www.makemytrip.com/promos/axis-offer-150524.html?detail_image=no,Flipkart Axis Bank SuperElite,
Grab FLAT 20% OFF* on Business Class for Int?l Flights,,https://promos.makemytrip.com/appfest/2x/axis-bg-14052024.jpg,,,https://www.makemytrip.com/promos/axis-offer-150524.html?detail_image=no,Axis Bank Rewards,
Grab FLAT 20% OFF* on Business Class for Int?l Flights,,https://promos.makemytrip.com/appfest/2x/axis-bg-14052024.jpg,,,https://www.makemytrip.com/promos/axis-offer-150524.html?detail_image=no,IndianOil Axis Bank,
Grab FLAT 20% OFF* on Business Class for Int?l Flights,,https://promos.makemytrip.com/appfest/2x/axis-bg-14052024.jpg,,,https://www.makemytrip.com/promos/axis-offer-150524.html?detail_image=no,Fibe Axis Bank Rupay,
Grab FLAT 20% OFF* on Business Class for Int?l Flights,,https://promos.makemytrip.com/appfest/2x/axis-bg-14052024.jpg,,,https://www.makemytrip.com/promos/axis-offer-150524.html?detail_image=no,Axis Bank SpiceJet Voyage Black,
Grab FLAT 20% OFF* on Business Class for Int?l Flights,,https://promos.makemytrip.com/appfest/2x/axis-bg-14052024.jpg,,,https://www.makemytrip.com/promos/axis-offer-150524.html?detail_image=no,SpiceJet Axis Bank Voyage,
Grab FLAT 20% OFF* on Business Class for Int?l Flights,,https://promos.makemytrip.com/appfest/2x/axis-bg-14052024.jpg,,,https://www.makemytrip.com/promos/axis-offer-150524.html?detail_image=no,Samsung Axis Bank Infinite,
Grab FLAT 20% OFF* on Business Class for Int?l Flights,,https://promos.makemytrip.com/appfest/2x/axis-bg-14052024.jpg,,,https://www.makemytrip.com/promos/axis-offer-150524.html?detail_image=no,Axis Bank Reserve,
Grab FLAT 20% OFF* on Business Class for Int?l Flights,,https://promos.makemytrip.com/appfest/2x/axis-bg-14052024.jpg,,,https://www.makemytrip.com/promos/axis-offer-150524.html?detail_image=no,Axis Bank Vistara Infinite,
Grab FLAT 20% OFF* on Business Class for Int?l Flights,,https://promos.makemytrip.com/appfest/2x/axis-bg-14052024.jpg,,,https://www.makemytrip.com/promos/axis-offer-150524.html?detail_image=no,Axis Bank Miles And More World Select,
Grab FLAT 20% OFF* on Business Class for Int?l Flights,,https://promos.makemytrip.com/appfest/2x/axis-bg-14052024.jpg,,,https://www.makemytrip.com/promos/axis-offer-150524.html?detail_image=no,Axis Bank Miles And More World,
Grab FLAT 20% OFF* on Business Class for Int?l Flights,,https://promos.makemytrip.com/appfest/2x/axis-bg-14052024.jpg,,,https://www.makemytrip.com/promos/axis-offer-150524.html?detail_image=no,Samsung Axis Bank Signature,
Grab FLAT 20% OFF* on Business Class for Int?l Flights,,https://promos.makemytrip.com/appfest/2x/axis-bg-14052024.jpg,,,https://www.makemytrip.com/promos/axis-offer-150524.html?detail_image=no,Axis Bank Vistara,
Grab FLAT 20% OFF* on Business Class for Int?l Flights,,https://promos.makemytrip.com/appfest/2x/axis-bg-14052024.jpg,,,https://www.makemytrip.com/promos/axis-offer-150524.html?detail_image=no,Axis Bank Magnus,
Grab FLAT 20% OFF* on Business Class for Int?l Flights,,https://promos.makemytrip.com/appfest/2x/axis-bg-14052024.jpg,,,https://www.makemytrip.com/promos/axis-offer-150524.html?detail_image=no,Axis Bank MY Zone,
Grab FLAT 20% OFF* on Business Class for Int?l Flights,,https://promos.makemytrip.com/appfest/2x/axis-bg-14052024.jpg,,,https://www.makemytrip.com/promos/axis-offer-150524.html?detail_image=no,Axis Bank Signature,
Grab FLAT 20% OFF* on Business Class for Int?l Flights,,https://promos.makemytrip.com/appfest/2x/axis-bg-14052024.jpg,,,https://www.makemytrip.com/promos/axis-offer-150524.html?detail_image=no,Axis Bank Privilege,
Grab FLAT 20% OFF* on Business Class for Int?l Flights,,https://promos.makemytrip.com/appfest/2x/axis-bg-14052024.jpg,,,https://www.makemytrip.com/promos/axis-offer-150524.html?detail_image=no,Axis Bank Privilege Easy,
Grab FLAT 20% OFF* on Business Class for Int?l Flights,,https://promos.makemytrip.com/appfest/2x/axis-bg-14052024.jpg,,,https://www.makemytrip.com/promos/axis-offer-150524.html?detail_image=no,Axis Bank Freecharge Plus,
Grab FLAT 20% OFF* on Business Class for Int?l Flights,,https://promos.makemytrip.com/appfest/2x/axis-bg-14052024.jpg,,,https://www.makemytrip.com/promos/axis-offer-150524.html?detail_image=no,Axis Bank Select,
Grab FLAT 20% OFF* on Business Class for Int?l Flights,,https://promos.makemytrip.com/appfest/2x/axis-bg-14052024.jpg,,,https://www.makemytrip.com/promos/axis-offer-150524.html?detail_image=no,Axis Insta Easy,
Grab FLAT 20% OFF* on Business Class for Int?l Flights,,https://promos.makemytrip.com/appfest/2x/axis-bg-14052024.jpg,,,https://www.makemytrip.com/promos/axis-offer-150524.html?detail_image=no,Axis Bank Vistara Signature,
Grab FLAT 20% OFF* on Business Class for Int?l Flights,,https://promos.makemytrip.com/appfest/2x/axis-bg-14052024.jpg,,,https://www.makemytrip.com/promos/axis-offer-150524.html?detail_image=no,Axis Bank Pride Signature,
Grab FLAT 20% OFF* on Business Class for Int?l Flights,,https://promos.makemytrip.com/appfest/2x/axis-bg-14052024.jpg,,,https://www.makemytrip.com/promos/axis-offer-150524.html?detail_image=no,LIC Axis Bank Signature,
Grab FLAT 20% OFF* on Business Class for Int?l Flights,,https://promos.makemytrip.com/appfest/2x/axis-bg-14052024.jpg,,,https://www.makemytrip.com/promos/axis-offer-150524.html?detail_image=no,Axis Bank Platinum,
Grab FLAT 20% OFF* on Business Class for Int?l Flights,,https://promos.makemytrip.com/appfest/2x/axis-bg-14052024.jpg,,,https://www.makemytrip.com/promos/axis-offer-150524.html?detail_image=no,Axis Bank My Wings,
Grab FLAT 20% OFF* on Business Class for Int?l Flights,,https://promos.makemytrip.com/appfest/2x/axis-bg-14052024.jpg,,,https://www.makemytrip.com/promos/axis-offer-150524.html?detail_image=no,Axis Bank Aura,
Grab FLAT 20% OFF* on Business Class for Int?l Flights,,https://promos.makemytrip.com/appfest/2x/axis-bg-14052024.jpg,,,https://www.makemytrip.com/promos/axis-offer-150524.html?detail_image=no,Axis Bank Titanium Smart Traveller,
Grab FLAT 20% OFF* on Business Class for Int?l Flights,,https://promos.makemytrip.com/appfest/2x/axis-bg-14052024.jpg,,,https://www.makemytrip.com/promos/axis-offer-150524.html?detail_image=no,Axis Bank Freecharge,
Grab FLAT 20% OFF* on Business Class for Int?l Flights,,https://promos.makemytrip.com/appfest/2x/axis-bg-14052024.jpg,,,https://www.makemytrip.com/promos/axis-offer-150524.html?detail_image=no,Axis Bank Pride Platinum,
Grab FLAT 20% OFF* on Business Class for Int?l Flights,,https://promos.makemytrip.com/appfest/2x/axis-bg-14052024.jpg,,,https://www.makemytrip.com/promos/axis-offer-150524.html?detail_image=no,Axis Bank Neo,
Grab FLAT 20% OFF* on Business Class for Int?l Flights,,https://promos.makemytrip.com/appfest/2x/axis-bg-14052024.jpg,,,https://www.makemytrip.com/promos/axis-offer-150524.html?detail_image=no,Axis KWIK,
Grab FLAT 20% OFF* on Business Class for Int?l Flights,,https://promos.makemytrip.com/appfest/2x/axis-bg-14052024.jpg,,,https://www.makemytrip.com/promos/axis-offer-150524.html?detail_image=no,LIC Axis Bank Platinum,
Grab FLAT 20% OFF* on Business Class for Int?l Flights,,https://promos.makemytrip.com/appfest/2x/axis-bg-14052024.jpg,,,https://www.makemytrip.com/promos/axis-offer-150524.html?detail_image=no,Axis Horizon Mastercard,
Grab FLAT 20% OFF* on Business Class for Int?l Flights,,https://promos.makemytrip.com/appfest/2x/axis-bg-14052024.jpg,,,https://www.makemytrip.com/promos/axis-offer-150524.html?detail_image=no,Axis Bank Shoppers Stop,
Grab FLAT 20% OFF* on Business Class for Int?l Flights,,https://promos.makemytrip.com/appfest/2x/axis-bg-14052024.jpg,,,https://www.makemytrip.com/promos/axis-offer-150524.html?detail_image=no,Axis Horizon Visa,
Grab NOW: Upto 12% Instant Discounts on Domestic Flights!,,https://promos.makemytrip.com/appfest/2x/dom-flight-bg-30062023.jpg,,,https://www.makemytrip.com/promos/df-icici-02012023.html?detail_image=no,All,
Grab NOW: Upto 12% Instant Discounts on Domestic Flights!,,https://promos.makemytrip.com/appfest/2x/dom-flight-bg-30062023.jpg,,,https://www.makemytrip.com/promos/df-icici-02012023.html?detail_image=no,s except ICICI Makemytrip,
Grab NOW: Upto 12% Instant Discounts on Domestic Flights!,,https://promos.makemytrip.com/appfest/2x/dom-flight-bg-30062023.jpg,,,https://www.makemytrip.com/promos/df-icici-02012023.html?detail_image=no,and ICICI Amazon Pay,
Grab NOW: Upto 12% Instant Discounts on Domestic Flights!,,https://promos.makemytrip.com/appfest/2x/dom-flight-bg-30062023.jpg,,,https://www.makemytrip.com/promos/df-icici-02012023.html?detail_image=no,.,
Say Yay to All Travel Plans with FLAT 10% OFF*,,https://promos.makemytrip.com/appfest/2x/rupay-offer-19082022.jpg,,,https://www.makemytrip.com/promos/rupay-salary-offer-310823.html?detail_image=no,nan,All Rupay Credit Cards
RIGHT HERE: Upto 10% Instant Discount,,https://promos.makemytrip.com/appfest/2x/if-bg-05022024.jpg,,,https://www.makemytrip.com/promos/if-icici-060224.html?detail_image=no,ICICI Bank HPCL Super Saver Visa,
RIGHT HERE: Upto 10% Instant Discount,,https://promos.makemytrip.com/appfest/2x/if-bg-05022024.jpg,,,https://www.makemytrip.com/promos/if-icici-060224.html?detail_image=no,ICICI Bank HPCL Super Saver RuPay,
RIGHT HERE: Upto 10% Instant Discount,,https://promos.makemytrip.com/appfest/2x/if-bg-05022024.jpg,,,https://www.makemytrip.com/promos/if-icici-060224.html?detail_image=no,Skywards ICICI Bank Sapphiro,
RIGHT HERE: Upto 10% Instant Discount,,https://promos.makemytrip.com/appfest/2x/if-bg-05022024.jpg,,,https://www.makemytrip.com/promos/if-icici-060224.html?detail_image=no,ICICI Parakram Select,
RIGHT HERE: Upto 10% Instant Discount,,https://promos.makemytrip.com/appfest/2x/if-bg-05022024.jpg,,,https://www.makemytrip.com/promos/if-icici-060224.html?detail_image=no,Skywards ICICI Bank Emerald,
RIGHT HERE: Upto 10% Instant Discount,,https://promos.makemytrip.com/appfest/2x/if-bg-05022024.jpg,,,https://www.makemytrip.com/promos/if-icici-060224.html?detail_image=no,Accelero ICICI Bank,
RIGHT HERE: Upto 10% Instant Discount,,https://promos.makemytrip.com/appfest/2x/if-bg-05022024.jpg,,,https://www.makemytrip.com/promos/if-icici-060224.html?detail_image=no,ICICI HPCL Coral,
RIGHT HERE: Upto 10% Instant Discount,,https://promos.makemytrip.com/appfest/2x/if-bg-05022024.jpg,,,https://www.makemytrip.com/promos/if-icici-060224.html?detail_image=no,ICICI Manchester United Platinum,
RIGHT HERE: Upto 10% Instant Discount,,https://promos.makemytrip.com/appfest/2x/if-bg-05022024.jpg,,,https://www.makemytrip.com/promos/if-icici-060224.html?detail_image=no,ICICI Parakram,
RIGHT HERE: Upto 10% Instant Discount,,https://promos.makemytrip.com/appfest/2x/if-bg-05022024.jpg,,,https://www.makemytrip.com/promos/if-icici-060224.html?detail_image=no,Expressions,
RIGHT HERE: Upto 10% Instant Discount,,https://promos.makemytrip.com/appfest/2x/if-bg-05022024.jpg,,,https://www.makemytrip.com/promos/if-icici-060224.html?detail_image=no,Emirates Skywards Rubyx,
RIGHT HERE: Upto 10% Instant Discount,,https://promos.makemytrip.com/appfest/2x/if-bg-05022024.jpg,,,https://www.makemytrip.com/promos/if-icici-060224.html?detail_image=no,Adani One ICICI Platinum,
RIGHT HERE: Upto 10% Instant Discount,,https://promos.makemytrip.com/appfest/2x/if-bg-05022024.jpg,,,https://www.makemytrip.com/promos/if-icici-060224.html?detail_image=no,Adani One ICICI Signature,
RIGHT HERE: Upto 10% Instant Discount,,https://promos.makemytrip.com/appfest/2x/if-bg-05022024.jpg,,,https://www.makemytrip.com/promos/if-icici-060224.html?detail_image=no,ICICI Bank Emeralde,
RIGHT HERE: Upto 10% Instant Discount,,https://promos.makemytrip.com/appfest/2x/if-bg-05022024.jpg,,,https://www.makemytrip.com/promos/if-icici-060224.html?detail_image=no,ICICI Bank Instant Platinum,
RIGHT HERE: Upto 10% Instant Discount,,https://promos.makemytrip.com/appfest/2x/if-bg-05022024.jpg,,,https://www.makemytrip.com/promos/if-icici-060224.html?detail_image=no,ICICI Manchester United Signature,
RIGHT HERE: Upto 10% Instant Discount,,https://promos.makemytrip.com/appfest/2x/if-bg-05022024.jpg,,,https://www.makemytrip.com/promos/if-icici-060224.html?detail_image=no,ICICI Bank Sapphiro,
RIGHT HERE: Upto 10% Instant Discount,,https://promos.makemytrip.com/appfest/2x/if-bg-05022024.jpg,,,https://www.makemytrip.com/promos/if-icici-060224.html?detail_image=no,ICICI Bank Coral RuPay,
RIGHT HERE: Upto 10% Instant Discount,,https://promos.makemytrip.com/appfest/2x/if-bg-05022024.jpg,,,https://www.makemytrip.com/promos/if-icici-060224.html?detail_image=no,Chennai Super Kings ICICI Bank,
RIGHT HERE: Upto 10% Instant Discount,,https://promos.makemytrip.com/appfest/2x/if-bg-05022024.jpg,,,https://www.makemytrip.com/promos/if-icici-060224.html?detail_image=no,.,
RIGHT HERE: Upto 10% Instant Discount,,https://promos.makemytrip.com/appfest/2x/if-bg-05022024.jpg,,,https://www.makemytrip.com/promos/if-icici-060224.html?detail_image=no,ICICI Bank Coral Visa,
RIGHT HERE: Upto 10% Instant Discount,,https://promos.makemytrip.com/appfest/2x/if-bg-05022024.jpg,,,https://www.makemytrip.com/promos/if-icici-060224.html?detail_image=no,ICICI Bank Rubyx RuPay,
RIGHT HERE: Upto 10% Instant Discount,,https://promos.makemytrip.com/appfest/2x/if-bg-05022024.jpg,,,https://www.makemytrip.com/promos/if-icici-060224.html?detail_image=no,ICICI Bank Rubyx Visa,
RIGHT HERE: Upto 10% Instant Discount,,https://promos.makemytrip.com/appfest/2x/if-bg-05022024.jpg,,,https://www.makemytrip.com/promos/if-icici-060224.html?detail_image=no,Platinum Chip,
RIGHT HERE: Upto 10% Instant Discount,,https://promos.makemytrip.com/appfest/2x/if-bg-05022024.jpg,,,https://www.makemytrip.com/promos/if-icici-060224.html?detail_image=no,ICICI Bank Times Black,
Grab up to 15% OFF*,,https://promos.makemytrip.com/appfest/2x/BG-Canara01-29092022.jpg,,,https://www.makemytrip.com/promos/canara-bank-offers-220723.html?detail_image=no,Canara Bank Mastercard Standard,
Grab up to 15% OFF*,,https://promos.makemytrip.com/appfest/2x/BG-Canara01-29092022.jpg,,,https://www.makemytrip.com/promos/canara-bank-offers-220723.html?detail_image=no,Review,
Grab up to 15% OFF*,,https://promos.makemytrip.com/appfest/2x/BG-Canara01-29092022.jpg,,,https://www.makemytrip.com/promos/canara-bank-offers-220723.html?detail_image=no,Canara Bank Mastercard Gold Secured,
Grab up to 15% OFF*,,https://promos.makemytrip.com/appfest/2x/BG-Canara01-29092022.jpg,,,https://www.makemytrip.com/promos/canara-bank-offers-220723.html?detail_image=no,Mastercard Gold,
Grab up to 15% OFF*,,https://promos.makemytrip.com/appfest/2x/BG-Canara01-29092022.jpg,,,https://www.makemytrip.com/promos/canara-bank-offers-220723.html?detail_image=no,VISA Gold Secured,
Grab up to 15% OFF*,,https://promos.makemytrip.com/appfest/2x/BG-Canara01-29092022.jpg,,,https://www.makemytrip.com/promos/canara-bank-offers-220723.html?detail_image=no,Canara Bank VISA Classic,
Grab up to 15% OFF*,,https://promos.makemytrip.com/appfest/2x/BG-Canara01-29092022.jpg,,,https://www.makemytrip.com/promos/canara-bank-offers-220723.html?detail_image=no,Rupay Platinum,
Grab up to 15% OFF*,,https://promos.makemytrip.com/appfest/2x/BG-Canara01-29092022.jpg,,,https://www.makemytrip.com/promos/canara-bank-offers-220723.html?detail_image=no,VISA Corporate,
Grab up to 15% OFF*,,https://promos.makemytrip.com/appfest/2x/BG-Canara01-29092022.jpg,,,https://www.makemytrip.com/promos/canara-bank-offers-220723.html?detail_image=no,Rupay Platinum Secured,
Grab up to 15% OFF*,,https://promos.makemytrip.com/appfest/2x/BG-Canara01-29092022.jpg,,,https://www.makemytrip.com/promos/canara-bank-offers-220723.html?detail_image=no,Mastercard Platinum,
Grab up to 15% OFF*,,https://promos.makemytrip.com/appfest/2x/BG-Canara01-29092022.jpg,,,https://www.makemytrip.com/promos/canara-bank-offers-220723.html?detail_image=no,Visa Platinum,
Grab up to 15% OFF*,,https://promos.makemytrip.com/appfest/2x/BG-Canara01-29092022.jpg,,,https://www.makemytrip.com/promos/canara-bank-offers-220723.html?detail_image=no,Rupay Select,
Grab up to 15% OFF*,,https://promos.makemytrip.com/appfest/2x/BG-Canara01-29092022.jpg,,,https://www.makemytrip.com/promos/canara-bank-offers-220723.html?detail_image=no,VISA Gold,
Grab up to 15% OFF*,,https://promos.makemytrip.com/appfest/2x/BG-Canara01-29092022.jpg,,,https://www.makemytrip.com/promos/canara-bank-offers-220723.html?detail_image=no,Canara Bank Mastercard World,
Grab up to 15% OFF*,,https://promos.makemytrip.com/appfest/2x/BG-Canara01-29092022.jpg,,,https://www.makemytrip.com/promos/canara-bank-offers-220723.html?detail_image=no,Rupay Select Secured,
Grab up to 15% OFF*,,https://promos.makemytrip.com/appfest/2x/BG-Canara01-29092022.jpg,,,https://www.makemytrip.com/promos/canara-bank-offers-220723.html?detail_image=no,Rupay Classic,
