Offer Title,Image,Description,,Link,Eligible Credit Cards,Eligible Debit Cards
Flat 10% OFF (up to Rs. 7000),https://www.yatra.com/ythomepagecms/media/todayspick_home/2025/Jul/30c98bcb522eacf30577032cab4e0749.jpg,YRBOBCCEMI,,https://www.yatra.com/offer/details/BOBCARD-emi-offers,Bobcard Cashback Credit Card,
Flat 10% OFF (up to Rs. 7000),https://www.yatra.com/ythomepagecms/media/todayspick_home/2025/Jul/30c98bcb522eacf30577032cab4e0749.jpg,YRBOBCCEMI,,https://www.yatra.com/offer/details/BOBCARD-emi-offers,Bank of Baroda Premier Credit Card,
Flat 10% OFF (up to Rs. 7000),https://www.yatra.com/ythomepagecms/media/todayspick_home/2025/Jul/30c98bcb522eacf30577032cab4e0749.jpg,YRBOBCCEMI,,https://www.yatra.com/offer/details/BOBCARD-emi-offers,BOB Assure Credit Card,
Flat 10% OFF (up to Rs. 7000),https://www.yatra.com/ythomepagecms/media/todayspick_home/2025/Jul/30c98bcb522eacf30577032cab4e0749.jpg,YRBOBCCEMI,,https://www.yatra.com/offer/details/BOBCARD-emi-offers,Eterna Bobcard,
Flat 10% OFF (up to Rs. 7000),https://www.yatra.com/ythomepagecms/media/todayspick_home/2025/Jul/30c98bcb522eacf30577032cab4e0749.jpg,YRBOBCCEMI,,https://www.yatra.com/offer/details/BOBCARD-emi-offers,Indian Navy Varunah Premium Bobcard,
Flat 10% OFF (up to Rs. 7000),https://www.yatra.com/ythomepagecms/media/todayspick_home/2025/Jul/30c98bcb522eacf30577032cab4e0749.jpg,YRBOBCCEMI,,https://www.yatra.com/offer/details/BOBCARD-emi-offers,CMA One Bobcard,
Flat 10% OFF (up to Rs. 7000),https://www.yatra.com/ythomepagecms/media/todayspick_home/2025/Jul/30c98bcb522eacf30577032cab4e0749.jpg,YRBOBCCEMI,,https://www.yatra.com/offer/details/BOBCARD-emi-offers,Bank of Baroda ETERNA Credit card,
Flat 10% OFF (up to Rs. 7000),https://www.yatra.com/ythomepagecms/media/todayspick_home/2025/Jul/30c98bcb522eacf30577032cab4e0749.jpg,YRBOBCCEMI,,https://www.yatra.com/offer/details/BOBCARD-emi-offers,ICSI Diamond Bobcard,
Flat 10% OFF (up to Rs. 7000),https://www.yatra.com/ythomepagecms/media/todayspick_home/2025/Jul/30c98bcb522eacf30577032cab4e0749.jpg,YRBOBCCEMI,,https://www.yatra.com/offer/details/BOBCARD-emi-offers,Bank of Baroda EASY Credit Card,
Flat 10% OFF (up to Rs. 7000),https://www.yatra.com/ythomepagecms/media/todayspick_home/2025/Jul/30c98bcb522eacf30577032cab4e0749.jpg,YRBOBCCEMI,,https://www.yatra.com/offer/details/BOBCARD-emi-offers,ICAI Exclusive Bobcard,
Flat 10% OFF (up to Rs. 7000),https://www.yatra.com/ythomepagecms/media/todayspick_home/2025/Jul/30c98bcb522eacf30577032cab4e0749.jpg,YRBOBCCEMI,,https://www.yatra.com/offer/details/BOBCARD-emi-offers,Assam Rifles The Sentinel Bobcard,
Flat 10% OFF (up to Rs. 7000),https://www.yatra.com/ythomepagecms/media/todayspick_home/2025/Jul/30c98bcb522eacf30577032cab4e0749.jpg,YRBOBCCEMI,,https://www.yatra.com/offer/details/BOBCARD-emi-offers,Indian Army Yoddha Bobcard,
Flat 10% OFF (up to Rs. 7000),https://www.yatra.com/ythomepagecms/media/todayspick_home/2025/Jul/30c98bcb522eacf30577032cab4e0749.jpg,YRBOBCCEMI,,https://www.yatra.com/offer/details/BOBCARD-emi-offers,HPCL BoB ENERGIE,
Flat 10% OFF (up to Rs. 7000),https://www.yatra.com/ythomepagecms/media/todayspick_home/2025/Jul/30c98bcb522eacf30577032cab4e0749.jpg,YRBOBCCEMI,,https://www.yatra.com/offer/details/BOBCARD-emi-offers,Prime Bobcard,
Flat 10% OFF (up to Rs. 7000),https://www.yatra.com/ythomepagecms/media/todayspick_home/2025/Jul/30c98bcb522eacf30577032cab4e0749.jpg,YRBOBCCEMI,,https://www.yatra.com/offer/details/BOBCARD-emi-offers,Swavlamban Bobcard,
Flat 10% OFF (up to Rs. 7000),https://www.yatra.com/ythomepagecms/media/todayspick_home/2025/Jul/30c98bcb522eacf30577032cab4e0749.jpg,YRBOBCCEMI,,https://www.yatra.com/offer/details/BOBCARD-emi-offers,IRCTC Bobcard,
Flat 10% OFF (up to Rs. 7000),https://www.yatra.com/ythomepagecms/media/todayspick_home/2025/Jul/30c98bcb522eacf30577032cab4e0749.jpg,YRBOBCCEMI,,https://www.yatra.com/offer/details/BOBCARD-emi-offers,Snapdeal Bobcard,
Flat 10% OFF (up to Rs. 7000),https://www.yatra.com/ythomepagecms/media/todayspick_home/2025/Jul/30c98bcb522eacf30577032cab4e0749.jpg,YRBOBCCEMI,,https://www.yatra.com/offer/details/BOBCARD-emi-offers,Unnati Bobcard,
Flat 10% OFF (up to Rs. 7000),https://www.yatra.com/ythomepagecms/media/todayspick_home/2025/Jul/30c98bcb522eacf30577032cab4e0749.jpg,YRBOBCCEMI,,https://www.yatra.com/offer/details/BOBCARD-emi-offers,Indian Coast Guard Rakshamah Bank of Baroda,
Flat 10% OFF (up to Rs. 7000),https://www.yatra.com/ythomepagecms/media/todayspick_home/2025/Jul/30c98bcb522eacf30577032cab4e0749.jpg,YRBOBCCEMI,,https://www.yatra.com/offer/details/BOBCARD-emi-offers,Bobcard Select,
Flat 11% OFF (up to Rs. 7000),https://www.yatra.com/ythomepagecms/media/todayspick_home/2025/Oct/cdba6294d4e550ffe5fb1cbeab717097.jpg,AMEXNET,,https://www.yatra.com/offer/details/american-express-network-card-offers,American Express Platinum Reserve Credit Card,
Flat 11% OFF (up to Rs. 7000),https://www.yatra.com/ythomepagecms/media/todayspick_home/2025/Oct/cdba6294d4e550ffe5fb1cbeab717097.jpg,AMEXNET,,https://www.yatra.com/offer/details/american-express-network-card-offers,American Express Platinum Charge Card,
Flat 11% OFF (up to Rs. 7000),https://www.yatra.com/ythomepagecms/media/todayspick_home/2025/Oct/cdba6294d4e550ffe5fb1cbeab717097.jpg,AMEXNET,,https://www.yatra.com/offer/details/american-express-network-card-offers,American Express Platinum Travel Credit Card,
Flat 11% OFF (up to Rs. 7000),https://www.yatra.com/ythomepagecms/media/todayspick_home/2025/Oct/cdba6294d4e550ffe5fb1cbeab717097.jpg,AMEXNET,,https://www.yatra.com/offer/details/american-express-network-card-offers,American Express Gold Charge Card,
Flat 11% OFF (up to Rs. 7000),https://www.yatra.com/ythomepagecms/media/todayspick_home/2025/Oct/cdba6294d4e550ffe5fb1cbeab717097.jpg,AMEXNET,,https://www.yatra.com/offer/details/american-express-network-card-offers,American Express Membership Rewards Credit Card,
Flat 11% OFF (up to Rs. 7000),https://www.yatra.com/ythomepagecms/media/todayspick_home/2025/Oct/cdba6294d4e550ffe5fb1cbeab717097.jpg,AMEXNET,,https://www.yatra.com/offer/details/american-express-network-card-offers,American Express Smartearn Credit Card,
AU Offer,https://www.yatra.com/ythomepagecms/media/todayspick_home/2025/Dec/3fac6ca5f0cb0724df62510ee233c258.jpg,YTAUEMI,,https://www.yatra.com/offer/details/au-bank-EMI-offers,AU Altura Credit Card,
AU Offer,https://www.yatra.com/ythomepagecms/media/todayspick_home/2025/Dec/3fac6ca5f0cb0724df62510ee233c258.jpg,YTAUEMI,,https://www.yatra.com/offer/details/au-bank-EMI-offers,AU Bank Zenith+ Credit Card,
AU Offer,https://www.yatra.com/ythomepagecms/media/todayspick_home/2025/Dec/3fac6ca5f0cb0724df62510ee233c258.jpg,YTAUEMI,,https://www.yatra.com/offer/details/au-bank-EMI-offers,AU Vetta Credit Card,
AU Offer,https://www.yatra.com/ythomepagecms/media/todayspick_home/2025/Dec/3fac6ca5f0cb0724df62510ee233c258.jpg,YTAUEMI,,https://www.yatra.com/offer/details/au-bank-EMI-offers,AU Bank InstaPay Credit Card,
AU Offer,https://www.yatra.com/ythomepagecms/media/todayspick_home/2025/Dec/3fac6ca5f0cb0724df62510ee233c258.jpg,YTAUEMI,,https://www.yatra.com/offer/details/au-bank-EMI-offers,AU Bank Altura Plus Credit Card,
AU Offer,https://www.yatra.com/ythomepagecms/media/todayspick_home/2025/Dec/3fac6ca5f0cb0724df62510ee233c258.jpg,YTAUEMI,,https://www.yatra.com/offer/details/au-bank-EMI-offers,AU Zenith Credit Card,
AU Offer,https://www.yatra.com/ythomepagecms/media/todayspick_home/2025/Dec/3fac6ca5f0cb0724df62510ee233c258.jpg,YTAUEMI,,https://www.yatra.com/offer/details/au-bank-EMI-offers,Ixigo AU Travel Credit Card,
AU Offer,https://www.yatra.com/ythomepagecms/media/todayspick_home/2025/Dec/3fac6ca5f0cb0724df62510ee233c258.jpg,YTAUEMI,,https://www.yatra.com/offer/details/au-bank-EMI-offers,AU LIT Credit Card,
Onecard Offer,https://www.yatra.com/ythomepagecms/media/todayspick_home/2025/Dec/16e0193b09ea53a18534851ac48ace5e.jpg,ONECARDEMI,,https://www.yatra.com/offer/details/onecard-emi-offers,SIB Onecard Credit Card SBM Onecard Credit Card CSB Onecard Credit Card,
Yatra HDFC Offer,https://www.yatra.com/ythomepagecms/media/todayspick_home/2025/Dec/66865c2854f0eb7f78bfecb440fde64d.jpg,YRHDFCCCEMI6,,https://www.yatra.com/offer/details/hdfc-credit-card-easy-emi-offers,PhonePe HDFC Bank Ultimo Credit Card,
Yatra HDFC Offer,https://www.yatra.com/ythomepagecms/media/todayspick_home/2025/Dec/66865c2854f0eb7f78bfecb440fde64d.jpg,YRHDFCCCEMI6,,https://www.yatra.com/offer/details/hdfc-credit-card-easy-emi-offers,HDFC Bank MoneyBack Plus RuPay Credit Card,
Yatra HDFC Offer,https://www.yatra.com/ythomepagecms/media/todayspick_home/2025/Dec/66865c2854f0eb7f78bfecb440fde64d.jpg,YRHDFCCCEMI6,,https://www.yatra.com/offer/details/hdfc-credit-card-easy-emi-offers,HDFC Bank Biz Power Visa Credit Card,
Yatra HDFC Offer,https://www.yatra.com/ythomepagecms/media/todayspick_home/2025/Dec/66865c2854f0eb7f78bfecb440fde64d.jpg,YRHDFCCCEMI6,,https://www.yatra.com/offer/details/hdfc-credit-card-easy-emi-offers,HDFC Bank Biz Power Credit Card,
Yatra HDFC Offer,https://www.yatra.com/ythomepagecms/media/todayspick_home/2025/Dec/66865c2854f0eb7f78bfecb440fde64d.jpg,YRHDFCCCEMI6,,https://www.yatra.com/offer/details/hdfc-credit-card-easy-emi-offers,HDFC Bank Biz Grow Credit Card,
Yatra HDFC Offer,https://www.yatra.com/ythomepagecms/media/todayspick_home/2025/Dec/66865c2854f0eb7f78bfecb440fde64d.jpg,YRHDFCCCEMI6,,https://www.yatra.com/offer/details/hdfc-credit-card-easy-emi-offers,HDFC Pixel Go Rupay Credit Card,
Yatra HDFC Offer,https://www.yatra.com/ythomepagecms/media/todayspick_home/2025/Dec/66865c2854f0eb7f78bfecb440fde64d.jpg,YRHDFCCCEMI6,,https://www.yatra.com/offer/details/hdfc-credit-card-easy-emi-offers,Tata Neu Infinity HDFC Bank RuPay Credit Card,
Yatra HDFC Offer,https://www.yatra.com/ythomepagecms/media/todayspick_home/2025/Dec/66865c2854f0eb7f78bfecb440fde64d.jpg,YRHDFCCCEMI6,,https://www.yatra.com/offer/details/hdfc-credit-card-easy-emi-offers,IndianOil HDFC Bank RuPay Credit Card,
Yatra HDFC Offer,https://www.yatra.com/ythomepagecms/media/todayspick_home/2025/Dec/66865c2854f0eb7f78bfecb440fde64d.jpg,YRHDFCCCEMI6,,https://www.yatra.com/offer/details/hdfc-credit-card-easy-emi-offers,HDFC Regalia Gold Credit Card,
Yatra HDFC Offer,https://www.yatra.com/ythomepagecms/media/todayspick_home/2025/Dec/66865c2854f0eb7f78bfecb440fde64d.jpg,YRHDFCCCEMI6,,https://www.yatra.com/offer/details/hdfc-credit-card-easy-emi-offers,HDFC Bank Business Regalia First Credit Card,
Yatra HDFC Offer,https://www.yatra.com/ythomepagecms/media/todayspick_home/2025/Dec/66865c2854f0eb7f78bfecb440fde64d.jpg,YRHDFCCCEMI6,,https://www.yatra.com/offer/details/hdfc-credit-card-easy-emi-offers,Paytm HDFC Bank Business Credit Card,
Yatra HDFC Offer,https://www.yatra.com/ythomepagecms/media/todayspick_home/2025/Dec/66865c2854f0eb7f78bfecb440fde64d.jpg,YRHDFCCCEMI6,,https://www.yatra.com/offer/details/hdfc-credit-card-easy-emi-offers,CSC Small Business MoneyBack Credit Card,
Yatra HDFC Offer,https://www.yatra.com/ythomepagecms/media/todayspick_home/2025/Dec/66865c2854f0eb7f78bfecb440fde64d.jpg,YRHDFCCCEMI6,,https://www.yatra.com/offer/details/hdfc-credit-card-easy-emi-offers,HDFC Millennia Credit Card,
Yatra HDFC Offer,https://www.yatra.com/ythomepagecms/media/todayspick_home/2025/Dec/66865c2854f0eb7f78bfecb440fde64d.jpg,YRHDFCCCEMI6,,https://www.yatra.com/offer/details/hdfc-credit-card-easy-emi-offers,HDFC Moneyback Credit Card,
Yatra HDFC Offer,https://www.yatra.com/ythomepagecms/media/todayspick_home/2025/Dec/66865c2854f0eb7f78bfecb440fde64d.jpg,YRHDFCCCEMI6,,https://www.yatra.com/offer/details/hdfc-credit-card-easy-emi-offers,HDFC All Miles Credit Card,
Yatra HDFC Offer,https://www.yatra.com/ythomepagecms/media/todayspick_home/2025/Dec/66865c2854f0eb7f78bfecb440fde64d.jpg,YRHDFCCCEMI6,,https://www.yatra.com/offer/details/hdfc-credit-card-easy-emi-offers,HDFC Bank World Mastercard Credit Card,
Yatra HDFC Offer,https://www.yatra.com/ythomepagecms/media/todayspick_home/2025/Dec/66865c2854f0eb7f78bfecb440fde64d.jpg,YRHDFCCCEMI6,,https://www.yatra.com/offer/details/hdfc-credit-card-easy-emi-offers,HDFC Diners Club Black Credit Card,
Yatra HDFC Offer,https://www.yatra.com/ythomepagecms/media/todayspick_home/2025/Dec/66865c2854f0eb7f78bfecb440fde64d.jpg,YRHDFCCCEMI6,,https://www.yatra.com/offer/details/hdfc-credit-card-easy-emi-offers,Marriott Bonvoy HDFC Bank Credit Card,
Yatra HDFC Offer,https://www.yatra.com/ythomepagecms/media/todayspick_home/2025/Dec/66865c2854f0eb7f78bfecb440fde64d.jpg,YRHDFCCCEMI6,,https://www.yatra.com/offer/details/hdfc-credit-card-easy-emi-offers,HDFC Bank Biz Grow Credit Card,
Yatra HDFC Offer,https://www.yatra.com/ythomepagecms/media/todayspick_home/2025/Dec/66865c2854f0eb7f78bfecb440fde64d.jpg,YRHDFCCCEMI6,,https://www.yatra.com/offer/details/hdfc-credit-card-easy-emi-offers,HDFC Biz Black Metal Edition Credit Card,
Yatra HDFC Offer,https://www.yatra.com/ythomepagecms/media/todayspick_home/2025/Dec/66865c2854f0eb7f78bfecb440fde64d.jpg,YRHDFCCCEMI6,,https://www.yatra.com/offer/details/hdfc-credit-card-easy-emi-offers,HDFC Bank Freedom Credit Card,
Yatra HDFC Offer,https://www.yatra.com/ythomepagecms/media/todayspick_home/2025/Dec/66865c2854f0eb7f78bfecb440fde64d.jpg,YRHDFCCCEMI6,,https://www.yatra.com/offer/details/hdfc-credit-card-easy-emi-offers,Intermiles HDFC Bank Diners Club Credit Card,
Yatra HDFC Offer,https://www.yatra.com/ythomepagecms/media/todayspick_home/2025/Dec/66865c2854f0eb7f78bfecb440fde64d.jpg,YRHDFCCCEMI6,,https://www.yatra.com/offer/details/hdfc-credit-card-easy-emi-offers,HDFC Pixel Go Credit Card,
Yatra HDFC Offer,https://www.yatra.com/ythomepagecms/media/todayspick_home/2025/Dec/66865c2854f0eb7f78bfecb440fde64d.jpg,YRHDFCCCEMI6,,https://www.yatra.com/offer/details/hdfc-credit-card-easy-emi-offers,6E Rewards Indigo HDFC Bank Credit Card,
Yatra HDFC Offer,https://www.yatra.com/ythomepagecms/media/todayspick_home/2025/Dec/66865c2854f0eb7f78bfecb440fde64d.jpg,YRHDFCCCEMI6,,https://www.yatra.com/offer/details/hdfc-credit-card-easy-emi-offers,HDFC Bank Moneyback Plus Credit Card,
Yatra HDFC Offer,https://www.yatra.com/ythomepagecms/media/todayspick_home/2025/Dec/66865c2854f0eb7f78bfecb440fde64d.jpg,YRHDFCCCEMI6,,https://www.yatra.com/offer/details/hdfc-credit-card-easy-emi-offers,Shoppers Stop Black HDFC Bank Credit Card,
Yatra HDFC Offer,https://www.yatra.com/ythomepagecms/media/todayspick_home/2025/Dec/66865c2854f0eb7f78bfecb440fde64d.jpg,YRHDFCCCEMI6,,https://www.yatra.com/offer/details/hdfc-credit-card-easy-emi-offers,6E Rewards XL IndiGo HDFC Bank Credit Card,
Yatra HDFC Offer,https://www.yatra.com/ythomepagecms/media/todayspick_home/2025/Dec/66865c2854f0eb7f78bfecb440fde64d.jpg,YRHDFCCCEMI6,,https://www.yatra.com/offer/details/hdfc-credit-card-easy-emi-offers,HDFC Bank UPI RuPay Biz Credit Card,
Yatra HDFC Offer,https://www.yatra.com/ythomepagecms/media/todayspick_home/2025/Dec/66865c2854f0eb7f78bfecb440fde64d.jpg,YRHDFCCCEMI6,,https://www.yatra.com/offer/details/hdfc-credit-card-easy-emi-offers,HDFC Diners Club Privilege Credit Card,
Yatra HDFC Offer,https://www.yatra.com/ythomepagecms/media/todayspick_home/2025/Dec/66865c2854f0eb7f78bfecb440fde64d.jpg,YRHDFCCCEMI6,,https://www.yatra.com/offer/details/hdfc-credit-card-easy-emi-offers,HDFC Bank Biz First Credit Card,
Yatra HDFC Offer,https://www.yatra.com/ythomepagecms/media/todayspick_home/2025/Dec/66865c2854f0eb7f78bfecb440fde64d.jpg,YRHDFCCCEMI6,,https://www.yatra.com/offer/details/hdfc-credit-card-easy-emi-offers,HDFC Bank Platinum Times Credit Card,
Yatra HDFC Offer,https://www.yatra.com/ythomepagecms/media/todayspick_home/2025/Dec/66865c2854f0eb7f78bfecb440fde64d.jpg,YRHDFCCCEMI6,,https://www.yatra.com/offer/details/hdfc-credit-card-easy-emi-offers,Indianoil HDFC Bank Credit Card,
Yatra HDFC Offer,https://www.yatra.com/ythomepagecms/media/todayspick_home/2025/Dec/66865c2854f0eb7f78bfecb440fde64d.jpg,YRHDFCCCEMI6,,https://www.yatra.com/offer/details/hdfc-credit-card-easy-emi-offers,HDFC Bank Business Gold Credit Card,
Yatra HDFC Offer,https://www.yatra.com/ythomepagecms/media/todayspick_home/2025/Dec/66865c2854f0eb7f78bfecb440fde64d.jpg,YRHDFCCCEMI6,,https://www.yatra.com/offer/details/hdfc-credit-card-easy-emi-offers,HDFC Bank Titanium Times Card,
Yatra HDFC Offer,https://www.yatra.com/ythomepagecms/media/todayspick_home/2025/Dec/66865c2854f0eb7f78bfecb440fde64d.jpg,YRHDFCCCEMI6,,https://www.yatra.com/offer/details/hdfc-credit-card-easy-emi-offers,Shoppers Stop HDFC Bank Credit Card,
Yatra HDFC Offer,https://www.yatra.com/ythomepagecms/media/todayspick_home/2025/Dec/66865c2854f0eb7f78bfecb440fde64d.jpg,YRHDFCCCEMI6,,https://www.yatra.com/offer/details/hdfc-credit-card-easy-emi-offers,Tata Neu Plus HDFC Bank RuPay Credit Card,
Yatra HDFC Offer,https://www.yatra.com/ythomepagecms/media/todayspick_home/2025/Dec/66865c2854f0eb7f78bfecb440fde64d.jpg,YRHDFCCCEMI6,,https://www.yatra.com/offer/details/hdfc-credit-card-easy-emi-offers,HDFC Bank Infinia Credit Card Metal Edition,
Yatra HDFC Offer,https://www.yatra.com/ythomepagecms/media/todayspick_home/2025/Dec/66865c2854f0eb7f78bfecb440fde64d.jpg,YRHDFCCCEMI6,,https://www.yatra.com/offer/details/hdfc-credit-card-easy-emi-offers,HDFC Bharat Credit Card,
Yatra HDFC Offer,https://www.yatra.com/ythomepagecms/media/todayspick_home/2025/Dec/66865c2854f0eb7f78bfecb440fde64d.jpg,YRHDFCCCEMI6,,https://www.yatra.com/offer/details/hdfc-credit-card-easy-emi-offers,Easy EMI Card,
Yatra HDFC Offer,https://www.yatra.com/ythomepagecms/media/todayspick_home/2025/Dec/66865c2854f0eb7f78bfecb440fde64d.jpg,YRHDFCCCEMI6,,https://www.yatra.com/offer/details/hdfc-credit-card-easy-emi-offers,HDFC Bank UPI RuPay Credit Card,
Yatra HDFC Offer,https://www.yatra.com/ythomepagecms/media/todayspick_home/2025/Dec/66865c2854f0eb7f78bfecb440fde64d.jpg,YRHDFCCCEMI6,,https://www.yatra.com/offer/details/hdfc-credit-card-easy-emi-offers,HDFC Pixel Play Credit Card,
,,,,,,
,,,,,,
,,,,,,
,,,,,,
,,,,,,
,,,,,,
,,,,,,
,,,,,,
,,,,,,
,,,,,,
,,,,,,
,,,,,,
,,,,,,
,,,,,,
,,,,,,
,,,,,,
,,,,,,
,,,,,,
,,,,,,
,,,,,,
,,,,,,
,,,,,,
,,,,,,
,,,,,,
,,,,,,
,,,,,,
,,,,,,
,,,,,,
,,,,,,
Up to Rs. 4500,https://www.yatra.com/ythomepagecms/media/todayspick_home/2025/Jul/4f2d96e7fd99471ecdeae1ad6ccd3a88.jpg,YATRAAUDC,,https://www.yatra.com/offer/details/au-debit-card-offer,,AU Royale Business Debit Card
Up to Rs. 4500,https://www.yatra.com/ythomepagecms/media/todayspick_home/2025/Jul/4f2d96e7fd99471ecdeae1ad6ccd3a88.jpg,YATRAAUDC,,https://www.yatra.com/offer/details/au-debit-card-offer,,AU Visa Business Gold Debit Card
Up to Rs. 4500,https://www.yatra.com/ythomepagecms/media/todayspick_home/2025/Jul/4f2d96e7fd99471ecdeae1ad6ccd3a88.jpg,YATRAAUDC,,https://www.yatra.com/offer/details/au-debit-card-offer,,AU Royale Debit Card
Up to Rs. 4500,https://www.yatra.com/ythomepagecms/media/todayspick_home/2025/Jul/4f2d96e7fd99471ecdeae1ad6ccd3a88.jpg,YATRAAUDC,,https://www.yatra.com/offer/details/au-debit-card-offer,,AU Visa Gold Debit Card
Up to Rs. 4500,https://www.yatra.com/ythomepagecms/media/todayspick_home/2025/Jul/4f2d96e7fd99471ecdeae1ad6ccd3a88.jpg,YATRAAUDC,,https://www.yatra.com/offer/details/au-debit-card-offer,,AU Platinum Debit Card
Up to Rs. 4500,https://www.yatra.com/ythomepagecms/media/todayspick_home/2025/Jul/4f2d96e7fd99471ecdeae1ad6ccd3a88.jpg,YATRAAUDC,,https://www.yatra.com/offer/details/au-debit-card-offer,,AU Royale World Debit Card
Up to Rs. 4500,https://www.yatra.com/ythomepagecms/media/todayspick_home/2025/Jul/4f2d96e7fd99471ecdeae1ad6ccd3a88.jpg,YATRAAUDC,,https://www.yatra.com/offer/details/au-debit-card-offer,,AU RuPay Platinum Debit Card
Up to Rs. 4500,https://www.yatra.com/ythomepagecms/media/todayspick_home/2025/Jul/4f2d96e7fd99471ecdeae1ad6ccd3a88.jpg,YATRAAUDC,,https://www.yatra.com/offer/details/au-debit-card-offer,,AU RuPay Classic Debit Card
Up to Rs. 4500,https://www.yatra.com/ythomepagecms/media/todayspick_home/2025/Jul/4f2d96e7fd99471ecdeae1ad6ccd3a88.jpg,YATRAAUDC,,https://www.yatra.com/offer/details/au-debit-card-offer,,AU Visa Business Platinum Debit Card
Up to Rs. 4500,https://www.yatra.com/ythomepagecms/media/todayspick_home/2025/Jul/4f2d96e7fd99471ecdeae1ad6ccd3a88.jpg,YATRAAUDC,,https://www.yatra.com/offer/details/au-debit-card-offer,,AU Mastercard Platinum Debit Card
,,,,,,
,,,,,,
,,,,,,
Flat 10% OFF (Up to Rs. 5000),https://www.yatra.com/ythomepagecms/media/todayspick_home/2025/Sep/003cbf8a3ee7c750f69c189d880d38b9.jpg,Coupon Code : KOTAKEMI,,https://www.yatra.com/offer/details/kotak-bank-emi-offers,Indianoil Kotak Credit Card,
Flat 10% OFF (Up to Rs. 5000),https://www.yatra.com/ythomepagecms/media/todayspick_home/2025/Sep/003cbf8a3ee7c750f69c189d880d38b9.jpg,Coupon Code : KOTAKEMI,,https://www.yatra.com/offer/details/kotak-bank-emi-offers,Kotak 811 Credit Card,
Flat 10% OFF (Up to Rs. 5000),https://www.yatra.com/ythomepagecms/media/todayspick_home/2025/Sep/003cbf8a3ee7c750f69c189d880d38b9.jpg,Coupon Code : KOTAKEMI,,https://www.yatra.com/offer/details/kotak-bank-emi-offers,Kotak 811 Dream Different Credit Card,
Flat 10% OFF (Up to Rs. 5000),https://www.yatra.com/ythomepagecms/media/todayspick_home/2025/Sep/003cbf8a3ee7c750f69c189d880d38b9.jpg,Coupon Code : KOTAKEMI,,https://www.yatra.com/offer/details/kotak-bank-emi-offers,Kotak IndiGo 6E Rewards Credit Card,
Flat 10% OFF (Up to Rs. 5000),https://www.yatra.com/ythomepagecms/media/todayspick_home/2025/Sep/003cbf8a3ee7c750f69c189d880d38b9.jpg,Coupon Code : KOTAKEMI,,https://www.yatra.com/offer/details/kotak-bank-emi-offers,Kotak IndiGo 6E Rewards XL Credit Card,
Flat 10% OFF (Up to Rs. 5000),https://www.yatra.com/ythomepagecms/media/todayspick_home/2025/Sep/003cbf8a3ee7c750f69c189d880d38b9.jpg,Coupon Code : KOTAKEMI,,https://www.yatra.com/offer/details/kotak-bank-emi-offers,Kotak League Platinum Credit Card,
Flat 10% OFF (Up to Rs. 5000),https://www.yatra.com/ythomepagecms/media/todayspick_home/2025/Sep/003cbf8a3ee7c750f69c189d880d38b9.jpg,Coupon Code : KOTAKEMI,,https://www.yatra.com/offer/details/kotak-bank-emi-offers,Kotak Mojo Platinum Credit Card,
Flat 10% OFF (Up to Rs. 5000),https://www.yatra.com/ythomepagecms/media/todayspick_home/2025/Sep/003cbf8a3ee7c750f69c189d880d38b9.jpg,Coupon Code : KOTAKEMI,,https://www.yatra.com/offer/details/kotak-bank-emi-offers,Kotak Urbane Gold Credit Card,
Flat 10% OFF (Up to Rs. 5000),https://www.yatra.com/ythomepagecms/media/todayspick_home/2025/Sep/003cbf8a3ee7c750f69c189d880d38b9.jpg,Coupon Code : KOTAKEMI,,https://www.yatra.com/offer/details/kotak-bank-emi-offers,Kotak White Credit Card,
Flat 10% OFF (Up to Rs. 5000),https://www.yatra.com/ythomepagecms/media/todayspick_home/2025/Sep/003cbf8a3ee7c750f69c189d880d38b9.jpg,Coupon Code : KOTAKEMI,,https://www.yatra.com/offer/details/kotak-bank-emi-offers,Kotak Zen Signature Credit Card,
Flat 10% OFF (Up to Rs. 5000),https://www.yatra.com/ythomepagecms/media/todayspick_home/2025/Sep/003cbf8a3ee7c750f69c189d880d38b9.jpg,Coupon Code : KOTAKEMI,,https://www.yatra.com/offer/details/kotak-bank-emi-offers,Myntra Kotak Credit Card,
Flat 10% OFF (Up to Rs. 5000),https://www.yatra.com/ythomepagecms/media/todayspick_home/2025/Sep/003cbf8a3ee7c750f69c189d880d38b9.jpg,Coupon Code : KOTAKEMI,,https://www.yatra.com/offer/details/kotak-bank-emi-offers,PVR Inox Kotak Credit Card,
Up to Rs. 10000 OFF,https://www.yatra.com/ythomepagecms/media/todayspick_home/2025/Aug/f289b864cb9544be5623a4d4e35cdf71.jpg,Coupon Code : YATRAHSBC,,https://www.yatra.com/offer/details/hsbc-credit-card-sale,HSBC Live+ Credit Card,
Up to Rs. 10000 OFF,https://www.yatra.com/ythomepagecms/media/todayspick_home/2025/Aug/f289b864cb9544be5623a4d4e35cdf71.jpg,Coupon Code : YATRAHSBC,,https://www.yatra.com/offer/details/hsbc-credit-card-sale,HSBC Premier Mastercard Credit Card,
Up to Rs. 10000 OFF,https://www.yatra.com/ythomepagecms/media/todayspick_home/2025/Aug/f289b864cb9544be5623a4d4e35cdf71.jpg,Coupon Code : YATRAHSBC,,https://www.yatra.com/offer/details/hsbc-credit-card-sale,HSBC Taj Credit Card,
Up to Rs. 10000 OFF,https://www.yatra.com/ythomepagecms/media/todayspick_home/2025/Aug/f289b864cb9544be5623a4d4e35cdf71.jpg,Coupon Code : YATRAHSBC,,https://www.yatra.com/offer/details/hsbc-credit-card-sale,HSBC TravelOne Credit Card,
Up to Rs. 10000 OFF,https://www.yatra.com/ythomepagecms/media/todayspick_home/2025/Aug/f289b864cb9544be5623a4d4e35cdf71.jpg,Coupon Code : YATRAHSBC,,https://www.yatra.com/offer/details/hsbc-credit-card-sale,HSBC Visa Platinum Credit Card,
Up to Rs. 10000 OFF*,https://www.yatra.com/ythomepagecms/media/todayspick_home/2025/Sep/d6440480bf128b5ac80477ee19c72869.jpg,Coupon Code : YTRRBL,,https://www.yatra.com/offer/details/rbl-credit-card-offers,IRCTC RBL Bank Credit Card,
Up to Rs. 10000 OFF*,https://www.yatra.com/ythomepagecms/media/todayspick_home/2025/Sep/d6440480bf128b5ac80477ee19c72869.jpg,Coupon Code : YTRRBL,,https://www.yatra.com/offer/details/rbl-credit-card-offers,IndianOil RBL Bank Credit Card,
Up to Rs. 10000 OFF*,https://www.yatra.com/ythomepagecms/media/todayspick_home/2025/Sep/d6440480bf128b5ac80477ee19c72869.jpg,Coupon Code : YTRRBL,,https://www.yatra.com/offer/details/rbl-credit-card-offers,IndianOil RBL Bank RuPay Credit Card,
Up to Rs. 10000 OFF*,https://www.yatra.com/ythomepagecms/media/todayspick_home/2025/Sep/d6440480bf128b5ac80477ee19c72869.jpg,Coupon Code : YTRRBL,,https://www.yatra.com/offer/details/rbl-credit-card-offers,IndianOil RBL Bank XTRA RuPay Credit Card,
Up to Rs. 10000 OFF*,https://www.yatra.com/ythomepagecms/media/todayspick_home/2025/Sep/d6440480bf128b5ac80477ee19c72869.jpg,Coupon Code : YTRRBL,,https://www.yatra.com/offer/details/rbl-credit-card-offers,Indianoil RBL Bank Xtra Credit Card,
Up to Rs. 10000 OFF*,https://www.yatra.com/ythomepagecms/media/todayspick_home/2025/Sep/d6440480bf128b5ac80477ee19c72869.jpg,Coupon Code : YTRRBL,,https://www.yatra.com/offer/details/rbl-credit-card-offers,RBL Bank Bankbazaar Savemax Credit Card,
Up to Rs. 10000 OFF*,https://www.yatra.com/ythomepagecms/media/todayspick_home/2025/Sep/d6440480bf128b5ac80477ee19c72869.jpg,Coupon Code : YTRRBL,,https://www.yatra.com/offer/details/rbl-credit-card-offers,RBL Bank Bankbazaar Savemax Pro Credit Card,
Up to Rs. 10000 OFF*,https://www.yatra.com/ythomepagecms/media/todayspick_home/2025/Sep/d6440480bf128b5ac80477ee19c72869.jpg,Coupon Code : YTRRBL,,https://www.yatra.com/offer/details/rbl-credit-card-offers,RBL Bank Binge Credit Card,
Up to Rs. 10000 OFF*,https://www.yatra.com/ythomepagecms/media/todayspick_home/2025/Sep/d6440480bf128b5ac80477ee19c72869.jpg,Coupon Code : YTRRBL,,https://www.yatra.com/offer/details/rbl-credit-card-offers,RBL Bank Binge MasterCard Credit Card,
Up to Rs. 10000 OFF*,https://www.yatra.com/ythomepagecms/media/todayspick_home/2025/Sep/d6440480bf128b5ac80477ee19c72869.jpg,Coupon Code : YTRRBL,,https://www.yatra.com/offer/details/rbl-credit-card-offers,RBL Bank Cookie Credit Card,
Up to Rs. 10000 OFF*,https://www.yatra.com/ythomepagecms/media/todayspick_home/2025/Sep/d6440480bf128b5ac80477ee19c72869.jpg,Coupon Code : YTRRBL,,https://www.yatra.com/offer/details/rbl-credit-card-offers,RBL Bank DMI finance Credit Card,
Up to Rs. 10000 OFF*,https://www.yatra.com/ythomepagecms/media/todayspick_home/2025/Sep/d6440480bf128b5ac80477ee19c72869.jpg,Coupon Code : YTRRBL,,https://www.yatra.com/offer/details/rbl-credit-card-offers,RBL Bank EasySaver Credit Card,
Up to Rs. 10000 OFF*,https://www.yatra.com/ythomepagecms/media/todayspick_home/2025/Sep/d6440480bf128b5ac80477ee19c72869.jpg,Coupon Code : YTRRBL,,https://www.yatra.com/offer/details/rbl-credit-card-offers,RBL Bank EasySaver Visa Credit Card,
Up to Rs. 10000 OFF*,https://www.yatra.com/ythomepagecms/media/todayspick_home/2025/Sep/d6440480bf128b5ac80477ee19c72869.jpg,Coupon Code : YTRRBL,,https://www.yatra.com/offer/details/rbl-credit-card-offers,RBL Bank Icon Credit Card,
Up to Rs. 10000 OFF*,https://www.yatra.com/ythomepagecms/media/todayspick_home/2025/Sep/d6440480bf128b5ac80477ee19c72869.jpg,Coupon Code : YTRRBL,,https://www.yatra.com/offer/details/rbl-credit-card-offers,RBL Bank Insignia Preferred Banking Card,
Up to Rs. 10000 OFF*,https://www.yatra.com/ythomepagecms/media/todayspick_home/2025/Sep/d6440480bf128b5ac80477ee19c72869.jpg,Coupon Code : YTRRBL,,https://www.yatra.com/offer/details/rbl-credit-card-offers,RBL Bank Lazy Pay Credit Card,
Up to Rs. 10000 OFF*,https://www.yatra.com/ythomepagecms/media/todayspick_home/2025/Sep/d6440480bf128b5ac80477ee19c72869.jpg,Coupon Code : YTRRBL,,https://www.yatra.com/offer/details/rbl-credit-card-offers,RBL Bank Mocash Credit Card,
Up to Rs. 10000 OFF*,https://www.yatra.com/ythomepagecms/media/todayspick_home/2025/Sep/d6440480bf128b5ac80477ee19c72869.jpg,Coupon Code : YTRRBL,,https://www.yatra.com/offer/details/rbl-credit-card-offers,RBL Bank MoneyTap Black Card,
Up to Rs. 10000 OFF*,https://www.yatra.com/ythomepagecms/media/todayspick_home/2025/Sep/d6440480bf128b5ac80477ee19c72869.jpg,Coupon Code : YTRRBL,,https://www.yatra.com/offer/details/rbl-credit-card-offers,RBL Bank MoneyTap Credit Card,
Up to Rs. 10000 OFF*,https://www.yatra.com/ythomepagecms/media/todayspick_home/2025/Sep/d6440480bf128b5ac80477ee19c72869.jpg,Coupon Code : YTRRBL,,https://www.yatra.com/offer/details/rbl-credit-card-offers,RBL Bank Monthly Treats Credit Card,
Up to Rs. 10000 OFF*,https://www.yatra.com/ythomepagecms/media/todayspick_home/2025/Sep/d6440480bf128b5ac80477ee19c72869.jpg,Coupon Code : YTRRBL,,https://www.yatra.com/offer/details/rbl-credit-card-offers,RBL Bank Movies,
Up to Rs. 10000 OFF*,https://www.yatra.com/ythomepagecms/media/todayspick_home/2025/Sep/d6440480bf128b5ac80477ee19c72869.jpg,Coupon Code : YTRRBL,,https://www.yatra.com/offer/details/rbl-credit-card-offers,More Credit Card,
Up to Rs. 10000 OFF*,https://www.yatra.com/ythomepagecms/media/todayspick_home/2025/Sep/d6440480bf128b5ac80477ee19c72869.jpg,Coupon Code : YTRRBL,,https://www.yatra.com/offer/details/rbl-credit-card-offers,RBL Bank MyFirst Credit Card,
Up to Rs. 10000 OFF*,https://www.yatra.com/ythomepagecms/media/todayspick_home/2025/Sep/d6440480bf128b5ac80477ee19c72869.jpg,Coupon Code : YTRRBL,,https://www.yatra.com/offer/details/rbl-credit-card-offers,RBL Bank MyFirst Mastercard Credit Card,
Up to Rs. 10000 OFF*,https://www.yatra.com/ythomepagecms/media/todayspick_home/2025/Sep/d6440480bf128b5ac80477ee19c72869.jpg,Coupon Code : YTRRBL,,https://www.yatra.com/offer/details/rbl-credit-card-offers,RBL Bank Novio RuPay Credit Card,
Up to Rs. 10000 OFF*,https://www.yatra.com/ythomepagecms/media/todayspick_home/2025/Sep/d6440480bf128b5ac80477ee19c72869.jpg,Coupon Code : YTRRBL,,https://www.yatra.com/offer/details/rbl-credit-card-offers,RBL Bank Paisabazaar Duet Card,
Up to Rs. 10000 OFF*,https://www.yatra.com/ythomepagecms/media/todayspick_home/2025/Sep/d6440480bf128b5ac80477ee19c72869.jpg,Coupon Code : YTRRBL,,https://www.yatra.com/offer/details/rbl-credit-card-offers,RBL Bank Paisabazaar Duet Plus Card,
Up to Rs. 10000 OFF*,https://www.yatra.com/ythomepagecms/media/todayspick_home/2025/Sep/d6440480bf128b5ac80477ee19c72869.jpg,Coupon Code : YTRRBL,,https://www.yatra.com/offer/details/rbl-credit-card-offers,RBL Bank Patanjali Swarn RuPay Card,
Up to Rs. 10000 OFF*,https://www.yatra.com/ythomepagecms/media/todayspick_home/2025/Sep/d6440480bf128b5ac80477ee19c72869.jpg,Coupon Code : YTRRBL,,https://www.yatra.com/offer/details/rbl-credit-card-offers,RBL Bank Patanjali Vishisht RuPay Card,
Up to Rs. 10000 OFF*,https://www.yatra.com/ythomepagecms/media/todayspick_home/2025/Sep/d6440480bf128b5ac80477ee19c72869.jpg,Coupon Code : YTRRBL,,https://www.yatra.com/offer/details/rbl-credit-card-offers,RBL Bank Platinum Advantage Credit Card,
Up to Rs. 10000 OFF*,https://www.yatra.com/ythomepagecms/media/todayspick_home/2025/Sep/d6440480bf128b5ac80477ee19c72869.jpg,Coupon Code : YTRRBL,,https://www.yatra.com/offer/details/rbl-credit-card-offers,RBL Bank Platinum Bonus Credit Card,
Up to Rs. 10000 OFF*,https://www.yatra.com/ythomepagecms/media/todayspick_home/2025/Sep/d6440480bf128b5ac80477ee19c72869.jpg,Coupon Code : YTRRBL,,https://www.yatra.com/offer/details/rbl-credit-card-offers,RBL Bank Platinum Choice Credit Card,
Up to Rs. 10000 OFF*,https://www.yatra.com/ythomepagecms/media/todayspick_home/2025/Sep/d6440480bf128b5ac80477ee19c72869.jpg,Coupon Code : YTRRBL,,https://www.yatra.com/offer/details/rbl-credit-card-offers,RBL Bank Platinum Choice Visa Credit Card,
Up to Rs. 10000 OFF*,https://www.yatra.com/ythomepagecms/media/todayspick_home/2025/Sep/d6440480bf128b5ac80477ee19c72869.jpg,Coupon Code : YTRRBL,,https://www.yatra.com/offer/details/rbl-credit-card-offers,RBL Bank Platinum Classic Credit Card,
Up to Rs. 10000 OFF*,https://www.yatra.com/ythomepagecms/media/todayspick_home/2025/Sep/d6440480bf128b5ac80477ee19c72869.jpg,Coupon Code : YTRRBL,,https://www.yatra.com/offer/details/rbl-credit-card-offers,RBL Bank Platinum Delight Credit Card,
Up to Rs. 10000 OFF*,https://www.yatra.com/ythomepagecms/media/todayspick_home/2025/Sep/d6440480bf128b5ac80477ee19c72869.jpg,Coupon Code : YTRRBL,,https://www.yatra.com/offer/details/rbl-credit-card-offers,RBL Bank Platinum Edge Credit Card,
Up to Rs. 10000 OFF*,https://www.yatra.com/ythomepagecms/media/todayspick_home/2025/Sep/d6440480bf128b5ac80477ee19c72869.jpg,Coupon Code : YTRRBL,,https://www.yatra.com/offer/details/rbl-credit-card-offers,RBL Bank Platinum Edge MasterCard,
Up to Rs. 10000 OFF*,https://www.yatra.com/ythomepagecms/media/todayspick_home/2025/Sep/d6440480bf128b5ac80477ee19c72869.jpg,Coupon Code : YTRRBL,,https://www.yatra.com/offer/details/rbl-credit-card-offers,RBL Bank Platinum LifeEasy Credit Card,
Up to Rs. 10000 OFF*,https://www.yatra.com/ythomepagecms/media/todayspick_home/2025/Sep/d6440480bf128b5ac80477ee19c72869.jpg,Coupon Code : YTRRBL,,https://www.yatra.com/offer/details/rbl-credit-card-offers,RBL Bank Platinum LifeEasy Visa Credit Card,
Up to Rs. 10000 OFF*,https://www.yatra.com/ythomepagecms/media/todayspick_home/2025/Sep/d6440480bf128b5ac80477ee19c72869.jpg,Coupon Code : YTRRBL,,https://www.yatra.com/offer/details/rbl-credit-card-offers,RBL Bank Platinum Maxima Credit Card,
Up to Rs. 10000 OFF*,https://www.yatra.com/ythomepagecms/media/todayspick_home/2025/Sep/d6440480bf128b5ac80477ee19c72869.jpg,Coupon Code : YTRRBL,,https://www.yatra.com/offer/details/rbl-credit-card-offers,RBL Bank Platinum Plus Credit Card,
Up to Rs. 10000 OFF*,https://www.yatra.com/ythomepagecms/media/todayspick_home/2025/Sep/d6440480bf128b5ac80477ee19c72869.jpg,Coupon Code : YTRRBL,,https://www.yatra.com/offer/details/rbl-credit-card-offers,RBL Bank Platinum Plus Visa Credit Card,
Up to Rs. 10000 OFF*,https://www.yatra.com/ythomepagecms/media/todayspick_home/2025/Sep/d6440480bf128b5ac80477ee19c72869.jpg,Coupon Code : YTRRBL,,https://www.yatra.com/offer/details/rbl-credit-card-offers,RBL Bank Platinum Prime Credit Card,
Up to Rs. 10000 OFF*,https://www.yatra.com/ythomepagecms/media/todayspick_home/2025/Sep/d6440480bf128b5ac80477ee19c72869.jpg,Coupon Code : YTRRBL,,https://www.yatra.com/offer/details/rbl-credit-card-offers,RBL Bank Platinum ShopDaily Credit Card,
Up to Rs. 10000 OFF*,https://www.yatra.com/ythomepagecms/media/todayspick_home/2025/Sep/d6440480bf128b5ac80477ee19c72869.jpg,Coupon Code : YTRRBL,,https://www.yatra.com/offer/details/rbl-credit-card-offers,RBL Bank Platinum ShopDaily Visa Credit Card,
Up to Rs. 10000 OFF*,https://www.yatra.com/ythomepagecms/media/todayspick_home/2025/Sep/d6440480bf128b5ac80477ee19c72869.jpg,Coupon Code : YTRRBL,,https://www.yatra.com/offer/details/rbl-credit-card-offers,RBL Bank Platinum ShopSmart MasterCard Credit Card,
Up to Rs. 10000 OFF*,https://www.yatra.com/ythomepagecms/media/todayspick_home/2025/Sep/d6440480bf128b5ac80477ee19c72869.jpg,Coupon Code : YTRRBL,,https://www.yatra.com/offer/details/rbl-credit-card-offers,RBL Bank Platinum Shopgain  Credit Card,
Up to Rs. 10000 OFF*,https://www.yatra.com/ythomepagecms/media/todayspick_home/2025/Sep/d6440480bf128b5ac80477ee19c72869.jpg,Coupon Code : YTRRBL,,https://www.yatra.com/offer/details/rbl-credit-card-offers,RBL Bank Platinum Shopgain Visa Credit Card,
Up to Rs. 10000 OFF*,https://www.yatra.com/ythomepagecms/media/todayspick_home/2025/Sep/d6440480bf128b5ac80477ee19c72869.jpg,Coupon Code : YTRRBL,,https://www.yatra.com/offer/details/rbl-credit-card-offers,RBL Bank Platinum Shopsmart Credit Card,
Up to Rs. 10000 OFF*,https://www.yatra.com/ythomepagecms/media/todayspick_home/2025/Sep/d6440480bf128b5ac80477ee19c72869.jpg,Coupon Code : YTRRBL,,https://www.yatra.com/offer/details/rbl-credit-card-offers,RBL Bank Platinum TravelEasy Credit Card,
Up to Rs. 10000 OFF*,https://www.yatra.com/ythomepagecms/media/todayspick_home/2025/Sep/d6440480bf128b5ac80477ee19c72869.jpg,Coupon Code : YTRRBL,,https://www.yatra.com/offer/details/rbl-credit-card-offers,RBL Bank Platinum TravelEasy Visa Credit Card,
Up to Rs. 10000 OFF*,https://www.yatra.com/ythomepagecms/media/todayspick_home/2025/Sep/d6440480bf128b5ac80477ee19c72869.jpg,Coupon Code : YTRRBL,,https://www.yatra.com/offer/details/rbl-credit-card-offers,RBL Bank Platinum ValuePlus Credit Card,
Up to Rs. 10000 OFF*,https://www.yatra.com/ythomepagecms/media/todayspick_home/2025/Sep/d6440480bf128b5ac80477ee19c72869.jpg,Coupon Code : YTRRBL,,https://www.yatra.com/offer/details/rbl-credit-card-offers,RBL Bank Platinum ValuePlus MasterCard Credit Card,
Up to Rs. 10000 OFF*,https://www.yatra.com/ythomepagecms/media/todayspick_home/2025/Sep/d6440480bf128b5ac80477ee19c72869.jpg,Coupon Code : YTRRBL,,https://www.yatra.com/offer/details/rbl-credit-card-offers,RBL Bank Play Credit Card,
Up to Rs. 10000 OFF*,https://www.yatra.com/ythomepagecms/media/todayspick_home/2025/Sep/d6440480bf128b5ac80477ee19c72869.jpg,Coupon Code : YTRRBL,,https://www.yatra.com/offer/details/rbl-credit-card-offers,RBL Bank Play Credit Card,
Up to Rs. 10000 OFF*,https://www.yatra.com/ythomepagecms/media/todayspick_home/2025/Sep/d6440480bf128b5ac80477ee19c72869.jpg,Coupon Code : YTRRBL,,https://www.yatra.com/offer/details/rbl-credit-card-offers,RBL Bank SalarySe Up RuPay Credit Card,
Up to Rs. 10000 OFF*,https://www.yatra.com/ythomepagecms/media/todayspick_home/2025/Sep/d6440480bf128b5ac80477ee19c72869.jpg,Coupon Code : YTRRBL,,https://www.yatra.com/offer/details/rbl-credit-card-offers,RBL Bank Shoprite Credit Card,
Up to Rs. 10000 OFF*,https://www.yatra.com/ythomepagecms/media/todayspick_home/2025/Sep/d6440480bf128b5ac80477ee19c72869.jpg,Coupon Code : YTRRBL,,https://www.yatra.com/offer/details/rbl-credit-card-offers,RBL Bank VCard,
Up to Rs. 10000 OFF*,https://www.yatra.com/ythomepagecms/media/todayspick_home/2025/Sep/d6440480bf128b5ac80477ee19c72869.jpg,Coupon Code : YTRRBL,,https://www.yatra.com/offer/details/rbl-credit-card-offers,RBL Bank World Max Credit Card,
Up to Rs. 10000 OFF*,https://www.yatra.com/ythomepagecms/media/todayspick_home/2025/Sep/d6440480bf128b5ac80477ee19c72869.jpg,Coupon Code : YTRRBL,,https://www.yatra.com/offer/details/rbl-credit-card-offers,RBL Bank World Max MasterCard Credit Card,
Up to Rs. 10000 OFF*,https://www.yatra.com/ythomepagecms/media/todayspick_home/2025/Sep/d6440480bf128b5ac80477ee19c72869.jpg,Coupon Code : YTRRBL,,https://www.yatra.com/offer/details/rbl-credit-card-offers,RBL Bank World Plus Credit Card,
Up to Rs. 10000 OFF*,https://www.yatra.com/ythomepagecms/media/todayspick_home/2025/Sep/d6440480bf128b5ac80477ee19c72869.jpg,Coupon Code : YTRRBL,,https://www.yatra.com/offer/details/rbl-credit-card-offers,RBL Bank World Plus MasterCard Credit Card,
Up to Rs. 10000 OFF*,https://www.yatra.com/ythomepagecms/media/todayspick_home/2025/Sep/d6440480bf128b5ac80477ee19c72869.jpg,Coupon Code : YTRRBL,,https://www.yatra.com/offer/details/rbl-credit-card-offers,RBL Bank World Prime Credit Card,
Up to Rs. 10000 OFF*,https://www.yatra.com/ythomepagecms/media/todayspick_home/2025/Sep/d6440480bf128b5ac80477ee19c72869.jpg,Coupon Code : YTRRBL,,https://www.yatra.com/offer/details/rbl-credit-card-offers,RBL Bank World Prime Visa Credit Card,
Up to Rs. 10000 OFF*,https://www.yatra.com/ythomepagecms/media/todayspick_home/2025/Sep/d6440480bf128b5ac80477ee19c72869.jpg,Coupon Code : YTRRBL,,https://www.yatra.com/offer/details/rbl-credit-card-offers,RBL Bank World Safari Credit Card,
Up to Rs. 10000 OFF*,https://www.yatra.com/ythomepagecms/media/todayspick_home/2025/Sep/d6440480bf128b5ac80477ee19c72869.jpg,Coupon Code : YTRRBL,,https://www.yatra.com/offer/details/rbl-credit-card-offers,RBL Bank iGlobe Credit Card,
Up to Rs. 10000 OFF*,https://www.yatra.com/ythomepagecms/media/todayspick_home/2025/Sep/d6440480bf128b5ac80477ee19c72869.jpg,Coupon Code : YTRRBL,,https://www.yatra.com/offer/details/rbl-credit-card-offers,RBL Platinum Maxima Plus Card,
Up to Rs. 10000 OFF*,https://www.yatra.com/ythomepagecms/media/todayspick_home/2025/Sep/d6440480bf128b5ac80477ee19c72869.jpg,Coupon Code : YTRRBL,,https://www.yatra.com/offer/details/rbl-credit-card-offers,TVS Credit RBL Bank Card,
Up to Rs. 10000 OFF*,https://www.yatra.com/ythomepagecms/media/todayspick_home/2025/Sep/d6440480bf128b5ac80477ee19c72869.jpg,Coupon Code : YTRRBL,,https://www.yatra.com/offer/details/rbl-credit-card-offers,TVS Credit RBL Bank Gold Mastercard Card,
,,,,,,
,,,,,,
,,,,,,
,,,,,,
,,,,,,
,,,,,,
,,,,,,
,,,,,,
,,,,,,
,,,,,,
,,,,,,
,,,,,,
,,,,,,
,,,,,,
,,,,,,
,,,,,,
,,,,,,
,,,,,,
,,,,,,
,,,,,,
,,,,,,
,,,,,,
,,,,,,
,,,,,,
,,,,,,
,,,,,,
,,,,,,
,,,,,,
,,,,,,
,,,,,,
,,,,,,
,,,,,,
,,,,,,
,,,,,,
,,,,,,
,,,,,,
,,,,,,
,,,,,,
,,,,,,
,,,,,,
,,,,,,
,,,,,,
,,,,,,
,,,,,,
,,,,,,
,,,,,,
,,,,,,
,,,,,,
,,,,,,
,,,,,,
Flat 10% OFF (Up to Rs.5000),https://www.yatra.com/ythomepagecms/media/todayspick_home/2025/Sep/334a69cda2740c2e52f428ab04cb0990.jpg,Coupon Code : YRHSBCEMI,,https://www.yatra.com/offer/details/hsbc-bank-emi-offer,HSBC Live+ Credit Card,
Flat 10% OFF (Up to Rs.5000),https://www.yatra.com/ythomepagecms/media/todayspick_home/2025/Sep/334a69cda2740c2e52f428ab04cb0990.jpg,Coupon Code : YRHSBCEMI,,https://www.yatra.com/offer/details/hsbc-bank-emi-offer,HSBC Premier Mastercard Credit Card,
Flat 10% OFF (Up to Rs.5000),https://www.yatra.com/ythomepagecms/media/todayspick_home/2025/Sep/334a69cda2740c2e52f428ab04cb0990.jpg,Coupon Code : YRHSBCEMI,,https://www.yatra.com/offer/details/hsbc-bank-emi-offer,HSBC Taj Credit Card,
Flat 10% OFF (Up to Rs.5000),https://www.yatra.com/ythomepagecms/media/todayspick_home/2025/Sep/334a69cda2740c2e52f428ab04cb0990.jpg,Coupon Code : YRHSBCEMI,,https://www.yatra.com/offer/details/hsbc-bank-emi-offer,HSBC TravelOne Credit Card,
Flat 10% OFF (Up to Rs.5000),https://www.yatra.com/ythomepagecms/media/todayspick_home/2025/Sep/334a69cda2740c2e52f428ab04cb0990.jpg,Coupon Code : YRHSBCEMI,,https://www.yatra.com/offer/details/hsbc-bank-emi-offer,HSBC Visa Platinum Credit Card,
Flat 10% OFF (Up to Rs. 7000),https://www.yatra.com/ythomepagecms/media/todayspick_home/2025/Sep/5897e9459cd906b288edaafd69439f27.jpg,Coupon Code : YTRBLEMI,,https://www.yatra.com/offer/details/rbl-card-emi-offers,IRCTC RBL Bank Credit Card,
Flat 10% OFF (Up to Rs. 7000),https://www.yatra.com/ythomepagecms/media/todayspick_home/2025/Sep/5897e9459cd906b288edaafd69439f27.jpg,Coupon Code : YTRBLEMI,,https://www.yatra.com/offer/details/rbl-card-emi-offers,IndianOil RBL Bank Credit Card,
Flat 10% OFF (Up to Rs. 7000),https://www.yatra.com/ythomepagecms/media/todayspick_home/2025/Sep/5897e9459cd906b288edaafd69439f27.jpg,Coupon Code : YTRBLEMI,,https://www.yatra.com/offer/details/rbl-card-emi-offers,IndianOil RBL Bank RuPay Credit Card,
Flat 10% OFF (Up to Rs. 7000),https://www.yatra.com/ythomepagecms/media/todayspick_home/2025/Sep/5897e9459cd906b288edaafd69439f27.jpg,Coupon Code : YTRBLEMI,,https://www.yatra.com/offer/details/rbl-card-emi-offers,IndianOil RBL Bank XTRA RuPay Credit Card,
Flat 10% OFF (Up to Rs. 7000),https://www.yatra.com/ythomepagecms/media/todayspick_home/2025/Sep/5897e9459cd906b288edaafd69439f27.jpg,Coupon Code : YTRBLEMI,,https://www.yatra.com/offer/details/rbl-card-emi-offers,Indianoil RBL Bank Xtra Credit Card,
Flat 10% OFF (Up to Rs. 7000),https://www.yatra.com/ythomepagecms/media/todayspick_home/2025/Sep/5897e9459cd906b288edaafd69439f27.jpg,Coupon Code : YTRBLEMI,,https://www.yatra.com/offer/details/rbl-card-emi-offers,RBL Bank Bankbazaar Savemax Credit Card,
Flat 10% OFF (Up to Rs. 7000),https://www.yatra.com/ythomepagecms/media/todayspick_home/2025/Sep/5897e9459cd906b288edaafd69439f27.jpg,Coupon Code : YTRBLEMI,,https://www.yatra.com/offer/details/rbl-card-emi-offers,RBL Bank Bankbazaar Savemax Pro Credit Card,
Flat 10% OFF (Up to Rs. 7000),https://www.yatra.com/ythomepagecms/media/todayspick_home/2025/Sep/5897e9459cd906b288edaafd69439f27.jpg,Coupon Code : YTRBLEMI,,https://www.yatra.com/offer/details/rbl-card-emi-offers,RBL Bank Binge Credit Card,
Flat 10% OFF (Up to Rs. 7000),https://www.yatra.com/ythomepagecms/media/todayspick_home/2025/Sep/5897e9459cd906b288edaafd69439f27.jpg,Coupon Code : YTRBLEMI,,https://www.yatra.com/offer/details/rbl-card-emi-offers,RBL Bank Binge MasterCard Credit Card,
Flat 10% OFF (Up to Rs. 7000),https://www.yatra.com/ythomepagecms/media/todayspick_home/2025/Sep/5897e9459cd906b288edaafd69439f27.jpg,Coupon Code : YTRBLEMI,,https://www.yatra.com/offer/details/rbl-card-emi-offers,RBL Bank Cookie Credit Card,
Flat 10% OFF (Up to Rs. 7000),https://www.yatra.com/ythomepagecms/media/todayspick_home/2025/Sep/5897e9459cd906b288edaafd69439f27.jpg,Coupon Code : YTRBLEMI,,https://www.yatra.com/offer/details/rbl-card-emi-offers,RBL Bank DMI finance Credit Card,
Flat 10% OFF (Up to Rs. 7000),https://www.yatra.com/ythomepagecms/media/todayspick_home/2025/Sep/5897e9459cd906b288edaafd69439f27.jpg,Coupon Code : YTRBLEMI,,https://www.yatra.com/offer/details/rbl-card-emi-offers,RBL Bank EasySaver Credit Card,
Flat 10% OFF (Up to Rs. 7000),https://www.yatra.com/ythomepagecms/media/todayspick_home/2025/Sep/5897e9459cd906b288edaafd69439f27.jpg,Coupon Code : YTRBLEMI,,https://www.yatra.com/offer/details/rbl-card-emi-offers,RBL Bank EasySaver Visa Credit Card,
Flat 10% OFF (Up to Rs. 7000),https://www.yatra.com/ythomepagecms/media/todayspick_home/2025/Sep/5897e9459cd906b288edaafd69439f27.jpg,Coupon Code : YTRBLEMI,,https://www.yatra.com/offer/details/rbl-card-emi-offers,RBL Bank Icon Credit Card,
Flat 10% OFF (Up to Rs. 7000),https://www.yatra.com/ythomepagecms/media/todayspick_home/2025/Sep/5897e9459cd906b288edaafd69439f27.jpg,Coupon Code : YTRBLEMI,,https://www.yatra.com/offer/details/rbl-card-emi-offers,RBL Bank Insignia Preferred Banking Card,
Flat 10% OFF (Up to Rs. 7000),https://www.yatra.com/ythomepagecms/media/todayspick_home/2025/Sep/5897e9459cd906b288edaafd69439f27.jpg,Coupon Code : YTRBLEMI,,https://www.yatra.com/offer/details/rbl-card-emi-offers,RBL Bank Lazy Pay Credit Card,
Flat 10% OFF (Up to Rs. 7000),https://www.yatra.com/ythomepagecms/media/todayspick_home/2025/Sep/5897e9459cd906b288edaafd69439f27.jpg,Coupon Code : YTRBLEMI,,https://www.yatra.com/offer/details/rbl-card-emi-offers,RBL Bank Mocash Credit Card,
Flat 10% OFF (Up to Rs. 7000),https://www.yatra.com/ythomepagecms/media/todayspick_home/2025/Sep/5897e9459cd906b288edaafd69439f27.jpg,Coupon Code : YTRBLEMI,,https://www.yatra.com/offer/details/rbl-card-emi-offers,RBL Bank MoneyTap Black Card,
Flat 10% OFF (Up to Rs. 7000),https://www.yatra.com/ythomepagecms/media/todayspick_home/2025/Sep/5897e9459cd906b288edaafd69439f27.jpg,Coupon Code : YTRBLEMI,,https://www.yatra.com/offer/details/rbl-card-emi-offers,RBL Bank MoneyTap Credit Card,
Flat 10% OFF (Up to Rs. 7000),https://www.yatra.com/ythomepagecms/media/todayspick_home/2025/Sep/5897e9459cd906b288edaafd69439f27.jpg,Coupon Code : YTRBLEMI,,https://www.yatra.com/offer/details/rbl-card-emi-offers,RBL Bank Monthly Treats Credit Card,
Flat 10% OFF (Up to Rs. 7000),https://www.yatra.com/ythomepagecms/media/todayspick_home/2025/Sep/5897e9459cd906b288edaafd69439f27.jpg,Coupon Code : YTRBLEMI,,https://www.yatra.com/offer/details/rbl-card-emi-offers,RBL Bank Movies,
Flat 10% OFF (Up to Rs. 7000),https://www.yatra.com/ythomepagecms/media/todayspick_home/2025/Sep/5897e9459cd906b288edaafd69439f27.jpg,Coupon Code : YTRBLEMI,,https://www.yatra.com/offer/details/rbl-card-emi-offers,More Credit Card,
Flat 10% OFF (Up to Rs. 7000),https://www.yatra.com/ythomepagecms/media/todayspick_home/2025/Sep/5897e9459cd906b288edaafd69439f27.jpg,Coupon Code : YTRBLEMI,,https://www.yatra.com/offer/details/rbl-card-emi-offers,RBL Bank MyFirst Credit Card,
Flat 10% OFF (Up to Rs. 7000),https://www.yatra.com/ythomepagecms/media/todayspick_home/2025/Sep/5897e9459cd906b288edaafd69439f27.jpg,Coupon Code : YTRBLEMI,,https://www.yatra.com/offer/details/rbl-card-emi-offers,RBL Bank MyFirst Mastercard Credit Card,
Flat 10% OFF (Up to Rs. 7000),https://www.yatra.com/ythomepagecms/media/todayspick_home/2025/Sep/5897e9459cd906b288edaafd69439f27.jpg,Coupon Code : YTRBLEMI,,https://www.yatra.com/offer/details/rbl-card-emi-offers,RBL Bank Novio RuPay Credit Card,
Flat 10% OFF (Up to Rs. 7000),https://www.yatra.com/ythomepagecms/media/todayspick_home/2025/Sep/5897e9459cd906b288edaafd69439f27.jpg,Coupon Code : YTRBLEMI,,https://www.yatra.com/offer/details/rbl-card-emi-offers,RBL Bank Paisabazaar Duet Card,
Flat 10% OFF (Up to Rs. 7000),https://www.yatra.com/ythomepagecms/media/todayspick_home/2025/Sep/5897e9459cd906b288edaafd69439f27.jpg,Coupon Code : YTRBLEMI,,https://www.yatra.com/offer/details/rbl-card-emi-offers,RBL Bank Paisabazaar Duet Plus Card,
Flat 10% OFF (Up to Rs. 7000),https://www.yatra.com/ythomepagecms/media/todayspick_home/2025/Sep/5897e9459cd906b288edaafd69439f27.jpg,Coupon Code : YTRBLEMI,,https://www.yatra.com/offer/details/rbl-card-emi-offers,RBL Bank Patanjali Swarn RuPay Card,
Flat 10% OFF (Up to Rs. 7000),https://www.yatra.com/ythomepagecms/media/todayspick_home/2025/Sep/5897e9459cd906b288edaafd69439f27.jpg,Coupon Code : YTRBLEMI,,https://www.yatra.com/offer/details/rbl-card-emi-offers,RBL Bank Patanjali Vishisht RuPay Card,
Flat 10% OFF (Up to Rs. 7000),https://www.yatra.com/ythomepagecms/media/todayspick_home/2025/Sep/5897e9459cd906b288edaafd69439f27.jpg,Coupon Code : YTRBLEMI,,https://www.yatra.com/offer/details/rbl-card-emi-offers,RBL Bank Platinum Advantage Credit Card,
Flat 10% OFF (Up to Rs. 7000),https://www.yatra.com/ythomepagecms/media/todayspick_home/2025/Sep/5897e9459cd906b288edaafd69439f27.jpg,Coupon Code : YTRBLEMI,,https://www.yatra.com/offer/details/rbl-card-emi-offers,RBL Bank Platinum Bonus Credit Card,
Flat 10% OFF (Up to Rs. 7000),https://www.yatra.com/ythomepagecms/media/todayspick_home/2025/Sep/5897e9459cd906b288edaafd69439f27.jpg,Coupon Code : YTRBLEMI,,https://www.yatra.com/offer/details/rbl-card-emi-offers,RBL Bank Platinum Choice Credit Card,
Flat 10% OFF (Up to Rs. 7000),https://www.yatra.com/ythomepagecms/media/todayspick_home/2025/Sep/5897e9459cd906b288edaafd69439f27.jpg,Coupon Code : YTRBLEMI,,https://www.yatra.com/offer/details/rbl-card-emi-offers,RBL Bank Platinum Choice Visa Credit Card,
Flat 10% OFF (Up to Rs. 7000),https://www.yatra.com/ythomepagecms/media/todayspick_home/2025/Sep/5897e9459cd906b288edaafd69439f27.jpg,Coupon Code : YTRBLEMI,,https://www.yatra.com/offer/details/rbl-card-emi-offers,RBL Bank Platinum Classic Credit Card,
Flat 10% OFF (Up to Rs. 7000),https://www.yatra.com/ythomepagecms/media/todayspick_home/2025/Sep/5897e9459cd906b288edaafd69439f27.jpg,Coupon Code : YTRBLEMI,,https://www.yatra.com/offer/details/rbl-card-emi-offers,RBL Bank Platinum Delight Credit Card,
Flat 10% OFF (Up to Rs. 7000),https://www.yatra.com/ythomepagecms/media/todayspick_home/2025/Sep/5897e9459cd906b288edaafd69439f27.jpg,Coupon Code : YTRBLEMI,,https://www.yatra.com/offer/details/rbl-card-emi-offers,RBL Bank Platinum Edge Credit Card,
Flat 10% OFF (Up to Rs. 7000),https://www.yatra.com/ythomepagecms/media/todayspick_home/2025/Sep/5897e9459cd906b288edaafd69439f27.jpg,Coupon Code : YTRBLEMI,,https://www.yatra.com/offer/details/rbl-card-emi-offers,RBL Bank Platinum Edge MasterCard,
Flat 10% OFF (Up to Rs. 7000),https://www.yatra.com/ythomepagecms/media/todayspick_home/2025/Sep/5897e9459cd906b288edaafd69439f27.jpg,Coupon Code : YTRBLEMI,,https://www.yatra.com/offer/details/rbl-card-emi-offers,RBL Bank Platinum LifeEasy Credit Card,
Flat 10% OFF (Up to Rs. 7000),https://www.yatra.com/ythomepagecms/media/todayspick_home/2025/Sep/5897e9459cd906b288edaafd69439f27.jpg,Coupon Code : YTRBLEMI,,https://www.yatra.com/offer/details/rbl-card-emi-offers,RBL Bank Platinum LifeEasy Visa Credit Card,
Flat 10% OFF (Up to Rs. 7000),https://www.yatra.com/ythomepagecms/media/todayspick_home/2025/Sep/5897e9459cd906b288edaafd69439f27.jpg,Coupon Code : YTRBLEMI,,https://www.yatra.com/offer/details/rbl-card-emi-offers,RBL Bank Platinum Maxima Credit Card,
Flat 10% OFF (Up to Rs. 7000),https://www.yatra.com/ythomepagecms/media/todayspick_home/2025/Sep/5897e9459cd906b288edaafd69439f27.jpg,Coupon Code : YTRBLEMI,,https://www.yatra.com/offer/details/rbl-card-emi-offers,RBL Bank Platinum Plus Credit Card,
Flat 10% OFF (Up to Rs. 7000),https://www.yatra.com/ythomepagecms/media/todayspick_home/2025/Sep/5897e9459cd906b288edaafd69439f27.jpg,Coupon Code : YTRBLEMI,,https://www.yatra.com/offer/details/rbl-card-emi-offers,RBL Bank Platinum Plus Visa Credit Card,
Flat 10% OFF (Up to Rs. 7000),https://www.yatra.com/ythomepagecms/media/todayspick_home/2025/Sep/5897e9459cd906b288edaafd69439f27.jpg,Coupon Code : YTRBLEMI,,https://www.yatra.com/offer/details/rbl-card-emi-offers,RBL Bank Platinum Prime Credit Card,
Flat 10% OFF (Up to Rs. 7000),https://www.yatra.com/ythomepagecms/media/todayspick_home/2025/Sep/5897e9459cd906b288edaafd69439f27.jpg,Coupon Code : YTRBLEMI,,https://www.yatra.com/offer/details/rbl-card-emi-offers,RBL Bank Platinum ShopDaily Credit Card,
Flat 10% OFF (Up to Rs. 7000),https://www.yatra.com/ythomepagecms/media/todayspick_home/2025/Sep/5897e9459cd906b288edaafd69439f27.jpg,Coupon Code : YTRBLEMI,,https://www.yatra.com/offer/details/rbl-card-emi-offers,RBL Bank Platinum ShopDaily Visa Credit Card,
Flat 10% OFF (Up to Rs. 7000),https://www.yatra.com/ythomepagecms/media/todayspick_home/2025/Sep/5897e9459cd906b288edaafd69439f27.jpg,Coupon Code : YTRBLEMI,,https://www.yatra.com/offer/details/rbl-card-emi-offers,RBL Bank Platinum ShopSmart MasterCard Credit Card,
Flat 10% OFF (Up to Rs. 7000),https://www.yatra.com/ythomepagecms/media/todayspick_home/2025/Sep/5897e9459cd906b288edaafd69439f27.jpg,Coupon Code : YTRBLEMI,,https://www.yatra.com/offer/details/rbl-card-emi-offers,RBL Bank Platinum Shopgain  Credit Card,
Flat 10% OFF (Up to Rs. 7000),https://www.yatra.com/ythomepagecms/media/todayspick_home/2025/Sep/5897e9459cd906b288edaafd69439f27.jpg,Coupon Code : YTRBLEMI,,https://www.yatra.com/offer/details/rbl-card-emi-offers,RBL Bank Platinum Shopgain Visa Credit Card,
Flat 10% OFF (Up to Rs. 7000),https://www.yatra.com/ythomepagecms/media/todayspick_home/2025/Sep/5897e9459cd906b288edaafd69439f27.jpg,Coupon Code : YTRBLEMI,,https://www.yatra.com/offer/details/rbl-card-emi-offers,RBL Bank Platinum Shopsmart Credit Card,
Flat 10% OFF (Up to Rs. 7000),https://www.yatra.com/ythomepagecms/media/todayspick_home/2025/Sep/5897e9459cd906b288edaafd69439f27.jpg,Coupon Code : YTRBLEMI,,https://www.yatra.com/offer/details/rbl-card-emi-offers,RBL Bank Platinum TravelEasy Credit Card,
Flat 10% OFF (Up to Rs. 7000),https://www.yatra.com/ythomepagecms/media/todayspick_home/2025/Sep/5897e9459cd906b288edaafd69439f27.jpg,Coupon Code : YTRBLEMI,,https://www.yatra.com/offer/details/rbl-card-emi-offers,RBL Bank Platinum TravelEasy Visa Credit Card,
Flat 10% OFF (Up to Rs. 7000),https://www.yatra.com/ythomepagecms/media/todayspick_home/2025/Sep/5897e9459cd906b288edaafd69439f27.jpg,Coupon Code : YTRBLEMI,,https://www.yatra.com/offer/details/rbl-card-emi-offers,RBL Bank Platinum ValuePlus Credit Card,
Flat 10% OFF (Up to Rs. 7000),https://www.yatra.com/ythomepagecms/media/todayspick_home/2025/Sep/5897e9459cd906b288edaafd69439f27.jpg,Coupon Code : YTRBLEMI,,https://www.yatra.com/offer/details/rbl-card-emi-offers,RBL Bank Platinum ValuePlus MasterCard Credit Card,
Flat 10% OFF (Up to Rs. 7000),https://www.yatra.com/ythomepagecms/media/todayspick_home/2025/Sep/5897e9459cd906b288edaafd69439f27.jpg,Coupon Code : YTRBLEMI,,https://www.yatra.com/offer/details/rbl-card-emi-offers,RBL Bank Play Credit Card,
Flat 10% OFF (Up to Rs. 7000),https://www.yatra.com/ythomepagecms/media/todayspick_home/2025/Sep/5897e9459cd906b288edaafd69439f27.jpg,Coupon Code : YTRBLEMI,,https://www.yatra.com/offer/details/rbl-card-emi-offers,RBL Bank Play Credit Card,
Flat 10% OFF (Up to Rs. 7000),https://www.yatra.com/ythomepagecms/media/todayspick_home/2025/Sep/5897e9459cd906b288edaafd69439f27.jpg,Coupon Code : YTRBLEMI,,https://www.yatra.com/offer/details/rbl-card-emi-offers,RBL Bank SalarySe Up RuPay Credit Card,
Flat 10% OFF (Up to Rs. 7000),https://www.yatra.com/ythomepagecms/media/todayspick_home/2025/Sep/5897e9459cd906b288edaafd69439f27.jpg,Coupon Code : YTRBLEMI,,https://www.yatra.com/offer/details/rbl-card-emi-offers,RBL Bank Shoprite Credit Card,
Flat 10% OFF (Up to Rs. 7000),https://www.yatra.com/ythomepagecms/media/todayspick_home/2025/Sep/5897e9459cd906b288edaafd69439f27.jpg,Coupon Code : YTRBLEMI,,https://www.yatra.com/offer/details/rbl-card-emi-offers,RBL Bank VCard,
Flat 10% OFF (Up to Rs. 7000),https://www.yatra.com/ythomepagecms/media/todayspick_home/2025/Sep/5897e9459cd906b288edaafd69439f27.jpg,Coupon Code : YTRBLEMI,,https://www.yatra.com/offer/details/rbl-card-emi-offers,RBL Bank World Max Credit Card,
Flat 10% OFF (Up to Rs. 7000),https://www.yatra.com/ythomepagecms/media/todayspick_home/2025/Sep/5897e9459cd906b288edaafd69439f27.jpg,Coupon Code : YTRBLEMI,,https://www.yatra.com/offer/details/rbl-card-emi-offers,RBL Bank World Max MasterCard Credit Card,
Flat 10% OFF (Up to Rs. 7000),https://www.yatra.com/ythomepagecms/media/todayspick_home/2025/Sep/5897e9459cd906b288edaafd69439f27.jpg,Coupon Code : YTRBLEMI,,https://www.yatra.com/offer/details/rbl-card-emi-offers,RBL Bank World Plus Credit Card,
Flat 10% OFF (Up to Rs. 7000),https://www.yatra.com/ythomepagecms/media/todayspick_home/2025/Sep/5897e9459cd906b288edaafd69439f27.jpg,Coupon Code : YTRBLEMI,,https://www.yatra.com/offer/details/rbl-card-emi-offers,RBL Bank World Plus MasterCard Credit Card,
Flat 10% OFF (Up to Rs. 7000),https://www.yatra.com/ythomepagecms/media/todayspick_home/2025/Sep/5897e9459cd906b288edaafd69439f27.jpg,Coupon Code : YTRBLEMI,,https://www.yatra.com/offer/details/rbl-card-emi-offers,RBL Bank World Prime Credit Card,
Flat 10% OFF (Up to Rs. 7000),https://www.yatra.com/ythomepagecms/media/todayspick_home/2025/Sep/5897e9459cd906b288edaafd69439f27.jpg,Coupon Code : YTRBLEMI,,https://www.yatra.com/offer/details/rbl-card-emi-offers,RBL Bank World Prime Visa Credit Card,
Flat 10% OFF (Up to Rs. 7000),https://www.yatra.com/ythomepagecms/media/todayspick_home/2025/Sep/5897e9459cd906b288edaafd69439f27.jpg,Coupon Code : YTRBLEMI,,https://www.yatra.com/offer/details/rbl-card-emi-offers,RBL Bank World Safari Credit Card,
Flat 10% OFF (Up to Rs. 7000),https://www.yatra.com/ythomepagecms/media/todayspick_home/2025/Sep/5897e9459cd906b288edaafd69439f27.jpg,Coupon Code : YTRBLEMI,,https://www.yatra.com/offer/details/rbl-card-emi-offers,RBL Bank iGlobe Credit Card,
Flat 10% OFF (Up to Rs. 7000),https://www.yatra.com/ythomepagecms/media/todayspick_home/2025/Sep/5897e9459cd906b288edaafd69439f27.jpg,Coupon Code : YTRBLEMI,,https://www.yatra.com/offer/details/rbl-card-emi-offers,RBL Platinum Maxima Plus Card,
Flat 10% OFF (Up to Rs. 7000),https://www.yatra.com/ythomepagecms/media/todayspick_home/2025/Sep/5897e9459cd906b288edaafd69439f27.jpg,Coupon Code : YTRBLEMI,,https://www.yatra.com/offer/details/rbl-card-emi-offers,TVS Credit RBL Bank Card,
Flat 10% OFF (Up to Rs. 7000),https://www.yatra.com/ythomepagecms/media/todayspick_home/2025/Sep/5897e9459cd906b288edaafd69439f27.jpg,Coupon Code : YTRBLEMI,,https://www.yatra.com/offer/details/rbl-card-emi-offers,TVS Credit RBL Bank Gold Mastercard Card,
Flat 8% OFF (Up to Rs. 5000) + Interest Free EMI,https://www.yatra.com/ythomepagecms/media/todayspick_home/2025/Sep/5897e9459cd906b288edaafd69439f27.jpg,Coupon Code : YRAXISEMI,,https://www.yatra.com/offer/details/axis-bank-emi-offers,Airtel Axis Bank Credit Card,
Flat 8% OFF (Up to Rs. 5000) + Interest Free EMI,https://www.yatra.com/ythomepagecms/media/todayspick_home/2025/Sep/5897e9459cd906b288edaafd69439f27.jpg,Coupon Code : YRAXISEMI,,https://www.yatra.com/offer/details/axis-bank-emi-offers,Airtel Axis Bank RuPay Credit Card,
Flat 8% OFF (Up to Rs. 5000) + Interest Free EMI,https://www.yatra.com/ythomepagecms/media/todayspick_home/2025/Sep/5897e9459cd906b288edaafd69439f27.jpg,Coupon Code : YRAXISEMI,,https://www.yatra.com/offer/details/axis-bank-emi-offers,Axis Bank Ace Credit Card,
Flat 8% OFF (Up to Rs. 5000) + Interest Free EMI,https://www.yatra.com/ythomepagecms/media/todayspick_home/2025/Sep/5897e9459cd906b288edaafd69439f27.jpg,Coupon Code : YRAXISEMI,,https://www.yatra.com/offer/details/axis-bank-emi-offers,Axis Bank Atlas Credit Card,
Flat 8% OFF (Up to Rs. 5000) + Interest Free EMI,https://www.yatra.com/ythomepagecms/media/todayspick_home/2025/Sep/5897e9459cd906b288edaafd69439f27.jpg,Coupon Code : YRAXISEMI,,https://www.yatra.com/offer/details/axis-bank-emi-offers,Axis Bank Aura Credit Card,
Flat 8% OFF (Up to Rs. 5000) + Interest Free EMI,https://www.yatra.com/ythomepagecms/media/todayspick_home/2025/Sep/5897e9459cd906b288edaafd69439f27.jpg,Coupon Code : YRAXISEMI,,https://www.yatra.com/offer/details/axis-bank-emi-offers,Axis Bank Freecharge Credit Card,
Flat 8% OFF (Up to Rs. 5000) + Interest Free EMI,https://www.yatra.com/ythomepagecms/media/todayspick_home/2025/Sep/5897e9459cd906b288edaafd69439f27.jpg,Coupon Code : YRAXISEMI,,https://www.yatra.com/offer/details/axis-bank-emi-offers,Axis Bank Freecharge Plus Credit Card,
Flat 8% OFF (Up to Rs. 5000) + Interest Free EMI,https://www.yatra.com/ythomepagecms/media/todayspick_home/2025/Sep/5897e9459cd906b288edaafd69439f27.jpg,Coupon Code : YRAXISEMI,,https://www.yatra.com/offer/details/axis-bank-emi-offers,Axis Bank Horizon Credit Card,
Flat 8% OFF (Up to Rs. 5000) + Interest Free EMI,https://www.yatra.com/ythomepagecms/media/todayspick_home/2025/Sep/5897e9459cd906b288edaafd69439f27.jpg,Coupon Code : YRAXISEMI,,https://www.yatra.com/offer/details/axis-bank-emi-offers,Axis Bank MY Zone Credit Card,
Flat 8% OFF (Up to Rs. 5000) + Interest Free EMI,https://www.yatra.com/ythomepagecms/media/todayspick_home/2025/Sep/5897e9459cd906b288edaafd69439f27.jpg,Coupon Code : YRAXISEMI,,https://www.yatra.com/offer/details/axis-bank-emi-offers,Axis Bank Magnus Credit Card,
Flat 8% OFF (Up to Rs. 5000) + Interest Free EMI,https://www.yatra.com/ythomepagecms/media/todayspick_home/2025/Sep/5897e9459cd906b288edaafd69439f27.jpg,Coupon Code : YRAXISEMI,,https://www.yatra.com/offer/details/axis-bank-emi-offers,Axis Bank Miles And More World Credit Card,
Flat 8% OFF (Up to Rs. 5000) + Interest Free EMI,https://www.yatra.com/ythomepagecms/media/todayspick_home/2025/Sep/5897e9459cd906b288edaafd69439f27.jpg,Coupon Code : YRAXISEMI,,https://www.yatra.com/offer/details/axis-bank-emi-offers,Axis Bank Miles And More World Select Credit Card,
Flat 8% OFF (Up to Rs. 5000) + Interest Free EMI,https://www.yatra.com/ythomepagecms/media/todayspick_home/2025/Sep/5897e9459cd906b288edaafd69439f27.jpg,Coupon Code : YRAXISEMI,,https://www.yatra.com/offer/details/axis-bank-emi-offers,Axis Bank My Wings Credit Card,
Flat 8% OFF (Up to Rs. 5000) + Interest Free EMI,https://www.yatra.com/ythomepagecms/media/todayspick_home/2025/Sep/5897e9459cd906b288edaafd69439f27.jpg,Coupon Code : YRAXISEMI,,https://www.yatra.com/offer/details/axis-bank-emi-offers,Axis Bank Neo Credit Card,
Flat 8% OFF (Up to Rs. 5000) + Interest Free EMI,https://www.yatra.com/ythomepagecms/media/todayspick_home/2025/Sep/5897e9459cd906b288edaafd69439f27.jpg,Coupon Code : YRAXISEMI,,https://www.yatra.com/offer/details/axis-bank-emi-offers,Axis Bank Neo Credit Card,
Flat 8% OFF (Up to Rs. 5000) + Interest Free EMI,https://www.yatra.com/ythomepagecms/media/todayspick_home/2025/Sep/5897e9459cd906b288edaafd69439f27.jpg,Coupon Code : YRAXISEMI,,https://www.yatra.com/offer/details/axis-bank-emi-offers,Axis Bank Platinum Credit Card,
Flat 8% OFF (Up to Rs. 5000) + Interest Free EMI,https://www.yatra.com/ythomepagecms/media/todayspick_home/2025/Sep/5897e9459cd906b288edaafd69439f27.jpg,Coupon Code : YRAXISEMI,,https://www.yatra.com/offer/details/axis-bank-emi-offers,Axis Bank Pride Platinum Credit Card,
Flat 8% OFF (Up to Rs. 5000) + Interest Free EMI,https://www.yatra.com/ythomepagecms/media/todayspick_home/2025/Sep/5897e9459cd906b288edaafd69439f27.jpg,Coupon Code : YRAXISEMI,,https://www.yatra.com/offer/details/axis-bank-emi-offers,Axis Bank Pride Signature Credit Card,
Flat 8% OFF (Up to Rs. 5000) + Interest Free EMI,https://www.yatra.com/ythomepagecms/media/todayspick_home/2025/Sep/5897e9459cd906b288edaafd69439f27.jpg,Coupon Code : YRAXISEMI,,https://www.yatra.com/offer/details/axis-bank-emi-offers,Axis Bank Privilege Credit Card,
Flat 8% OFF (Up to Rs. 5000) + Interest Free EMI,https://www.yatra.com/ythomepagecms/media/todayspick_home/2025/Sep/5897e9459cd906b288edaafd69439f27.jpg,Coupon Code : YRAXISEMI,,https://www.yatra.com/offer/details/axis-bank-emi-offers,Axis Bank Privilege Easy Credit Card,
Flat 8% OFF (Up to Rs. 5000) + Interest Free EMI,https://www.yatra.com/ythomepagecms/media/todayspick_home/2025/Sep/5897e9459cd906b288edaafd69439f27.jpg,Coupon Code : YRAXISEMI,,https://www.yatra.com/offer/details/axis-bank-emi-offers,Axis Bank Reserve Credit Card,
Flat 8% OFF (Up to Rs. 5000) + Interest Free EMI,https://www.yatra.com/ythomepagecms/media/todayspick_home/2025/Sep/5897e9459cd906b288edaafd69439f27.jpg,Coupon Code : YRAXISEMI,,https://www.yatra.com/offer/details/axis-bank-emi-offers,Axis Bank Rewards Credit Card,
Flat 8% OFF (Up to Rs. 5000) + Interest Free EMI,https://www.yatra.com/ythomepagecms/media/todayspick_home/2025/Sep/5897e9459cd906b288edaafd69439f27.jpg,Coupon Code : YRAXISEMI,,https://www.yatra.com/offer/details/axis-bank-emi-offers,Axis Bank Select Credit Card,
Flat 8% OFF (Up to Rs. 5000) + Interest Free EMI,https://www.yatra.com/ythomepagecms/media/todayspick_home/2025/Sep/5897e9459cd906b288edaafd69439f27.jpg,Coupon Code : YRAXISEMI,,https://www.yatra.com/offer/details/axis-bank-emi-offers,Axis Bank Shoppers Stop Credit Card,
Flat 8% OFF (Up to Rs. 5000) + Interest Free EMI,https://www.yatra.com/ythomepagecms/media/todayspick_home/2025/Sep/5897e9459cd906b288edaafd69439f27.jpg,Coupon Code : YRAXISEMI,,https://www.yatra.com/offer/details/axis-bank-emi-offers,Axis Bank Signature Credit Card,
Flat 8% OFF (Up to Rs. 5000) + Interest Free EMI,https://www.yatra.com/ythomepagecms/media/todayspick_home/2025/Sep/5897e9459cd906b288edaafd69439f27.jpg,Coupon Code : YRAXISEMI,,https://www.yatra.com/offer/details/axis-bank-emi-offers,Axis Bank SpiceJet Voyage Black Credit Card,
Flat 8% OFF (Up to Rs. 5000) + Interest Free EMI,https://www.yatra.com/ythomepagecms/media/todayspick_home/2025/Sep/5897e9459cd906b288edaafd69439f27.jpg,Coupon Code : YRAXISEMI,,https://www.yatra.com/offer/details/axis-bank-emi-offers,Axis Bank Titanium Smart Traveller Credit Card,
Flat 8% OFF (Up to Rs. 5000) + Interest Free EMI,https://www.yatra.com/ythomepagecms/media/todayspick_home/2025/Sep/5897e9459cd906b288edaafd69439f27.jpg,Coupon Code : YRAXISEMI,,https://www.yatra.com/offer/details/axis-bank-emi-offers,Axis Bank Vistara Credit Card,
Flat 8% OFF (Up to Rs. 5000) + Interest Free EMI,https://www.yatra.com/ythomepagecms/media/todayspick_home/2025/Sep/5897e9459cd906b288edaafd69439f27.jpg,Coupon Code : YRAXISEMI,,https://www.yatra.com/offer/details/axis-bank-emi-offers,Axis Bank Vistara Infinite Credit Card,
Flat 8% OFF (Up to Rs. 5000) + Interest Free EMI,https://www.yatra.com/ythomepagecms/media/todayspick_home/2025/Sep/5897e9459cd906b288edaafd69439f27.jpg,Coupon Code : YRAXISEMI,,https://www.yatra.com/offer/details/axis-bank-emi-offers,Axis Bank Vistara Signature Credit Card,
Flat 8% OFF (Up to Rs. 5000) + Interest Free EMI,https://www.yatra.com/ythomepagecms/media/todayspick_home/2025/Sep/5897e9459cd906b288edaafd69439f27.jpg,Coupon Code : YRAXISEMI,,https://www.yatra.com/offer/details/axis-bank-emi-offers,Axis Horizon Mastercard Credit Card,
Flat 8% OFF (Up to Rs. 5000) + Interest Free EMI,https://www.yatra.com/ythomepagecms/media/todayspick_home/2025/Sep/5897e9459cd906b288edaafd69439f27.jpg,Coupon Code : YRAXISEMI,,https://www.yatra.com/offer/details/axis-bank-emi-offers,Axis Insta Easy Credit Card,
Flat 8% OFF (Up to Rs. 5000) + Interest Free EMI,https://www.yatra.com/ythomepagecms/media/todayspick_home/2025/Sep/5897e9459cd906b288edaafd69439f27.jpg,Coupon Code : YRAXISEMI,,https://www.yatra.com/offer/details/axis-bank-emi-offers,Axis KWIK Credit Card,
Flat 8% OFF (Up to Rs. 5000) + Interest Free EMI,https://www.yatra.com/ythomepagecms/media/todayspick_home/2025/Sep/5897e9459cd906b288edaafd69439f27.jpg,Coupon Code : YRAXISEMI,,https://www.yatra.com/offer/details/axis-bank-emi-offers,Fibe Axis Bank Credit Card,
Flat 8% OFF (Up to Rs. 5000) + Interest Free EMI,https://www.yatra.com/ythomepagecms/media/todayspick_home/2025/Sep/5897e9459cd906b288edaafd69439f27.jpg,Coupon Code : YRAXISEMI,,https://www.yatra.com/offer/details/axis-bank-emi-offers,Flipkart Axis Bank Credit Card,
Flat 8% OFF (Up to Rs. 5000) + Interest Free EMI,https://www.yatra.com/ythomepagecms/media/todayspick_home/2025/Sep/5897e9459cd906b288edaafd69439f27.jpg,Coupon Code : YRAXISEMI,,https://www.yatra.com/offer/details/axis-bank-emi-offers,Flipkart Axis Bank Superelite Credit Card,
Flat 8% OFF (Up to Rs. 5000) + Interest Free EMI,https://www.yatra.com/ythomepagecms/media/todayspick_home/2025/Sep/5897e9459cd906b288edaafd69439f27.jpg,Coupon Code : YRAXISEMI,,https://www.yatra.com/offer/details/axis-bank-emi-offers,IndianOil Axis Bank Credit Card,
Flat 8% OFF (Up to Rs. 5000) + Interest Free EMI,https://www.yatra.com/ythomepagecms/media/todayspick_home/2025/Sep/5897e9459cd906b288edaafd69439f27.jpg,Coupon Code : YRAXISEMI,,https://www.yatra.com/offer/details/axis-bank-emi-offers,LIC Axis Bank Platinum Credit Card,
Flat 8% OFF (Up to Rs. 5000) + Interest Free EMI,https://www.yatra.com/ythomepagecms/media/todayspick_home/2025/Sep/5897e9459cd906b288edaafd69439f27.jpg,Coupon Code : YRAXISEMI,,https://www.yatra.com/offer/details/axis-bank-emi-offers,LIC Axis Bank Signature Credit Card,
Flat 8% OFF (Up to Rs. 5000) + Interest Free EMI,https://www.yatra.com/ythomepagecms/media/todayspick_home/2025/Sep/5897e9459cd906b288edaafd69439f27.jpg,Coupon Code : YRAXISEMI,,https://www.yatra.com/offer/details/axis-bank-emi-offers,Samsung Axis Bank Infinite Credit Card,
Flat 8% OFF (Up to Rs. 5000) + Interest Free EMI,https://www.yatra.com/ythomepagecms/media/todayspick_home/2025/Sep/5897e9459cd906b288edaafd69439f27.jpg,Coupon Code : YRAXISEMI,,https://www.yatra.com/offer/details/axis-bank-emi-offers,Samsung Axis Bank Signature Credit Card,
Flat 8% OFF (Up to Rs. 5000) + Interest Free EMI,https://www.yatra.com/ythomepagecms/media/todayspick_home/2025/Sep/5897e9459cd906b288edaafd69439f27.jpg,Coupon Code : YRAXISEMI,,https://www.yatra.com/offer/details/axis-bank-emi-offers,Spicejet Axis Bank Voyage Credit Card,
Flat 8% OFF (Up to Rs. 7500),https://www.yatra.com/ythomepagecms/media/todayspick_home/2025/Sep/77c65f3c6ae527a7197f10f0b8020da4.jpg,Coupon Code : IDFCEMI,,https://www.yatra.com/offer/details/idfc-first-bank-emi-offer,IndiGo IDFC FIRST Credit Card,
Flat 8% OFF (Up to Rs. 7500),https://www.yatra.com/ythomepagecms/media/todayspick_home/2025/Sep/77c65f3c6ae527a7197f10f0b8020da4.jpg,Coupon Code : IDFCEMI,,https://www.yatra.com/offer/details/idfc-first-bank-emi-offer,IDFC Bank First Millennia Credit Card,
Flat 8% OFF (Up to Rs. 7500),https://www.yatra.com/ythomepagecms/media/todayspick_home/2025/Sep/77c65f3c6ae527a7197f10f0b8020da4.jpg,Coupon Code : IDFCEMI,,https://www.yatra.com/offer/details/idfc-first-bank-emi-offer,IDFC First Ashva Credit Card,
Flat 8% OFF (Up to Rs. 7500),https://www.yatra.com/ythomepagecms/media/todayspick_home/2025/Sep/77c65f3c6ae527a7197f10f0b8020da4.jpg,Coupon Code : IDFCEMI,,https://www.yatra.com/offer/details/idfc-first-bank-emi-offer,IDFC First Classic Credit Card,
Flat 8% OFF (Up to Rs. 7500),https://www.yatra.com/ythomepagecms/media/todayspick_home/2025/Sep/77c65f3c6ae527a7197f10f0b8020da4.jpg,Coupon Code : IDFCEMI,,https://www.yatra.com/offer/details/idfc-first-bank-emi-offer,IDFC First Earn RuPay Credit Card,
Flat 8% OFF (Up to Rs. 7500),https://www.yatra.com/ythomepagecms/media/todayspick_home/2025/Sep/77c65f3c6ae527a7197f10f0b8020da4.jpg,Coupon Code : IDFCEMI,,https://www.yatra.com/offer/details/idfc-first-bank-emi-offer,IDFC First Power Credit Card,
Flat 8% OFF (Up to Rs. 7500),https://www.yatra.com/ythomepagecms/media/todayspick_home/2025/Sep/77c65f3c6ae527a7197f10f0b8020da4.jpg,Coupon Code : IDFCEMI,,https://www.yatra.com/offer/details/idfc-first-bank-emi-offer,IDFC First Power+ Credit Card,
Flat 8% OFF (Up to Rs. 7500),https://www.yatra.com/ythomepagecms/media/todayspick_home/2025/Sep/77c65f3c6ae527a7197f10f0b8020da4.jpg,Coupon Code : IDFCEMI,,https://www.yatra.com/offer/details/idfc-first-bank-emi-offer,IDFC First Private Credit Card,
Flat 8% OFF (Up to Rs. 7500),https://www.yatra.com/ythomepagecms/media/todayspick_home/2025/Sep/77c65f3c6ae527a7197f10f0b8020da4.jpg,Coupon Code : IDFCEMI,,https://www.yatra.com/offer/details/idfc-first-bank-emi-offer,IDFC First SWYP Credit Card,
Flat 8% OFF (Up to Rs. 7500),https://www.yatra.com/ythomepagecms/media/todayspick_home/2025/Sep/77c65f3c6ae527a7197f10f0b8020da4.jpg,Coupon Code : IDFCEMI,,https://www.yatra.com/offer/details/idfc-first-bank-emi-offer,IDFC First Select Credit Card,
Flat 8% OFF (Up to Rs. 7500),https://www.yatra.com/ythomepagecms/media/todayspick_home/2025/Sep/77c65f3c6ae527a7197f10f0b8020da4.jpg,Coupon Code : IDFCEMI,,https://www.yatra.com/offer/details/idfc-first-bank-emi-offer,IDFC First Wealth Credit Card,
Flat 8% OFF (Up to Rs. 7500),https://www.yatra.com/ythomepagecms/media/todayspick_home/2025/Sep/77c65f3c6ae527a7197f10f0b8020da4.jpg,Coupon Code : IDFCEMI,,https://www.yatra.com/offer/details/idfc-first-bank-emi-offer,IDFC First Wow Credit Card,
Flat 8% OFF (Up to Rs. 7500),https://www.yatra.com/ythomepagecms/media/todayspick_home/2025/Sep/77c65f3c6ae527a7197f10f0b8020da4.jpg,Coupon Code : IDFCEMI,,https://www.yatra.com/offer/details/idfc-first-bank-emi-offer,IDFC Mayura Credit Card,
Up to Rs. 10000 OFF,https://www.yatra.com/ythomepagecms/media/todayspick_home/2025/Sep/74a3e3d17fe5eec18188b043a537674a.jpg,Coupon Code : YATRAAU,,https://www.yatra.com/offer/details/au-credit-card-offer,AU Altura Credit Card,
Up to Rs. 10000 OFF,https://www.yatra.com/ythomepagecms/media/todayspick_home/2025/Sep/74a3e3d17fe5eec18188b043a537674a.jpg,Coupon Code : YATRAAU,,https://www.yatra.com/offer/details/au-credit-card-offer,AU Bank Altura Plus Credit Card,
Up to Rs. 10000 OFF,https://www.yatra.com/ythomepagecms/media/todayspick_home/2025/Sep/74a3e3d17fe5eec18188b043a537674a.jpg,Coupon Code : YATRAAU,,https://www.yatra.com/offer/details/au-credit-card-offer,AU Bank InstaPay Credit Card,
Up to Rs. 10000 OFF,https://www.yatra.com/ythomepagecms/media/todayspick_home/2025/Sep/74a3e3d17fe5eec18188b043a537674a.jpg,Coupon Code : YATRAAU,,https://www.yatra.com/offer/details/au-credit-card-offer,AU Bank Zenith+ Credit Card,
Up to Rs. 10000 OFF,https://www.yatra.com/ythomepagecms/media/todayspick_home/2025/Sep/74a3e3d17fe5eec18188b043a537674a.jpg,Coupon Code : YATRAAU,,https://www.yatra.com/offer/details/au-credit-card-offer,AU LIT Credit Card,
Up to Rs. 10000 OFF,https://www.yatra.com/ythomepagecms/media/todayspick_home/2025/Sep/74a3e3d17fe5eec18188b043a537674a.jpg,Coupon Code : YATRAAU,,https://www.yatra.com/offer/details/au-credit-card-offer,AU Vetta Credit Card,
Up to Rs. 10000 OFF,https://www.yatra.com/ythomepagecms/media/todayspick_home/2025/Sep/74a3e3d17fe5eec18188b043a537674a.jpg,Coupon Code : YATRAAU,,https://www.yatra.com/offer/details/au-credit-card-offer,AU Zenith Credit Card,
Up to Rs. 10000 OFF,https://www.yatra.com/ythomepagecms/media/todayspick_home/2025/Sep/74a3e3d17fe5eec18188b043a537674a.jpg,Coupon Code : YATRAAU,,https://www.yatra.com/offer/details/au-credit-card-offer,Ixigo AU Travel Credit Card,
,,,,,,
,,,,,,
Flat 10% OFF (up to Rs. 7000),https://www.yatra.com/ythomepagecms/media/todayspick_home/2025/Jul/30c98bcb522eacf30577032cab4e0749.jpg,YRBOBCCEMI,,https://www.yatra.com/offer/details/BOBCARD-emi-offers,Bank of Baroda Premier Credit Card,
Flat 10% OFF (up to Rs. 7000),https://www.yatra.com/ythomepagecms/media/todayspick_home/2025/Jul/30c98bcb522eacf30577032cab4e0749.jpg,YRBOBCCEMI,,https://www.yatra.com/offer/details/BOBCARD-emi-offers,BOB Assure Credit Card,
Flat 10% OFF (up to Rs. 7000),https://www.yatra.com/ythomepagecms/media/todayspick_home/2025/Jul/30c98bcb522eacf30577032cab4e0749.jpg,YRBOBCCEMI,,https://www.yatra.com/offer/details/BOBCARD-emi-offers,Eterna Bobcard,
Flat 10% OFF (up to Rs. 7000),https://www.yatra.com/ythomepagecms/media/todayspick_home/2025/Jul/30c98bcb522eacf30577032cab4e0749.jpg,YRBOBCCEMI,,https://www.yatra.com/offer/details/BOBCARD-emi-offers,Indian Navy Varunah Premium Bobcard,
Flat 10% OFF (up to Rs. 7000),https://www.yatra.com/ythomepagecms/media/todayspick_home/2025/Jul/30c98bcb522eacf30577032cab4e0749.jpg,YRBOBCCEMI,,https://www.yatra.com/offer/details/BOBCARD-emi-offers,CMA One Bobcard,
Flat 10% OFF (up to Rs. 7000),https://www.yatra.com/ythomepagecms/media/todayspick_home/2025/Jul/30c98bcb522eacf30577032cab4e0749.jpg,YRBOBCCEMI,,https://www.yatra.com/offer/details/BOBCARD-emi-offers,Bank of Baroda ETERNA Credit card,
Flat 10% OFF (up to Rs. 7000),https://www.yatra.com/ythomepagecms/media/todayspick_home/2025/Jul/30c98bcb522eacf30577032cab4e0749.jpg,YRBOBCCEMI,,https://www.yatra.com/offer/details/BOBCARD-emi-offers,ICSI Diamond Bobcard,
Flat 10% OFF (up to Rs. 7000),https://www.yatra.com/ythomepagecms/media/todayspick_home/2025/Jul/30c98bcb522eacf30577032cab4e0749.jpg,YRBOBCCEMI,,https://www.yatra.com/offer/details/BOBCARD-emi-offers,Bank of Baroda EASY Credit Card,
Flat 10% OFF (up to Rs. 7000),https://www.yatra.com/ythomepagecms/media/todayspick_home/2025/Jul/30c98bcb522eacf30577032cab4e0749.jpg,YRBOBCCEMI,,https://www.yatra.com/offer/details/BOBCARD-emi-offers,ICAI Exclusive Bobcard,
Flat 10% OFF (up to Rs. 7000),https://www.yatra.com/ythomepagecms/media/todayspick_home/2025/Jul/30c98bcb522eacf30577032cab4e0749.jpg,YRBOBCCEMI,,https://www.yatra.com/offer/details/BOBCARD-emi-offers,Assam Rifles The Sentinel Bobcard,
Flat 10% OFF (up to Rs. 7000),https://www.yatra.com/ythomepagecms/media/todayspick_home/2025/Jul/30c98bcb522eacf30577032cab4e0749.jpg,YRBOBCCEMI,,https://www.yatra.com/offer/details/BOBCARD-emi-offers,Indian Army Yoddha Bobcard,
Flat 10% OFF (up to Rs. 7000),https://www.yatra.com/ythomepagecms/media/todayspick_home/2025/Jul/30c98bcb522eacf30577032cab4e0749.jpg,YRBOBCCEMI,,https://www.yatra.com/offer/details/BOBCARD-emi-offers,HPCL BoB ENERGIE,
Flat 10% OFF (up to Rs. 7000),https://www.yatra.com/ythomepagecms/media/todayspick_home/2025/Jul/30c98bcb522eacf30577032cab4e0749.jpg,YRBOBCCEMI,,https://www.yatra.com/offer/details/BOBCARD-emi-offers,Prime Bobcard,
Flat 10% OFF (up to Rs. 7000),https://www.yatra.com/ythomepagecms/media/todayspick_home/2025/Jul/30c98bcb522eacf30577032cab4e0749.jpg,YRBOBCCEMI,,https://www.yatra.com/offer/details/BOBCARD-emi-offers,Swavlamban Bobcard,
Flat 10% OFF (up to Rs. 7000),https://www.yatra.com/ythomepagecms/media/todayspick_home/2025/Jul/30c98bcb522eacf30577032cab4e0749.jpg,YRBOBCCEMI,,https://www.yatra.com/offer/details/BOBCARD-emi-offers,IRCTC Bobcard,
Flat 10% OFF (up to Rs. 7000),https://www.yatra.com/ythomepagecms/media/todayspick_home/2025/Jul/30c98bcb522eacf30577032cab4e0749.jpg,YRBOBCCEMI,,https://www.yatra.com/offer/details/BOBCARD-emi-offers,Snapdeal Bobcard,
Flat 10% OFF (up to Rs. 7000),https://www.yatra.com/ythomepagecms/media/todayspick_home/2025/Jul/30c98bcb522eacf30577032cab4e0749.jpg,YRBOBCCEMI,,https://www.yatra.com/offer/details/BOBCARD-emi-offers,Unnati Bobcard,
Flat 10% OFF (up to Rs. 7000),https://www.yatra.com/ythomepagecms/media/todayspick_home/2025/Jul/30c98bcb522eacf30577032cab4e0749.jpg,YRBOBCCEMI,,https://www.yatra.com/offer/details/BOBCARD-emi-offers,Indian Coast Guard Rakshamah Bank of Baroda,
Flat 10% OFF (up to Rs. 7000),https://www.yatra.com/ythomepagecms/media/todayspick_home/2025/Jul/30c98bcb522eacf30577032cab4e0749.jpg,YRBOBCCEMI,,https://www.yatra.com/offer/details/BOBCARD-emi-offers,Bobcard Select,
Up to Rs. 6500 OFF* + Additional savings on 3 month EMI tenure,https://www.yatra.com/ythomepagecms/media/todayspick_home/2025/Oct/79ca1567cb10bf832dcca493357fd060.jpg,YTICICIEMI,,https://www.yatra.com/offer/details/icici-bank-emi-offers,ICICI Bank Rubyx RuPay Credit Card,
Up to Rs. 6500 OFF* + Additional savings on 3 month EMI tenure,https://www.yatra.com/ythomepagecms/media/todayspick_home/2025/Oct/79ca1567cb10bf832dcca493357fd060.jpg,YTICICIEMI,,https://www.yatra.com/offer/details/icici-bank-emi-offers,ICICI Bank Coral RuPay Credit Card,
Up to Rs. 6500 OFF* + Additional savings on 3 month EMI tenure,https://www.yatra.com/ythomepagecms/media/todayspick_home/2025/Oct/79ca1567cb10bf832dcca493357fd060.jpg,YTICICIEMI,,https://www.yatra.com/offer/details/icici-bank-emi-offers,ICICI Bank HPCL Super Saver RuPay Credit Card,
Up to Rs. 6500 OFF* + Additional savings on 3 month EMI tenure,https://www.yatra.com/ythomepagecms/media/todayspick_home/2025/Oct/79ca1567cb10bf832dcca493357fd060.jpg,YTICICIEMI,,https://www.yatra.com/offer/details/icici-bank-emi-offers,ICICI Bank Instant Platinum Credit Card,
Up to Rs. 6500 OFF* + Additional savings on 3 month EMI tenure,https://www.yatra.com/ythomepagecms/media/todayspick_home/2025/Oct/79ca1567cb10bf832dcca493357fd060.jpg,YTICICIEMI,,https://www.yatra.com/offer/details/icici-bank-emi-offers,ICICI Bank Sapphiro Credit Card,
Up to Rs. 6500 OFF* + Additional savings on 3 month EMI tenure,https://www.yatra.com/ythomepagecms/media/todayspick_home/2025/Oct/79ca1567cb10bf832dcca493357fd060.jpg,YTICICIEMI,,https://www.yatra.com/offer/details/icici-bank-emi-offers,ICICI Bank HPCL Super Saver Credit Card,
Up to Rs. 6500 OFF* + Additional savings on 3 month EMI tenure,https://www.yatra.com/ythomepagecms/media/todayspick_home/2025/Oct/79ca1567cb10bf832dcca493357fd060.jpg,YTICICIEMI,,https://www.yatra.com/offer/details/icici-bank-emi-offers,Accelero ICICI Bank Credit Card,
Up to Rs. 6500 OFF* + Additional savings on 3 month EMI tenure,https://www.yatra.com/ythomepagecms/media/todayspick_home/2025/Oct/79ca1567cb10bf832dcca493357fd060.jpg,YTICICIEMI,,https://www.yatra.com/offer/details/icici-bank-emi-offers,ICICI Bank Manchester United Platinum Credit Card,
Up to Rs. 6500 OFF* + Additional savings on 3 month EMI tenure,https://www.yatra.com/ythomepagecms/media/todayspick_home/2025/Oct/79ca1567cb10bf832dcca493357fd060.jpg,YTICICIEMI,,https://www.yatra.com/offer/details/icici-bank-emi-offers,Amazon Pay ICICI Bank Credit Card,
Up to Rs. 6500 OFF* + Additional savings on 3 month EMI tenure,https://www.yatra.com/ythomepagecms/media/todayspick_home/2025/Oct/79ca1567cb10bf832dcca493357fd060.jpg,YTICICIEMI,,https://www.yatra.com/offer/details/icici-bank-emi-offers,ICICI Bank Rubyx Credit Card,
Up to Rs. 6500 OFF* + Additional savings on 3 month EMI tenure,https://www.yatra.com/ythomepagecms/media/todayspick_home/2025/Oct/79ca1567cb10bf832dcca493357fd060.jpg,YTICICIEMI,,https://www.yatra.com/offer/details/icici-bank-emi-offers,Adani One ICICI Platinum Credit Card,
Up to Rs. 6500 OFF* + Additional savings on 3 month EMI tenure,https://www.yatra.com/ythomepagecms/media/todayspick_home/2025/Oct/79ca1567cb10bf832dcca493357fd060.jpg,YTICICIEMI,,https://www.yatra.com/offer/details/icici-bank-emi-offers,ICICI Bank Manchester United Signature Credit Card,
Up to Rs. 6500 OFF* + Additional savings on 3 month EMI tenure,https://www.yatra.com/ythomepagecms/media/todayspick_home/2025/Oct/79ca1567cb10bf832dcca493357fd060.jpg,YTICICIEMI,,https://www.yatra.com/offer/details/icici-bank-emi-offers,ICICI Bank Expressions Credit Card,
Up to Rs. 6500 OFF* + Additional savings on 3 month EMI tenure,https://www.yatra.com/ythomepagecms/media/todayspick_home/2025/Oct/79ca1567cb10bf832dcca493357fd060.jpg,YTICICIEMI,,https://www.yatra.com/offer/details/icici-bank-emi-offers,ICICI Parakram Credit Card,
Up to Rs. 6500 OFF* + Additional savings on 3 month EMI tenure,https://www.yatra.com/ythomepagecms/media/todayspick_home/2025/Oct/79ca1567cb10bf832dcca493357fd060.jpg,YTICICIEMI,,https://www.yatra.com/offer/details/icici-bank-emi-offers,ICICI Bank Times Black Credit Card,
Up to Rs. 6500 OFF* + Additional savings on 3 month EMI tenure,https://www.yatra.com/ythomepagecms/media/todayspick_home/2025/Oct/79ca1567cb10bf832dcca493357fd060.jpg,YTICICIEMI,,https://www.yatra.com/offer/details/icici-bank-emi-offers,Adani One ICICI Signature Credit Card,
Up to Rs. 6500 OFF* + Additional savings on 3 month EMI tenure,https://www.yatra.com/ythomepagecms/media/todayspick_home/2025/Oct/79ca1567cb10bf832dcca493357fd060.jpg,YTICICIEMI,,https://www.yatra.com/offer/details/icici-bank-emi-offers,Chennai Super Kings ICICI Bank Credit Card,
Up to Rs. 6500 OFF* + Additional savings on 3 month EMI tenure,https://www.yatra.com/ythomepagecms/media/todayspick_home/2025/Oct/79ca1567cb10bf832dcca493357fd060.jpg,YTICICIEMI,,https://www.yatra.com/offer/details/icici-bank-emi-offers,ICICI HPCL Coral Credit Card,
Up to Rs. 6500 OFF* + Additional savings on 3 month EMI tenure,https://www.yatra.com/ythomepagecms/media/todayspick_home/2025/Oct/79ca1567cb10bf832dcca493357fd060.jpg,YTICICIEMI,,https://www.yatra.com/offer/details/icici-bank-emi-offers,ICICI Bank Coral Credit Card,
Up to Rs. 6500 OFF* + Additional savings on 3 month EMI tenure,https://www.yatra.com/ythomepagecms/media/todayspick_home/2025/Oct/79ca1567cb10bf832dcca493357fd060.jpg,YTICICIEMI,,https://www.yatra.com/offer/details/icici-bank-emi-offers,ICICI Bank Emeralde Credit Card,
Up to Rs. 6500 OFF* + Additional savings on 3 month EMI tenure,https://www.yatra.com/ythomepagecms/media/todayspick_home/2025/Oct/79ca1567cb10bf832dcca493357fd060.jpg,YTICICIEMI,,https://www.yatra.com/offer/details/icici-bank-emi-offers,ICICI Parakram Select Credit Card,
Up to Rs. 6500 OFF* + Additional savings on 3 month EMI tenure,https://www.yatra.com/ythomepagecms/media/todayspick_home/2025/Oct/79ca1567cb10bf832dcca493357fd060.jpg,YTICICIEMI,,https://www.yatra.com/offer/details/icici-bank-emi-offers,Emirates Skywards Rubyx Credit Card,
Up to Rs. 6500 OFF* + Additional savings on 3 month EMI tenure,https://www.yatra.com/ythomepagecms/media/todayspick_home/2025/Oct/79ca1567cb10bf832dcca493357fd060.jpg,YTICICIEMI,,https://www.yatra.com/offer/details/icici-bank-emi-offers,ICICI Bank Credit Card,
Up to Rs. 6500 OFF* + Additional savings on 3 month EMI tenure,https://www.yatra.com/ythomepagecms/media/todayspick_home/2025/Oct/79ca1567cb10bf832dcca493357fd060.jpg,YTICICIEMI,,https://www.yatra.com/offer/details/icici-bank-emi-offers,MakeMyTrip ICICI Bank Platinum Credit Card,
Up to Rs. 6500 OFF* + Additional savings on 3 month EMI tenure,https://www.yatra.com/ythomepagecms/media/todayspick_home/2025/Oct/79ca1567cb10bf832dcca493357fd060.jpg,YTICICIEMI,,https://www.yatra.com/offer/details/icici-bank-emi-offers,MakeMyTrip ICICI Bank Credit Card,
Up to Rs. 6500 OFF* + Additional savings on 3 month EMI tenure,https://www.yatra.com/ythomepagecms/media/todayspick_home/2025/Oct/79ca1567cb10bf832dcca493357fd060.jpg,YTICICIEMI,,https://www.yatra.com/offer/details/icici-bank-emi-offers,ICICI Bank Platinum Chip Credit Card,
Up to Rs. 6500 OFF* + Additional savings on 3 month EMI tenure,https://www.yatra.com/ythomepagecms/media/todayspick_home/2025/Oct/79ca1567cb10bf832dcca493357fd060.jpg,YTICICIEMI,,https://www.yatra.com/offer/details/icici-bank-emi-offers,Makemytrip ICICI Bank Signature Credit Card,
Up to Rs. 6500 OFF* + Additional savings on 3 month EMI tenure,https://www.yatra.com/ythomepagecms/media/todayspick_home/2025/Oct/79ca1567cb10bf832dcca493357fd060.jpg,YTICICIEMI,,https://www.yatra.com/offer/details/icici-bank-emi-offers,Emirates Skywards ICICI Bank Emerald Credit Card,
