Offer Title,,,Image,Link,Eligible Cards
"Up to Rs. 4,500 ",,,https://www.yatra.com/ythomepagecms/media/todayspick_home/2025/Jul/4f2d96e7fd99471ecdeae1ad6ccd3a88.jpg,https://www.yatra.com/offer/details/au-dibit-card-offer,All AU Debit Cards
"Up to Rs. 4,000 OFF ",,,https://www.yatra.com/ythomepagecms/media/todayspick_home/2025/Jul/b1fe229b8634c3e4b2f0146083297583.jpg,https://www.yatra.com/offer/details/hdfc-credit-card-emi-offers,HDFC Pixel Play
"Up to Rs. 4,000 OFF ",,,https://www.yatra.com/ythomepagecms/media/todayspick_home/2025/Jul/b1fe229b8634c3e4b2f0146083297583.jpg,https://www.yatra.com/offer/details/hdfc-credit-card-emi-offers,Paytm HDFC Bank Select Business
"Up to Rs. 4,000 OFF ",,,https://www.yatra.com/ythomepagecms/media/todayspick_home/2025/Jul/b1fe229b8634c3e4b2f0146083297583.jpg,https://www.yatra.com/offer/details/hdfc-credit-card-emi-offers,HDFC Millennia
"Up to Rs. 4,000 OFF ",,,https://www.yatra.com/ythomepagecms/media/todayspick_home/2025/Jul/b1fe229b8634c3e4b2f0146083297583.jpg,https://www.yatra.com/offer/details/hdfc-credit-card-emi-offers,IRCTC HDFC Bank
"Up to Rs. 4,000 OFF ",,,https://www.yatra.com/ythomepagecms/media/todayspick_home/2025/Jul/b1fe229b8634c3e4b2f0146083297583.jpg,https://www.yatra.com/offer/details/hdfc-credit-card-emi-offers,Tata Neu Infinity HDFC Bank RuPay
"Up to Rs. 4,000 OFF ",,,https://www.yatra.com/ythomepagecms/media/todayspick_home/2025/Jul/b1fe229b8634c3e4b2f0146083297583.jpg,https://www.yatra.com/offer/details/hdfc-credit-card-emi-offers,Tata Neu Infinity HDFC Bank Visa
"Up to Rs. 4,000 OFF ",,,https://www.yatra.com/ythomepagecms/media/todayspick_home/2025/Jul/b1fe229b8634c3e4b2f0146083297583.jpg,https://www.yatra.com/offer/details/hdfc-credit-card-emi-offers,Tata Neu Plus HDFC Bank Visa
"Up to Rs. 4,000 OFF ",,,https://www.yatra.com/ythomepagecms/media/todayspick_home/2025/Jul/b1fe229b8634c3e4b2f0146083297583.jpg,https://www.yatra.com/offer/details/hdfc-credit-card-emi-offers,InterMiles HDFC Bank Diners Club
"Up to Rs. 4,000 OFF ",,,https://www.yatra.com/ythomepagecms/media/todayspick_home/2025/Jul/b1fe229b8634c3e4b2f0146083297583.jpg,https://www.yatra.com/offer/details/hdfc-credit-card-emi-offers,Shoppers Stop BLACK HDFC Bank
"Up to Rs. 4,000 OFF ",,,https://www.yatra.com/ythomepagecms/media/todayspick_home/2025/Jul/b1fe229b8634c3e4b2f0146083297583.jpg,https://www.yatra.com/offer/details/hdfc-credit-card-emi-offers,Tata Neu Plus HDFC Bank RuPay
"Up to Rs. 4,000 OFF ",,,https://www.yatra.com/ythomepagecms/media/todayspick_home/2025/Jul/b1fe229b8634c3e4b2f0146083297583.jpg,https://www.yatra.com/offer/details/hdfc-credit-card-emi-offers,HDFC Swiggy
"Up to Rs. 4,000 OFF ",,,https://www.yatra.com/ythomepagecms/media/todayspick_home/2025/Jul/b1fe229b8634c3e4b2f0146083297583.jpg,https://www.yatra.com/offer/details/hdfc-credit-card-emi-offers,Flipkart Wholesale HDFC Bank
"Up to Rs. 4,000 OFF ",,,https://www.yatra.com/ythomepagecms/media/todayspick_home/2025/Jul/b1fe229b8634c3e4b2f0146083297583.jpg,https://www.yatra.com/offer/details/hdfc-credit-card-emi-offers,Freedom
"Up to Rs. 4,000 OFF ",,,https://www.yatra.com/ythomepagecms/media/todayspick_home/2025/Jul/b1fe229b8634c3e4b2f0146083297583.jpg,https://www.yatra.com/offer/details/hdfc-credit-card-emi-offers,HDFC Bharat
"Up to Rs. 4,000 OFF ",,,https://www.yatra.com/ythomepagecms/media/todayspick_home/2025/Jul/b1fe229b8634c3e4b2f0146083297583.jpg,https://www.yatra.com/offer/details/hdfc-credit-card-emi-offers,HDFC Biz Black Metal Edition
"Up to Rs. 4,000 OFF ",,,https://www.yatra.com/ythomepagecms/media/todayspick_home/2025/Jul/b1fe229b8634c3e4b2f0146083297583.jpg,https://www.yatra.com/offer/details/hdfc-credit-card-emi-offers,IndianOil HDFC Bank RuPay
"Up to Rs. 4,000 OFF ",,,https://www.yatra.com/ythomepagecms/media/todayspick_home/2025/Jul/b1fe229b8634c3e4b2f0146083297583.jpg,https://www.yatra.com/offer/details/hdfc-credit-card-emi-offers,IndianOil HDFC Bank Visa
"Up to Rs. 4,000 OFF ",,,https://www.yatra.com/ythomepagecms/media/todayspick_home/2025/Jul/b1fe229b8634c3e4b2f0146083297583.jpg,https://www.yatra.com/offer/details/hdfc-credit-card-emi-offers,HDFC Regalia Gold
"Up to Rs. 4,000 OFF ",,,https://www.yatra.com/ythomepagecms/media/todayspick_home/2025/Jul/b1fe229b8634c3e4b2f0146083297583.jpg,https://www.yatra.com/offer/details/hdfc-credit-card-emi-offers,HDFC H.O.G. Diners Club
"Up to Rs. 4,000 OFF ",,,https://www.yatra.com/ythomepagecms/media/todayspick_home/2025/Jul/b1fe229b8634c3e4b2f0146083297583.jpg,https://www.yatra.com/offer/details/hdfc-credit-card-emi-offers,HDFC Diners Club Black
"Up to Rs. 4,000 OFF ",,,https://www.yatra.com/ythomepagecms/media/todayspick_home/2025/Jul/b1fe229b8634c3e4b2f0146083297583.jpg,https://www.yatra.com/offer/details/hdfc-credit-card-emi-offers,Paytm HDFC Bank Business
"Up to Rs. 4,000 OFF ",,,https://www.yatra.com/ythomepagecms/media/todayspick_home/2025/Jul/b1fe229b8634c3e4b2f0146083297583.jpg,https://www.yatra.com/offer/details/hdfc-credit-card-emi-offers,HDFC Bank Infinia
"Up to Rs. 4,000 OFF ",,,https://www.yatra.com/ythomepagecms/media/todayspick_home/2025/Jul/b1fe229b8634c3e4b2f0146083297583.jpg,https://www.yatra.com/offer/details/hdfc-credit-card-emi-offers,Metal Edition
"Up to Rs. 4,000 OFF ",,,https://www.yatra.com/ythomepagecms/media/todayspick_home/2025/Jul/b1fe229b8634c3e4b2f0146083297583.jpg,https://www.yatra.com/offer/details/hdfc-credit-card-emi-offers,Shoppers Stop HDFC Bank RuPay
"Up to Rs. 4,000 OFF ",,,https://www.yatra.com/ythomepagecms/media/todayspick_home/2025/Jul/b1fe229b8634c3e4b2f0146083297583.jpg,https://www.yatra.com/offer/details/hdfc-credit-card-emi-offers,HDFC Bank Harley-Davidson Diners Club
"Up to Rs. 4,000 OFF ",,,https://www.yatra.com/ythomepagecms/media/todayspick_home/2025/Jul/b1fe229b8634c3e4b2f0146083297583.jpg,https://www.yatra.com/offer/details/hdfc-credit-card-emi-offers,??
"Up to Rs. 4,000 OFF ",,,https://www.yatra.com/ythomepagecms/media/todayspick_home/2025/Jul/b1fe229b8634c3e4b2f0146083297583.jpg,https://www.yatra.com/offer/details/hdfc-credit-card-emi-offers,Marriott Bonvoy HDFC
"Up to Rs. 4,000 OFF ",,,https://www.yatra.com/ythomepagecms/media/todayspick_home/2025/Jul/b1fe229b8634c3e4b2f0146083297583.jpg,https://www.yatra.com/offer/details/hdfc-credit-card-emi-offers,6E Rewards XL - IndiGo HDFC Bank
"Up to Rs. 4,000 OFF ",,,https://www.yatra.com/ythomepagecms/media/todayspick_home/2025/Jul/b1fe229b8634c3e4b2f0146083297583.jpg,https://www.yatra.com/offer/details/hdfc-credit-card-emi-offers,6E Rewards - IndiGo HDFC Bank
"Up to Rs. 4,000 OFF ",,,https://www.yatra.com/ythomepagecms/media/todayspick_home/2025/Jul/b1fe229b8634c3e4b2f0146083297583.jpg,https://www.yatra.com/offer/details/hdfc-credit-card-emi-offers,HDFC Bank MoneyBack Plus RuPay
"Up to Rs. 4,000 OFF ",,,https://www.yatra.com/ythomepagecms/media/todayspick_home/2025/Jul/b1fe229b8634c3e4b2f0146083297583.jpg,https://www.yatra.com/offer/details/hdfc-credit-card-emi-offers,HDFC Bank MoneyBack Plus Visa
"Up to Rs. 4,000 OFF ",,,https://www.yatra.com/ythomepagecms/media/todayspick_home/2025/Jul/b1fe229b8634c3e4b2f0146083297583.jpg,https://www.yatra.com/offer/details/hdfc-credit-card-emi-offers,Easy EMI Card
"Up to Rs. 4,000 OFF ",,,https://www.yatra.com/ythomepagecms/media/todayspick_home/2025/Jul/b1fe229b8634c3e4b2f0146083297583.jpg,https://www.yatra.com/offer/details/hdfc-credit-card-emi-offers,HDFC Bank Business Regalia First
"Up to Rs. 4,000 OFF ",,,https://www.yatra.com/ythomepagecms/media/todayspick_home/2025/Jul/b1fe229b8634c3e4b2f0146083297583.jpg,https://www.yatra.com/offer/details/hdfc-credit-card-emi-offers,InterMiles HDFC Bank Platinum
"Up to Rs. 4,000 OFF ",,,https://www.yatra.com/ythomepagecms/media/todayspick_home/2025/Jul/b1fe229b8634c3e4b2f0146083297583.jpg,https://www.yatra.com/offer/details/hdfc-credit-card-emi-offers,HDFC Pixel Go Visa
"Up to Rs. 4,000 OFF ",,,https://www.yatra.com/ythomepagecms/media/todayspick_home/2025/Jul/b1fe229b8634c3e4b2f0146083297583.jpg,https://www.yatra.com/offer/details/hdfc-credit-card-emi-offers,HDFC Pixel Go RuPay
"Up to Rs. 4,000 OFF ",,,https://www.yatra.com/ythomepagecms/media/todayspick_home/2025/Jul/b1fe229b8634c3e4b2f0146083297583.jpg,https://www.yatra.com/offer/details/hdfc-credit-card-emi-offers,Business Gold
"Up to Rs. 4,000 OFF ",,,https://www.yatra.com/ythomepagecms/media/todayspick_home/2025/Jul/b1fe229b8634c3e4b2f0146083297583.jpg,https://www.yatra.com/offer/details/hdfc-credit-card-emi-offers,HDFC Bank Biz First
"Up to Rs. 4,000 OFF ",,,https://www.yatra.com/ythomepagecms/media/todayspick_home/2025/Jul/b1fe229b8634c3e4b2f0146083297583.jpg,https://www.yatra.com/offer/details/hdfc-credit-card-emi-offers,World MasterCard
"Up to Rs. 4,000 OFF ",,,https://www.yatra.com/ythomepagecms/media/todayspick_home/2025/Jul/b1fe229b8634c3e4b2f0146083297583.jpg,https://www.yatra.com/offer/details/hdfc-credit-card-emi-offers,InterMiles HDFC Bank Signature
"Up to Rs. 4,000 OFF ",,,https://www.yatra.com/ythomepagecms/media/todayspick_home/2025/Jul/b1fe229b8634c3e4b2f0146083297583.jpg,https://www.yatra.com/offer/details/hdfc-credit-card-emi-offers,HDFC CSC Small Business MoneyBack
"Up to Rs. 4,000 OFF ",,,https://www.yatra.com/ythomepagecms/media/todayspick_home/2025/Jul/b1fe229b8634c3e4b2f0146083297583.jpg,https://www.yatra.com/offer/details/hdfc-credit-card-emi-offers,HDFC Bank Titanium Times Card
"Up to Rs. 4,000 OFF ",,,https://www.yatra.com/ythomepagecms/media/todayspick_home/2025/Jul/b1fe229b8634c3e4b2f0146083297583.jpg,https://www.yatra.com/offer/details/hdfc-credit-card-emi-offers,HDFC Bank Times Card Credit Platinum
"Up to Rs. 4,000 OFF ",,,https://www.yatra.com/ythomepagecms/media/todayspick_home/2025/Jul/b1fe229b8634c3e4b2f0146083297583.jpg,https://www.yatra.com/offer/details/hdfc-credit-card-emi-offers,HDFC Bank Biz Grow RuPay
"Up to Rs. 4,000 OFF ",,,https://www.yatra.com/ythomepagecms/media/todayspick_home/2025/Jul/b1fe229b8634c3e4b2f0146083297583.jpg,https://www.yatra.com/offer/details/hdfc-credit-card-emi-offers,HDFC All Miles
"Up to Rs. 4,000 OFF ",,,https://www.yatra.com/ythomepagecms/media/todayspick_home/2025/Jul/b1fe229b8634c3e4b2f0146083297583.jpg,https://www.yatra.com/offer/details/hdfc-credit-card-emi-offers,HDFC MoneyBack
"Up to Rs. 4,000 OFF ",,,https://www.yatra.com/ythomepagecms/media/todayspick_home/2025/Jul/b1fe229b8634c3e4b2f0146083297583.jpg,https://www.yatra.com/offer/details/hdfc-credit-card-emi-offers,HDFC Bank Biz Grow Visa
"Up to Rs. 4,000 OFF ",,,https://www.yatra.com/ythomepagecms/media/todayspick_home/2025/Jul/b1fe229b8634c3e4b2f0146083297583.jpg,https://www.yatra.com/offer/details/hdfc-credit-card-emi-offers,HDFC Bank UPI RuPay Biz
"Up to Rs. 4,000 OFF ",,,https://www.yatra.com/ythomepagecms/media/todayspick_home/2025/Jul/b1fe229b8634c3e4b2f0146083297583.jpg,https://www.yatra.com/offer/details/hdfc-credit-card-emi-offers,HDFC UPI RuPay
"Up to Rs. 4,000 OFF ",,,https://www.yatra.com/ythomepagecms/media/todayspick_home/2025/Jul/b1fe229b8634c3e4b2f0146083297583.jpg,https://www.yatra.com/offer/details/hdfc-credit-card-emi-offers,HDFC Bank Biz Power RuPay
"Up to Rs. 4,000 OFF ",,,https://www.yatra.com/ythomepagecms/media/todayspick_home/2025/Jul/b1fe229b8634c3e4b2f0146083297583.jpg,https://www.yatra.com/offer/details/hdfc-credit-card-emi-offers,HDFC Bank Biz Power Visa
"Up to Rs. 4,000 OFF ",,,https://www.yatra.com/ythomepagecms/media/todayspick_home/2025/Jul/b1fe229b8634c3e4b2f0146083297583.jpg,https://www.yatra.com/offer/details/hdfc-credit-card-emi-offers,Diners Club Privilege
"Flat 10% OFF (Up to Rs.5,000) ",,,https://www.yatra.com/ythomepagecms/media/todayspick_home/2025/Jun/334a69cda2740c2e52f428ab04cb0990.jpg,https://www.yatra.com/offer/details/hsbc-bank-emi-offer,HSBC Live+
"Flat 10% OFF (Up to Rs.5,000) ",,,https://www.yatra.com/ythomepagecms/media/todayspick_home/2025/Jun/334a69cda2740c2e52f428ab04cb0990.jpg,https://www.yatra.com/offer/details/hsbc-bank-emi-offer,HSBC Visa Platinum
"Flat 10% OFF (Up to Rs.5,000) ",,,https://www.yatra.com/ythomepagecms/media/todayspick_home/2025/Jun/334a69cda2740c2e52f428ab04cb0990.jpg,https://www.yatra.com/offer/details/hsbc-bank-emi-offer,HSBC Taj
"Flat 10% OFF (Up to Rs.5,000) ",,,https://www.yatra.com/ythomepagecms/media/todayspick_home/2025/Jun/334a69cda2740c2e52f428ab04cb0990.jpg,https://www.yatra.com/offer/details/hsbc-bank-emi-offer,HSBC TravelOne Mastercard
"Flat 10% OFF (Up to Rs.5,000) ",,,https://www.yatra.com/ythomepagecms/media/todayspick_home/2025/Jun/334a69cda2740c2e52f428ab04cb0990.jpg,https://www.yatra.com/offer/details/hsbc-bank-emi-offer,HSBC Premier Mastercard?
"Up to Rs. 4,500 OFF ",,,https://www.yatra.com/ythomepagecms/media/todayspick_home/2025/Jul/b91b9a3f86e5da08f2583a83a454d099.jpg,https://www.yatra.com/offer/details/hsbc-credit-card-sale,HSBC Live+
"Up to Rs. 4,500 OFF ",,,https://www.yatra.com/ythomepagecms/media/todayspick_home/2025/Jul/b91b9a3f86e5da08f2583a83a454d099.jpg,https://www.yatra.com/offer/details/hsbc-credit-card-sale,HSBC Visa Platinum
"Up to Rs. 4,500 OFF ",,,https://www.yatra.com/ythomepagecms/media/todayspick_home/2025/Jul/b91b9a3f86e5da08f2583a83a454d099.jpg,https://www.yatra.com/offer/details/hsbc-credit-card-sale,HSBC Taj
"Up to Rs. 4,500 OFF ",,,https://www.yatra.com/ythomepagecms/media/todayspick_home/2025/Jul/b91b9a3f86e5da08f2583a83a454d099.jpg,https://www.yatra.com/offer/details/hsbc-credit-card-sale,HSBC TravelOne Mastercard
"Up to Rs. 4,500 OFF ",,,https://www.yatra.com/ythomepagecms/media/todayspick_home/2025/Jul/b91b9a3f86e5da08f2583a83a454d099.jpg,https://www.yatra.com/offer/details/hsbc-credit-card-sale,HSBC Premier Mastercard?
"Flat 12% OFF (Up to Rs. 7,500) ",,,https://www.yatra.com/ythomepagecms/media/todayspick_home/2025/Jul/8204e1c5159a6a67d54bdeb1df96701f.jpg,https://www.yatra.com/offer/details/federal-bank-emi-offer,Federal Bank Scapia
"Flat 12% OFF (Up to Rs. 7,500) ",,,https://www.yatra.com/ythomepagecms/media/todayspick_home/2025/Jul/8204e1c5159a6a67d54bdeb1df96701f.jpg,https://www.yatra.com/offer/details/federal-bank-emi-offer,Federal Bank Mastercard Signet
"Flat 12% OFF (Up to Rs. 7,500) ",,,https://www.yatra.com/ythomepagecms/media/todayspick_home/2025/Jul/8204e1c5159a6a67d54bdeb1df96701f.jpg,https://www.yatra.com/offer/details/federal-bank-emi-offer,Federal Bank AmpliFi
"Flat 12% OFF (Up to Rs. 7,500) ",,,https://www.yatra.com/ythomepagecms/media/todayspick_home/2025/Jul/8204e1c5159a6a67d54bdeb1df96701f.jpg,https://www.yatra.com/offer/details/federal-bank-emi-offer,Federal Bank Rupay Signet
"Flat 12% OFF (Up to Rs. 7,500) ",,,https://www.yatra.com/ythomepagecms/media/todayspick_home/2025/Jul/8204e1c5159a6a67d54bdeb1df96701f.jpg,https://www.yatra.com/offer/details/federal-bank-emi-offer,Federal Bank Visa Celesta
"Flat 12% OFF (Up to Rs. 7,500) ",,,https://www.yatra.com/ythomepagecms/media/todayspick_home/2025/Jul/8204e1c5159a6a67d54bdeb1df96701f.jpg,https://www.yatra.com/offer/details/federal-bank-emi-offer,Federal Bank Visa Imperio
"Flat 12% OFF (Up to Rs. 7,500) ",,,https://www.yatra.com/ythomepagecms/media/todayspick_home/2025/Jul/8204e1c5159a6a67d54bdeb1df96701f.jpg,https://www.yatra.com/offer/details/federal-bank-emi-offer,Federal Bank MagniFi
"Flat 12% OFF (Up to Rs. 7,500) ",,,https://www.yatra.com/ythomepagecms/media/todayspick_home/2025/Jul/8204e1c5159a6a67d54bdeb1df96701f.jpg,https://www.yatra.com/offer/details/federal-bank-emi-offer,Federal Bank Wave
"Flat 12% OFF (Up to Rs. 7,500) ",,,https://www.yatra.com/ythomepagecms/media/todayspick_home/2025/Jul/8204e1c5159a6a67d54bdeb1df96701f.jpg,https://www.yatra.com/offer/details/federal-bank-emi-offer,Fed StarBiz RuPay
"Flat 10% OFF (up to Rs. 7,000) ",,,https://www.yatra.com/ythomepagecms/media/todayspick_home/2025/Jul/30c98bcb522eacf30577032cab4e0749.jpg,https://www.yatra.com/offer/details/bank-of-baroda-emi-offers,HPCL BoB ENERGIE
"Flat 10% OFF (up to Rs. 7,000) ",,,https://www.yatra.com/ythomepagecms/media/todayspick_home/2025/Jul/30c98bcb522eacf30577032cab4e0749.jpg,https://www.yatra.com/offer/details/bank-of-baroda-emi-offers,IRCTC Bank of Baroda
"Flat 10% OFF (up to Rs. 7,000) ",,,https://www.yatra.com/ythomepagecms/media/todayspick_home/2025/Jul/30c98bcb522eacf30577032cab4e0749.jpg,https://www.yatra.com/offer/details/bank-of-baroda-emi-offers,BOB Assure
"Flat 10% OFF (up to Rs. 7,000) ",,,https://www.yatra.com/ythomepagecms/media/todayspick_home/2025/Jul/30c98bcb522eacf30577032cab4e0749.jpg,https://www.yatra.com/offer/details/bank-of-baroda-emi-offers,Bank of Baroda SNAPDEAL
"Flat 10% OFF (up to Rs. 7,000) ",,,https://www.yatra.com/ythomepagecms/media/todayspick_home/2025/Jul/30c98bcb522eacf30577032cab4e0749.jpg,https://www.yatra.com/offer/details/bank-of-baroda-emi-offers,BoB ETERNA
"Flat 10% OFF (up to Rs. 7,000) ",,,https://www.yatra.com/ythomepagecms/media/todayspick_home/2025/Jul/30c98bcb522eacf30577032cab4e0749.jpg,https://www.yatra.com/offer/details/bank-of-baroda-emi-offers,Bank of Baroda Premier
"Flat 10% OFF (up to Rs. 7,000) ",,,https://www.yatra.com/ythomepagecms/media/todayspick_home/2025/Jul/30c98bcb522eacf30577032cab4e0749.jpg,https://www.yatra.com/offer/details/bank-of-baroda-emi-offers,EASY
"Flat 10% OFF (up to Rs. 7,000) ",,,https://www.yatra.com/ythomepagecms/media/todayspick_home/2025/Jul/30c98bcb522eacf30577032cab4e0749.jpg,https://www.yatra.com/offer/details/bank-of-baroda-emi-offers,SELECT
"Flat 10% OFF (up to Rs. 7,000) ",,,https://www.yatra.com/ythomepagecms/media/todayspick_home/2025/Jul/30c98bcb522eacf30577032cab4e0749.jpg,https://www.yatra.com/offer/details/bank-of-baroda-emi-offers,PRIME
"Flat 10% OFF (up to Rs. 7,000) ",,,https://www.yatra.com/ythomepagecms/media/todayspick_home/2025/Jul/30c98bcb522eacf30577032cab4e0749.jpg,https://www.yatra.com/offer/details/bank-of-baroda-emi-offers,Bank of Baroda CMA ONE
"Flat 10% OFF (up to Rs. 7,000) ",,,https://www.yatra.com/ythomepagecms/media/todayspick_home/2025/Jul/30c98bcb522eacf30577032cab4e0749.jpg,https://www.yatra.com/offer/details/bank-of-baroda-emi-offers,Indian Navy VARUNAH Premium
"Flat 10% OFF (up to Rs. 7,000) ",,,https://www.yatra.com/ythomepagecms/media/todayspick_home/2025/Jul/30c98bcb522eacf30577032cab4e0749.jpg,https://www.yatra.com/offer/details/bank-of-baroda-emi-offers,BOBCARD ETERNA
"Flat 10% OFF (up to Rs. 7,000) ",,,https://www.yatra.com/ythomepagecms/media/todayspick_home/2025/Jul/30c98bcb522eacf30577032cab4e0749.jpg,https://www.yatra.com/offer/details/bank-of-baroda-emi-offers,ICSI DIAMOND
"Flat 10% OFF (up to Rs. 7,000) ",,,https://www.yatra.com/ythomepagecms/media/todayspick_home/2025/Jul/30c98bcb522eacf30577032cab4e0749.jpg,https://www.yatra.com/offer/details/bank-of-baroda-emi-offers,Assam Rifles The SENTINEL
"Flat 10% OFF (up to Rs. 7,000) ",,,https://www.yatra.com/ythomepagecms/media/todayspick_home/2025/Jul/30c98bcb522eacf30577032cab4e0749.jpg,https://www.yatra.com/offer/details/bank-of-baroda-emi-offers,ICAI EXCLUSIVE
"Flat 10% OFF (up to Rs. 7,000) ",,,https://www.yatra.com/ythomepagecms/media/todayspick_home/2025/Jul/30c98bcb522eacf30577032cab4e0749.jpg,https://www.yatra.com/offer/details/bank-of-baroda-emi-offers,Indian Army YODDHA
"Flat 10% OFF (up to Rs. 7,000) ",,,https://www.yatra.com/ythomepagecms/media/todayspick_home/2025/Jul/30c98bcb522eacf30577032cab4e0749.jpg,https://www.yatra.com/offer/details/bank-of-baroda-emi-offers,SWAVLAMBAN
"Flat 10% OFF (up to Rs. 7,000) ",,,https://www.yatra.com/ythomepagecms/media/todayspick_home/2025/Jul/30c98bcb522eacf30577032cab4e0749.jpg,https://www.yatra.com/offer/details/bank-of-baroda-emi-offers,UNNATI
"Flat 10% OFF (up to Rs. 7,000) ",,,https://www.yatra.com/ythomepagecms/media/todayspick_home/2025/Jul/30c98bcb522eacf30577032cab4e0749.jpg,https://www.yatra.com/offer/details/bank-of-baroda-emi-offers,Indian Coast Guard Rakshamah
"Flat 10% OFF (up to Rs.6,000) ",,,https://www.yatra.com/ythomepagecms/media/todayspick_home/2025/Apr/ae4fdad2cd0fa68f749a34d75d4b4faa.jpg,https://www.yatra.com/offer/details/icici-bank-emi-offers,MakeMyTrip ICICI Bank
"Flat 10% OFF (up to Rs.6,000) ",,,https://www.yatra.com/ythomepagecms/media/todayspick_home/2025/Apr/ae4fdad2cd0fa68f749a34d75d4b4faa.jpg,https://www.yatra.com/offer/details/icici-bank-emi-offers,ICICI Bank HPCL Super Saver Visa
"Flat 10% OFF (up to Rs.6,000) ",,,https://www.yatra.com/ythomepagecms/media/todayspick_home/2025/Apr/ae4fdad2cd0fa68f749a34d75d4b4faa.jpg,https://www.yatra.com/offer/details/icici-bank-emi-offers,ICICI Bank HPCL Super Saver RuPay
"Flat 10% OFF (up to Rs.6,000) ",,,https://www.yatra.com/ythomepagecms/media/todayspick_home/2025/Apr/ae4fdad2cd0fa68f749a34d75d4b4faa.jpg,https://www.yatra.com/offer/details/icici-bank-emi-offers,Amazon Pay ICICI Bank
"Flat 10% OFF (up to Rs.6,000) ",,,https://www.yatra.com/ythomepagecms/media/todayspick_home/2025/Apr/ae4fdad2cd0fa68f749a34d75d4b4faa.jpg,https://www.yatra.com/offer/details/icici-bank-emi-offers,Skywards ICICI Bank Sapphiro
"Flat 10% OFF (up to Rs.6,000) ",,,https://www.yatra.com/ythomepagecms/media/todayspick_home/2025/Apr/ae4fdad2cd0fa68f749a34d75d4b4faa.jpg,https://www.yatra.com/offer/details/icici-bank-emi-offers,ICICI Parakram Select
"Flat 10% OFF (up to Rs.6,000) ",,,https://www.yatra.com/ythomepagecms/media/todayspick_home/2025/Apr/ae4fdad2cd0fa68f749a34d75d4b4faa.jpg,https://www.yatra.com/offer/details/icici-bank-emi-offers,Skywards ICICI Bank Emerald
"Flat 10% OFF (up to Rs.6,000) ",,,https://www.yatra.com/ythomepagecms/media/todayspick_home/2025/Apr/ae4fdad2cd0fa68f749a34d75d4b4faa.jpg,https://www.yatra.com/offer/details/icici-bank-emi-offers,Accelero ICICI Bank
"Flat 10% OFF (up to Rs.6,000) ",,,https://www.yatra.com/ythomepagecms/media/todayspick_home/2025/Apr/ae4fdad2cd0fa68f749a34d75d4b4faa.jpg,https://www.yatra.com/offer/details/icici-bank-emi-offers,ICICI HPCL Coral
"Flat 10% OFF (up to Rs.6,000) ",,,https://www.yatra.com/ythomepagecms/media/todayspick_home/2025/Apr/ae4fdad2cd0fa68f749a34d75d4b4faa.jpg,https://www.yatra.com/offer/details/icici-bank-emi-offers,MakeMyTrip ICICI Bank Platinum
"Flat 10% OFF (up to Rs.6,000) ",,,https://www.yatra.com/ythomepagecms/media/todayspick_home/2025/Apr/ae4fdad2cd0fa68f749a34d75d4b4faa.jpg,https://www.yatra.com/offer/details/icici-bank-emi-offers,MakeMyTrip ICICI Bank Signature
"Flat 10% OFF (up to Rs.6,000) ",,,https://www.yatra.com/ythomepagecms/media/todayspick_home/2025/Apr/ae4fdad2cd0fa68f749a34d75d4b4faa.jpg,https://www.yatra.com/offer/details/icici-bank-emi-offers,ICICI Manchester United Platinum
"Flat 10% OFF (up to Rs.6,000) ",,,https://www.yatra.com/ythomepagecms/media/todayspick_home/2025/Apr/ae4fdad2cd0fa68f749a34d75d4b4faa.jpg,https://www.yatra.com/offer/details/icici-bank-emi-offers,ICICI Parakram
"Flat 10% OFF (up to Rs.6,000) ",,,https://www.yatra.com/ythomepagecms/media/todayspick_home/2025/Apr/ae4fdad2cd0fa68f749a34d75d4b4faa.jpg,https://www.yatra.com/offer/details/icici-bank-emi-offers,Expressions
"Flat 10% OFF (up to Rs.6,000) ",,,https://www.yatra.com/ythomepagecms/media/todayspick_home/2025/Apr/ae4fdad2cd0fa68f749a34d75d4b4faa.jpg,https://www.yatra.com/offer/details/icici-bank-emi-offers,Emirates Skywards Rubyx
"Flat 10% OFF (up to Rs.6,000) ",,,https://www.yatra.com/ythomepagecms/media/todayspick_home/2025/Apr/ae4fdad2cd0fa68f749a34d75d4b4faa.jpg,https://www.yatra.com/offer/details/icici-bank-emi-offers,Adani One ICICI Platinum
"Flat 10% OFF (up to Rs.6,000) ",,,https://www.yatra.com/ythomepagecms/media/todayspick_home/2025/Apr/ae4fdad2cd0fa68f749a34d75d4b4faa.jpg,https://www.yatra.com/offer/details/icici-bank-emi-offers,Adani One ICICI Signature
"Flat 10% OFF (up to Rs.6,000) ",,,https://www.yatra.com/ythomepagecms/media/todayspick_home/2025/Apr/ae4fdad2cd0fa68f749a34d75d4b4faa.jpg,https://www.yatra.com/offer/details/icici-bank-emi-offers,ICICI Bank Emeralde
"Flat 10% OFF (up to Rs.6,000) ",,,https://www.yatra.com/ythomepagecms/media/todayspick_home/2025/Apr/ae4fdad2cd0fa68f749a34d75d4b4faa.jpg,https://www.yatra.com/offer/details/icici-bank-emi-offers,ICICI Bank Instant Platinum
"Flat 10% OFF (up to Rs.6,000) ",,,https://www.yatra.com/ythomepagecms/media/todayspick_home/2025/Apr/ae4fdad2cd0fa68f749a34d75d4b4faa.jpg,https://www.yatra.com/offer/details/icici-bank-emi-offers,ICICI Manchester United Signature
"Flat 10% OFF (up to Rs.6,000) ",,,https://www.yatra.com/ythomepagecms/media/todayspick_home/2025/Apr/ae4fdad2cd0fa68f749a34d75d4b4faa.jpg,https://www.yatra.com/offer/details/icici-bank-emi-offers,ICICI Bank Sapphiro
"Flat 10% OFF (up to Rs.6,000) ",,,https://www.yatra.com/ythomepagecms/media/todayspick_home/2025/Apr/ae4fdad2cd0fa68f749a34d75d4b4faa.jpg,https://www.yatra.com/offer/details/icici-bank-emi-offers,ICICI Bank Coral RuPay
"Flat 10% OFF (up to Rs.6,000) ",,,https://www.yatra.com/ythomepagecms/media/todayspick_home/2025/Apr/ae4fdad2cd0fa68f749a34d75d4b4faa.jpg,https://www.yatra.com/offer/details/icici-bank-emi-offers,Chennai Super Kings ICICI Bank
"Flat 10% OFF (up to Rs.6,000) ",,,https://www.yatra.com/ythomepagecms/media/todayspick_home/2025/Apr/ae4fdad2cd0fa68f749a34d75d4b4faa.jpg,https://www.yatra.com/offer/details/icici-bank-emi-offers,.
"Flat 10% OFF (up to Rs.6,000) ",,,https://www.yatra.com/ythomepagecms/media/todayspick_home/2025/Apr/ae4fdad2cd0fa68f749a34d75d4b4faa.jpg,https://www.yatra.com/offer/details/icici-bank-emi-offers,ICICI Bank Coral Visa
"Flat 10% OFF (up to Rs.6,000) ",,,https://www.yatra.com/ythomepagecms/media/todayspick_home/2025/Apr/ae4fdad2cd0fa68f749a34d75d4b4faa.jpg,https://www.yatra.com/offer/details/icici-bank-emi-offers,ICICI Bank Rubyx RuPay
"Flat 10% OFF (up to Rs.6,000) ",,,https://www.yatra.com/ythomepagecms/media/todayspick_home/2025/Apr/ae4fdad2cd0fa68f749a34d75d4b4faa.jpg,https://www.yatra.com/offer/details/icici-bank-emi-offers,ICICI Bank Rubyx Visa
"Flat 10% OFF (up to Rs.6,000) ",,,https://www.yatra.com/ythomepagecms/media/todayspick_home/2025/Apr/ae4fdad2cd0fa68f749a34d75d4b4faa.jpg,https://www.yatra.com/offer/details/icici-bank-emi-offers,Platinum Chip
"Flat 10% OFF (up to Rs.6,000) ",,,https://www.yatra.com/ythomepagecms/media/todayspick_home/2025/Apr/ae4fdad2cd0fa68f749a34d75d4b4faa.jpg,https://www.yatra.com/offer/details/icici-bank-emi-offers,ICICI Bank Times Black
"Up to Rs. 4,500 OFF* ",,,https://www.yatra.com/ythomepagecms/media/todayspick_home/2025/May/7d39d664c5d2ed0d17e634c43f818fe6.jpg,https://www.yatra.com/offer/details/rbl-credit-card-offers,RBL Bank VCard
"Up to Rs. 4,500 OFF* ",,,https://www.yatra.com/ythomepagecms/media/todayspick_home/2025/May/7d39d664c5d2ed0d17e634c43f818fe6.jpg,https://www.yatra.com/offer/details/rbl-credit-card-offers,RBL Bank Cookie
"Up to Rs. 4,500 OFF* ",,,https://www.yatra.com/ythomepagecms/media/todayspick_home/2025/May/7d39d664c5d2ed0d17e634c43f818fe6.jpg,https://www.yatra.com/offer/details/rbl-credit-card-offers,RBL Bank Shoprite
"Up to Rs. 4,500 OFF* ",,,https://www.yatra.com/ythomepagecms/media/todayspick_home/2025/May/7d39d664c5d2ed0d17e634c43f818fe6.jpg,https://www.yatra.com/offer/details/rbl-credit-card-offers,RBL Platinum Maxima Plus Card
"Up to Rs. 4,500 OFF* ",,,https://www.yatra.com/ythomepagecms/media/todayspick_home/2025/May/7d39d664c5d2ed0d17e634c43f818fe6.jpg,https://www.yatra.com/offer/details/rbl-credit-card-offers,MoneyTap Black Card
"Up to Rs. 4,500 OFF* ",,,https://www.yatra.com/ythomepagecms/media/todayspick_home/2025/May/7d39d664c5d2ed0d17e634c43f818fe6.jpg,https://www.yatra.com/offer/details/rbl-credit-card-offers,RBL Bank Platinum Maxima
"Up to Rs. 4,500 OFF* ",,,https://www.yatra.com/ythomepagecms/media/todayspick_home/2025/May/7d39d664c5d2ed0d17e634c43f818fe6.jpg,https://www.yatra.com/offer/details/rbl-credit-card-offers,RBL Bank Movies and More
"Up to Rs. 4,500 OFF* ",,,https://www.yatra.com/ythomepagecms/media/todayspick_home/2025/May/7d39d664c5d2ed0d17e634c43f818fe6.jpg,https://www.yatra.com/offer/details/rbl-credit-card-offers,RBL Bank Paisabazaar Duet Card Plus
"Up to Rs. 4,500 OFF* ",,,https://www.yatra.com/ythomepagecms/media/todayspick_home/2025/May/7d39d664c5d2ed0d17e634c43f818fe6.jpg,https://www.yatra.com/offer/details/rbl-credit-card-offers,Bankbazaar Savemax Pro
"Up to Rs. 4,500 OFF* ",,,https://www.yatra.com/ythomepagecms/media/todayspick_home/2025/May/7d39d664c5d2ed0d17e634c43f818fe6.jpg,https://www.yatra.com/offer/details/rbl-credit-card-offers,BankBazaar SaveMax
"Up to Rs. 4,500 OFF* ",,,https://www.yatra.com/ythomepagecms/media/todayspick_home/2025/May/7d39d664c5d2ed0d17e634c43f818fe6.jpg,https://www.yatra.com/offer/details/rbl-credit-card-offers,RBL Bank iGlobe
"Up to Rs. 4,500 OFF* ",,,https://www.yatra.com/ythomepagecms/media/todayspick_home/2025/May/7d39d664c5d2ed0d17e634c43f818fe6.jpg,https://www.yatra.com/offer/details/rbl-credit-card-offers,Insignia Preferred Banking Card
"Up to Rs. 4,500 OFF* ",,,https://www.yatra.com/ythomepagecms/media/todayspick_home/2025/May/7d39d664c5d2ed0d17e634c43f818fe6.jpg,https://www.yatra.com/offer/details/rbl-credit-card-offers,RBL Bank Play
"Up to Rs. 4,500 OFF* ",,,https://www.yatra.com/ythomepagecms/media/todayspick_home/2025/May/7d39d664c5d2ed0d17e634c43f818fe6.jpg,https://www.yatra.com/offer/details/rbl-credit-card-offers,RBL Bank World Safari
"Up to Rs. 4,500 OFF* ",,,https://www.yatra.com/ythomepagecms/media/todayspick_home/2025/May/7d39d664c5d2ed0d17e634c43f818fe6.jpg,https://www.yatra.com/offer/details/rbl-credit-card-offers,RBL Bank Platinum Delight
"Up to Rs. 4,500 OFF* ",,,https://www.yatra.com/ythomepagecms/media/todayspick_home/2025/May/7d39d664c5d2ed0d17e634c43f818fe6.jpg,https://www.yatra.com/offer/details/rbl-credit-card-offers,RBL Bank Monthly Treats
"Up to Rs. 4,500 OFF* ",,,https://www.yatra.com/ythomepagecms/media/todayspick_home/2025/May/7d39d664c5d2ed0d17e634c43f818fe6.jpg,https://www.yatra.com/offer/details/rbl-credit-card-offers,RBL Bank Lazy Pay
"Up to Rs. 4,500 OFF* ",,,https://www.yatra.com/ythomepagecms/media/todayspick_home/2025/May/7d39d664c5d2ed0d17e634c43f818fe6.jpg,https://www.yatra.com/offer/details/rbl-credit-card-offers,RBL Bank Icon
"Up to Rs. 4,500 OFF* ",,,https://www.yatra.com/ythomepagecms/media/todayspick_home/2025/May/7d39d664c5d2ed0d17e634c43f818fe6.jpg,https://www.yatra.com/offer/details/rbl-credit-card-offers,RBL Bank Paisabazaar Duet Card
"Up to Rs. 4,500 OFF* ",,,https://www.yatra.com/ythomepagecms/media/todayspick_home/2025/May/7d39d664c5d2ed0d17e634c43f818fe6.jpg,https://www.yatra.com/offer/details/rbl-credit-card-offers,RBL Bank MoneyTap
"Up to Rs. 4,500 OFF* ",,,https://www.yatra.com/ythomepagecms/media/todayspick_home/2025/May/7d39d664c5d2ed0d17e634c43f818fe6.jpg,https://www.yatra.com/offer/details/rbl-credit-card-offers,Mo Cash
"Up to Rs. 4,500 OFF* ",,,https://www.yatra.com/ythomepagecms/media/todayspick_home/2025/May/7d39d664c5d2ed0d17e634c43f818fe6.jpg,https://www.yatra.com/offer/details/rbl-credit-card-offers,RBL Bank Platinum Advantage MasterCard
"Up to Rs. 4,500 OFF* ",,,https://www.yatra.com/ythomepagecms/media/todayspick_home/2025/May/7d39d664c5d2ed0d17e634c43f818fe6.jpg,https://www.yatra.com/offer/details/rbl-credit-card-offers,RBL Bank Platinum Plus Visa
"Up to Rs. 4,500 OFF* ",,,https://www.yatra.com/ythomepagecms/media/todayspick_home/2025/May/7d39d664c5d2ed0d17e634c43f818fe6.jpg,https://www.yatra.com/offer/details/rbl-credit-card-offers,RBL Bank Platinum ValuePlus MasterCard
"Up to Rs. 4,500 OFF* ",,,https://www.yatra.com/ythomepagecms/media/todayspick_home/2025/May/7d39d664c5d2ed0d17e634c43f818fe6.jpg,https://www.yatra.com/offer/details/rbl-credit-card-offers,RBL Bank Novio RuPay
"Up to Rs. 4,500 OFF* ",,,https://www.yatra.com/ythomepagecms/media/todayspick_home/2025/May/7d39d664c5d2ed0d17e634c43f818fe6.jpg,https://www.yatra.com/offer/details/rbl-credit-card-offers,RBL Bank Platinum ValuePlus Visa
"Up to Rs. 4,500 OFF* ",,,https://www.yatra.com/ythomepagecms/media/todayspick_home/2025/May/7d39d664c5d2ed0d17e634c43f818fe6.jpg,https://www.yatra.com/offer/details/rbl-credit-card-offers,RBL Bank Patanjali Vishisht RuPay Card
"Up to Rs. 4,500 OFF* ",,,https://www.yatra.com/ythomepagecms/media/todayspick_home/2025/May/7d39d664c5d2ed0d17e634c43f818fe6.jpg,https://www.yatra.com/offer/details/rbl-credit-card-offers,RBL Bank Platinum Shopgain Visa
"Up to Rs. 4,500 OFF* ",,,https://www.yatra.com/ythomepagecms/media/todayspick_home/2025/May/7d39d664c5d2ed0d17e634c43f818fe6.jpg,https://www.yatra.com/offer/details/rbl-credit-card-offers,RBL Bank Platinum Bonus MasterCard
"Up to Rs. 4,500 OFF* ",,,https://www.yatra.com/ythomepagecms/media/todayspick_home/2025/May/7d39d664c5d2ed0d17e634c43f818fe6.jpg,https://www.yatra.com/offer/details/rbl-credit-card-offers,RBL Bank Platinum ShopSmart MasterCard
"Up to Rs. 4,500 OFF* ",,,https://www.yatra.com/ythomepagecms/media/todayspick_home/2025/May/7d39d664c5d2ed0d17e634c43f818fe6.jpg,https://www.yatra.com/offer/details/rbl-credit-card-offers,RBL Bank Binge Visa
"Up to Rs. 4,500 OFF* ",,,https://www.yatra.com/ythomepagecms/media/todayspick_home/2025/May/7d39d664c5d2ed0d17e634c43f818fe6.jpg,https://www.yatra.com/offer/details/rbl-credit-card-offers,TVS Credit RBL Bank Gold Mastercard Card
"Up to Rs. 4,500 OFF* ",,,https://www.yatra.com/ythomepagecms/media/todayspick_home/2025/May/7d39d664c5d2ed0d17e634c43f818fe6.jpg,https://www.yatra.com/offer/details/rbl-credit-card-offers,IndianOil RBL Bank MasterCard
"Up to Rs. 4,500 OFF* ",,,https://www.yatra.com/ythomepagecms/media/todayspick_home/2025/May/7d39d664c5d2ed0d17e634c43f818fe6.jpg,https://www.yatra.com/offer/details/rbl-credit-card-offers,RBL Bank MyFirst Visa
"Up to Rs. 4,500 OFF* ",,,https://www.yatra.com/ythomepagecms/media/todayspick_home/2025/May/7d39d664c5d2ed0d17e634c43f818fe6.jpg,https://www.yatra.com/offer/details/rbl-credit-card-offers,RBL Bank Platinum ShopDaily MasterCard
"Up to Rs. 4,500 OFF* ",,,https://www.yatra.com/ythomepagecms/media/todayspick_home/2025/May/7d39d664c5d2ed0d17e634c43f818fe6.jpg,https://www.yatra.com/offer/details/rbl-credit-card-offers,RBL Bank Platinum Shopgain MasterCard
"Up to Rs. 4,500 OFF* ",,,https://www.yatra.com/ythomepagecms/media/todayspick_home/2025/May/7d39d664c5d2ed0d17e634c43f818fe6.jpg,https://www.yatra.com/offer/details/rbl-credit-card-offers,RBL Bank Platinum Edge MasterCard
"Up to Rs. 4,500 OFF* ",,,https://www.yatra.com/ythomepagecms/media/todayspick_home/2025/May/7d39d664c5d2ed0d17e634c43f818fe6.jpg,https://www.yatra.com/offer/details/rbl-credit-card-offers,RBL Bank MyFirst MasterCard
"Up to Rs. 4,500 OFF* ",,,https://www.yatra.com/ythomepagecms/media/todayspick_home/2025/May/7d39d664c5d2ed0d17e634c43f818fe6.jpg,https://www.yatra.com/offer/details/rbl-credit-card-offers,RBL Bank Platinum Choice Visa
"Up to Rs. 4,500 OFF* ",,,https://www.yatra.com/ythomepagecms/media/todayspick_home/2025/May/7d39d664c5d2ed0d17e634c43f818fe6.jpg,https://www.yatra.com/offer/details/rbl-credit-card-offers,RBL Bank EasySaver Visa
"Up to Rs. 4,500 OFF* ",,,https://www.yatra.com/ythomepagecms/media/todayspick_home/2025/May/7d39d664c5d2ed0d17e634c43f818fe6.jpg,https://www.yatra.com/offer/details/rbl-credit-card-offers,RBL Bank Play Visa
"Up to Rs. 4,500 OFF* ",,,https://www.yatra.com/ythomepagecms/media/todayspick_home/2025/May/7d39d664c5d2ed0d17e634c43f818fe6.jpg,https://www.yatra.com/offer/details/rbl-credit-card-offers,IRCTC RBL Bank RuPay
"Up to Rs. 4,500 OFF* ",,,https://www.yatra.com/ythomepagecms/media/todayspick_home/2025/May/7d39d664c5d2ed0d17e634c43f818fe6.jpg,https://www.yatra.com/offer/details/rbl-credit-card-offers,TVS Credit RBL Bank RuPay Card
"Up to Rs. 4,500 OFF* ",,,https://www.yatra.com/ythomepagecms/media/todayspick_home/2025/May/7d39d664c5d2ed0d17e634c43f818fe6.jpg,https://www.yatra.com/offer/details/rbl-credit-card-offers,RBL Bank SalarySe Up RuPay
"Up to Rs. 4,500 OFF* ",,,https://www.yatra.com/ythomepagecms/media/todayspick_home/2025/May/7d39d664c5d2ed0d17e634c43f818fe6.jpg,https://www.yatra.com/offer/details/rbl-credit-card-offers,RBL Bank EasySaver MasterCard
"Up to Rs. 4,500 OFF* ",,,https://www.yatra.com/ythomepagecms/media/todayspick_home/2025/May/7d39d664c5d2ed0d17e634c43f818fe6.jpg,https://www.yatra.com/offer/details/rbl-credit-card-offers,RBL Bank Binge MasterCard
"Up to Rs. 4,500 OFF* ",,,https://www.yatra.com/ythomepagecms/media/todayspick_home/2025/May/7d39d664c5d2ed0d17e634c43f818fe6.jpg,https://www.yatra.com/offer/details/rbl-credit-card-offers,RBL Bank World Prime Visa
"Up to Rs. 4,500 OFF* ",,,https://www.yatra.com/ythomepagecms/media/todayspick_home/2025/May/7d39d664c5d2ed0d17e634c43f818fe6.jpg,https://www.yatra.com/offer/details/rbl-credit-card-offers,RBL Bank Platinum Plus MasterCard
"Up to Rs. 4,500 OFF* ",,,https://www.yatra.com/ythomepagecms/media/todayspick_home/2025/May/7d39d664c5d2ed0d17e634c43f818fe6.jpg,https://www.yatra.com/offer/details/rbl-credit-card-offers,RBL Bank World Max Visa
"Up to Rs. 4,500 OFF* ",,,https://www.yatra.com/ythomepagecms/media/todayspick_home/2025/May/7d39d664c5d2ed0d17e634c43f818fe6.jpg,https://www.yatra.com/offer/details/rbl-credit-card-offers,IndianOil RBL Bank XTRA RuPay
"Up to Rs. 4,500 OFF* ",,,https://www.yatra.com/ythomepagecms/media/todayspick_home/2025/May/7d39d664c5d2ed0d17e634c43f818fe6.jpg,https://www.yatra.com/offer/details/rbl-credit-card-offers,IndianOil RBL Bank RuPay
"Up to Rs. 4,500 OFF* ",,,https://www.yatra.com/ythomepagecms/media/todayspick_home/2025/May/7d39d664c5d2ed0d17e634c43f818fe6.jpg,https://www.yatra.com/offer/details/rbl-credit-card-offers,RBL Bank World Prime MasterCard
"Up to Rs. 4,500 OFF* ",,,https://www.yatra.com/ythomepagecms/media/todayspick_home/2025/May/7d39d664c5d2ed0d17e634c43f818fe6.jpg,https://www.yatra.com/offer/details/rbl-credit-card-offers,RBL Bank Platinum ShopDaily Visa
"Up to Rs. 4,500 OFF* ",,,https://www.yatra.com/ythomepagecms/media/todayspick_home/2025/May/7d39d664c5d2ed0d17e634c43f818fe6.jpg,https://www.yatra.com/offer/details/rbl-credit-card-offers,RBL Bank Patanjali Swarn RuPay Card
"Up to Rs. 4,500 OFF* ",,,https://www.yatra.com/ythomepagecms/media/todayspick_home/2025/May/7d39d664c5d2ed0d17e634c43f818fe6.jpg,https://www.yatra.com/offer/details/rbl-credit-card-offers,RBL Bank Platinum Prime MasterCard
"Up to Rs. 4,500 OFF* ",,,https://www.yatra.com/ythomepagecms/media/todayspick_home/2025/May/7d39d664c5d2ed0d17e634c43f818fe6.jpg,https://www.yatra.com/offer/details/rbl-credit-card-offers,RBL Bank World Max MasterCard
"Up to Rs. 4,500 OFF* ",,,https://www.yatra.com/ythomepagecms/media/todayspick_home/2025/May/7d39d664c5d2ed0d17e634c43f818fe6.jpg,https://www.yatra.com/offer/details/rbl-credit-card-offers,RBL Bank Platinum Choice MasterCard
"Up to Rs. 4,500 OFF* ",,,https://www.yatra.com/ythomepagecms/media/todayspick_home/2025/May/7d39d664c5d2ed0d17e634c43f818fe6.jpg,https://www.yatra.com/offer/details/rbl-credit-card-offers,RBL Bank Platinum ShopSmart Visa
"Up to Rs. 4,500 OFF* ",,,https://www.yatra.com/ythomepagecms/media/todayspick_home/2025/May/7d39d664c5d2ed0d17e634c43f818fe6.jpg,https://www.yatra.com/offer/details/rbl-credit-card-offers,RBL Bank World Plus MasterCard
"Up to Rs. 4,500 OFF* ",,,https://www.yatra.com/ythomepagecms/media/todayspick_home/2025/May/7d39d664c5d2ed0d17e634c43f818fe6.jpg,https://www.yatra.com/offer/details/rbl-credit-card-offers,RBL Bank World Plus Visa
"Up to Rs. 4,500 OFF* ",,,https://www.yatra.com/ythomepagecms/media/todayspick_home/2025/May/7d39d664c5d2ed0d17e634c43f818fe6.jpg,https://www.yatra.com/offer/details/rbl-credit-card-offers,IndianOil RBL Bank XTRA MasterCard
"Up to Rs. 4,500 OFF* ",,,https://www.yatra.com/ythomepagecms/media/todayspick_home/2025/May/7d39d664c5d2ed0d17e634c43f818fe6.jpg,https://www.yatra.com/offer/details/rbl-credit-card-offers,RBL Bank DMI Finance Visa
"Up to Rs. 4,500 OFF* ",,,https://www.yatra.com/ythomepagecms/media/todayspick_home/2025/May/7d39d664c5d2ed0d17e634c43f818fe6.jpg,https://www.yatra.com/offer/details/rbl-credit-card-offers,RBL Bank Platinum TravelEasy Visa
"Up to Rs. 4,500 OFF* ",,,https://www.yatra.com/ythomepagecms/media/todayspick_home/2025/May/7d39d664c5d2ed0d17e634c43f818fe6.jpg,https://www.yatra.com/offer/details/rbl-credit-card-offers,RBL Bank Platinum LifeEasy Visa
"Up to Rs. 4,500 OFF* ",,,https://www.yatra.com/ythomepagecms/media/todayspick_home/2025/May/7d39d664c5d2ed0d17e634c43f818fe6.jpg,https://www.yatra.com/offer/details/rbl-credit-card-offers,RBL Bank Platinum TravelEasy MasterCard
"Up to Rs. 4,500 OFF* ",,,https://www.yatra.com/ythomepagecms/media/todayspick_home/2025/May/7d39d664c5d2ed0d17e634c43f818fe6.jpg,https://www.yatra.com/offer/details/rbl-credit-card-offers,RBL Bank Platinum Edge Visa
"Up to Rs. 4,500 OFF* ",,,https://www.yatra.com/ythomepagecms/media/todayspick_home/2025/May/7d39d664c5d2ed0d17e634c43f818fe6.jpg,https://www.yatra.com/offer/details/rbl-credit-card-offers,RBL Bank Platinum LifeEasy MasterCard
"Flat 10% OFF (up to Rs. 7,000) ",,,https://www.yatra.com/ythomepagecms/media/todayspick_home/2025/Jan/a7a153c1d1882483c04604ffe8db61fc.jpg,https://www.yatra.com/offer/details/rbl-card-emi-offers,RBL Bank VCard
"Flat 10% OFF (up to Rs. 7,000) ",,,https://www.yatra.com/ythomepagecms/media/todayspick_home/2025/Jan/a7a153c1d1882483c04604ffe8db61fc.jpg,https://www.yatra.com/offer/details/rbl-card-emi-offers,RBL Bank Cookie
"Flat 10% OFF (up to Rs. 7,000) ",,,https://www.yatra.com/ythomepagecms/media/todayspick_home/2025/Jan/a7a153c1d1882483c04604ffe8db61fc.jpg,https://www.yatra.com/offer/details/rbl-card-emi-offers,RBL Bank Shoprite
"Flat 10% OFF (up to Rs. 7,000) ",,,https://www.yatra.com/ythomepagecms/media/todayspick_home/2025/Jan/a7a153c1d1882483c04604ffe8db61fc.jpg,https://www.yatra.com/offer/details/rbl-card-emi-offers,RBL Platinum Maxima Plus Card
"Flat 10% OFF (up to Rs. 7,000) ",,,https://www.yatra.com/ythomepagecms/media/todayspick_home/2025/Jan/a7a153c1d1882483c04604ffe8db61fc.jpg,https://www.yatra.com/offer/details/rbl-card-emi-offers,MoneyTap Black Card
"Flat 10% OFF (up to Rs. 7,000) ",,,https://www.yatra.com/ythomepagecms/media/todayspick_home/2025/Jan/a7a153c1d1882483c04604ffe8db61fc.jpg,https://www.yatra.com/offer/details/rbl-card-emi-offers,RBL Bank Platinum Maxima
"Flat 10% OFF (up to Rs. 7,000) ",,,https://www.yatra.com/ythomepagecms/media/todayspick_home/2025/Jan/a7a153c1d1882483c04604ffe8db61fc.jpg,https://www.yatra.com/offer/details/rbl-card-emi-offers,RBL Bank Movies and More
"Flat 10% OFF (up to Rs. 7,000) ",,,https://www.yatra.com/ythomepagecms/media/todayspick_home/2025/Jan/a7a153c1d1882483c04604ffe8db61fc.jpg,https://www.yatra.com/offer/details/rbl-card-emi-offers,RBL Bank Paisabazaar Duet Card Plus
"Flat 10% OFF (up to Rs. 7,000) ",,,https://www.yatra.com/ythomepagecms/media/todayspick_home/2025/Jan/a7a153c1d1882483c04604ffe8db61fc.jpg,https://www.yatra.com/offer/details/rbl-card-emi-offers,Bankbazaar Savemax Pro
"Flat 10% OFF (up to Rs. 7,000) ",,,https://www.yatra.com/ythomepagecms/media/todayspick_home/2025/Jan/a7a153c1d1882483c04604ffe8db61fc.jpg,https://www.yatra.com/offer/details/rbl-card-emi-offers,BankBazaar SaveMax
"Flat 10% OFF (up to Rs. 7,000) ",,,https://www.yatra.com/ythomepagecms/media/todayspick_home/2025/Jan/a7a153c1d1882483c04604ffe8db61fc.jpg,https://www.yatra.com/offer/details/rbl-card-emi-offers,RBL Bank iGlobe
"Flat 10% OFF (up to Rs. 7,000) ",,,https://www.yatra.com/ythomepagecms/media/todayspick_home/2025/Jan/a7a153c1d1882483c04604ffe8db61fc.jpg,https://www.yatra.com/offer/details/rbl-card-emi-offers,Insignia Preferred Banking Card
"Flat 10% OFF (up to Rs. 7,000) ",,,https://www.yatra.com/ythomepagecms/media/todayspick_home/2025/Jan/a7a153c1d1882483c04604ffe8db61fc.jpg,https://www.yatra.com/offer/details/rbl-card-emi-offers,RBL Bank Play
"Flat 10% OFF (up to Rs. 7,000) ",,,https://www.yatra.com/ythomepagecms/media/todayspick_home/2025/Jan/a7a153c1d1882483c04604ffe8db61fc.jpg,https://www.yatra.com/offer/details/rbl-card-emi-offers,RBL Bank World Safari
"Flat 10% OFF (up to Rs. 7,000) ",,,https://www.yatra.com/ythomepagecms/media/todayspick_home/2025/Jan/a7a153c1d1882483c04604ffe8db61fc.jpg,https://www.yatra.com/offer/details/rbl-card-emi-offers,RBL Bank Platinum Delight
"Flat 10% OFF (up to Rs. 7,000) ",,,https://www.yatra.com/ythomepagecms/media/todayspick_home/2025/Jan/a7a153c1d1882483c04604ffe8db61fc.jpg,https://www.yatra.com/offer/details/rbl-card-emi-offers,RBL Bank Monthly Treats
"Flat 10% OFF (up to Rs. 7,000) ",,,https://www.yatra.com/ythomepagecms/media/todayspick_home/2025/Jan/a7a153c1d1882483c04604ffe8db61fc.jpg,https://www.yatra.com/offer/details/rbl-card-emi-offers,RBL Bank Lazy Pay
"Flat 10% OFF (up to Rs. 7,000) ",,,https://www.yatra.com/ythomepagecms/media/todayspick_home/2025/Jan/a7a153c1d1882483c04604ffe8db61fc.jpg,https://www.yatra.com/offer/details/rbl-card-emi-offers,RBL Bank Icon
"Flat 10% OFF (up to Rs. 7,000) ",,,https://www.yatra.com/ythomepagecms/media/todayspick_home/2025/Jan/a7a153c1d1882483c04604ffe8db61fc.jpg,https://www.yatra.com/offer/details/rbl-card-emi-offers,RBL Bank Paisabazaar Duet Card
"Flat 10% OFF (up to Rs. 7,000) ",,,https://www.yatra.com/ythomepagecms/media/todayspick_home/2025/Jan/a7a153c1d1882483c04604ffe8db61fc.jpg,https://www.yatra.com/offer/details/rbl-card-emi-offers,RBL Bank MoneyTap
"Flat 10% OFF (up to Rs. 7,000) ",,,https://www.yatra.com/ythomepagecms/media/todayspick_home/2025/Jan/a7a153c1d1882483c04604ffe8db61fc.jpg,https://www.yatra.com/offer/details/rbl-card-emi-offers,Mo Cash
"Flat 10% OFF (up to Rs. 7,000) ",,,https://www.yatra.com/ythomepagecms/media/todayspick_home/2025/Jan/a7a153c1d1882483c04604ffe8db61fc.jpg,https://www.yatra.com/offer/details/rbl-card-emi-offers,RBL Bank Platinum Advantage MasterCard
"Flat 10% OFF (up to Rs. 7,000) ",,,https://www.yatra.com/ythomepagecms/media/todayspick_home/2025/Jan/a7a153c1d1882483c04604ffe8db61fc.jpg,https://www.yatra.com/offer/details/rbl-card-emi-offers,RBL Bank Platinum Plus Visa
"Flat 10% OFF (up to Rs. 7,000) ",,,https://www.yatra.com/ythomepagecms/media/todayspick_home/2025/Jan/a7a153c1d1882483c04604ffe8db61fc.jpg,https://www.yatra.com/offer/details/rbl-card-emi-offers,RBL Bank Platinum ValuePlus MasterCard
"Flat 10% OFF (up to Rs. 7,000) ",,,https://www.yatra.com/ythomepagecms/media/todayspick_home/2025/Jan/a7a153c1d1882483c04604ffe8db61fc.jpg,https://www.yatra.com/offer/details/rbl-card-emi-offers,RBL Bank Novio RuPay
"Flat 10% OFF (up to Rs. 7,000) ",,,https://www.yatra.com/ythomepagecms/media/todayspick_home/2025/Jan/a7a153c1d1882483c04604ffe8db61fc.jpg,https://www.yatra.com/offer/details/rbl-card-emi-offers,RBL Bank Platinum ValuePlus Visa
"Flat 10% OFF (up to Rs. 7,000) ",,,https://www.yatra.com/ythomepagecms/media/todayspick_home/2025/Jan/a7a153c1d1882483c04604ffe8db61fc.jpg,https://www.yatra.com/offer/details/rbl-card-emi-offers,RBL Bank Patanjali Vishisht RuPay Card
"Flat 10% OFF (up to Rs. 7,000) ",,,https://www.yatra.com/ythomepagecms/media/todayspick_home/2025/Jan/a7a153c1d1882483c04604ffe8db61fc.jpg,https://www.yatra.com/offer/details/rbl-card-emi-offers,RBL Bank Platinum Shopgain Visa
"Flat 10% OFF (up to Rs. 7,000) ",,,https://www.yatra.com/ythomepagecms/media/todayspick_home/2025/Jan/a7a153c1d1882483c04604ffe8db61fc.jpg,https://www.yatra.com/offer/details/rbl-card-emi-offers,RBL Bank Platinum Bonus MasterCard
"Flat 10% OFF (up to Rs. 7,000) ",,,https://www.yatra.com/ythomepagecms/media/todayspick_home/2025/Jan/a7a153c1d1882483c04604ffe8db61fc.jpg,https://www.yatra.com/offer/details/rbl-card-emi-offers,RBL Bank Platinum ShopSmart MasterCard
"Flat 10% OFF (up to Rs. 7,000) ",,,https://www.yatra.com/ythomepagecms/media/todayspick_home/2025/Jan/a7a153c1d1882483c04604ffe8db61fc.jpg,https://www.yatra.com/offer/details/rbl-card-emi-offers,RBL Bank Binge Visa
"Flat 10% OFF (up to Rs. 7,000) ",,,https://www.yatra.com/ythomepagecms/media/todayspick_home/2025/Jan/a7a153c1d1882483c04604ffe8db61fc.jpg,https://www.yatra.com/offer/details/rbl-card-emi-offers,TVS Credit RBL Bank Gold Mastercard Card
"Flat 10% OFF (up to Rs. 7,000) ",,,https://www.yatra.com/ythomepagecms/media/todayspick_home/2025/Jan/a7a153c1d1882483c04604ffe8db61fc.jpg,https://www.yatra.com/offer/details/rbl-card-emi-offers,IndianOil RBL Bank MasterCard
"Flat 10% OFF (up to Rs. 7,000) ",,,https://www.yatra.com/ythomepagecms/media/todayspick_home/2025/Jan/a7a153c1d1882483c04604ffe8db61fc.jpg,https://www.yatra.com/offer/details/rbl-card-emi-offers,RBL Bank MyFirst Visa
"Flat 10% OFF (up to Rs. 7,000) ",,,https://www.yatra.com/ythomepagecms/media/todayspick_home/2025/Jan/a7a153c1d1882483c04604ffe8db61fc.jpg,https://www.yatra.com/offer/details/rbl-card-emi-offers,RBL Bank Platinum ShopDaily MasterCard
"Flat 10% OFF (up to Rs. 7,000) ",,,https://www.yatra.com/ythomepagecms/media/todayspick_home/2025/Jan/a7a153c1d1882483c04604ffe8db61fc.jpg,https://www.yatra.com/offer/details/rbl-card-emi-offers,RBL Bank Platinum Shopgain MasterCard
"Flat 10% OFF (up to Rs. 7,000) ",,,https://www.yatra.com/ythomepagecms/media/todayspick_home/2025/Jan/a7a153c1d1882483c04604ffe8db61fc.jpg,https://www.yatra.com/offer/details/rbl-card-emi-offers,RBL Bank Platinum Edge MasterCard
"Flat 10% OFF (up to Rs. 7,000) ",,,https://www.yatra.com/ythomepagecms/media/todayspick_home/2025/Jan/a7a153c1d1882483c04604ffe8db61fc.jpg,https://www.yatra.com/offer/details/rbl-card-emi-offers,RBL Bank MyFirst MasterCard
"Flat 10% OFF (up to Rs. 7,000) ",,,https://www.yatra.com/ythomepagecms/media/todayspick_home/2025/Jan/a7a153c1d1882483c04604ffe8db61fc.jpg,https://www.yatra.com/offer/details/rbl-card-emi-offers,RBL Bank Platinum Choice Visa
"Flat 10% OFF (up to Rs. 7,000) ",,,https://www.yatra.com/ythomepagecms/media/todayspick_home/2025/Jan/a7a153c1d1882483c04604ffe8db61fc.jpg,https://www.yatra.com/offer/details/rbl-card-emi-offers,RBL Bank EasySaver Visa
"Flat 10% OFF (up to Rs. 7,000) ",,,https://www.yatra.com/ythomepagecms/media/todayspick_home/2025/Jan/a7a153c1d1882483c04604ffe8db61fc.jpg,https://www.yatra.com/offer/details/rbl-card-emi-offers,RBL Bank Play Visa
"Flat 10% OFF (up to Rs. 7,000) ",,,https://www.yatra.com/ythomepagecms/media/todayspick_home/2025/Jan/a7a153c1d1882483c04604ffe8db61fc.jpg,https://www.yatra.com/offer/details/rbl-card-emi-offers,IRCTC RBL Bank RuPay
"Flat 10% OFF (up to Rs. 7,000) ",,,https://www.yatra.com/ythomepagecms/media/todayspick_home/2025/Jan/a7a153c1d1882483c04604ffe8db61fc.jpg,https://www.yatra.com/offer/details/rbl-card-emi-offers,TVS Credit RBL Bank RuPay Card
"Flat 10% OFF (up to Rs. 7,000) ",,,https://www.yatra.com/ythomepagecms/media/todayspick_home/2025/Jan/a7a153c1d1882483c04604ffe8db61fc.jpg,https://www.yatra.com/offer/details/rbl-card-emi-offers,RBL Bank SalarySe Up RuPay
"Flat 10% OFF (up to Rs. 7,000) ",,,https://www.yatra.com/ythomepagecms/media/todayspick_home/2025/Jan/a7a153c1d1882483c04604ffe8db61fc.jpg,https://www.yatra.com/offer/details/rbl-card-emi-offers,RBL Bank EasySaver MasterCard
"Flat 10% OFF (up to Rs. 7,000) ",,,https://www.yatra.com/ythomepagecms/media/todayspick_home/2025/Jan/a7a153c1d1882483c04604ffe8db61fc.jpg,https://www.yatra.com/offer/details/rbl-card-emi-offers,RBL Bank Binge MasterCard
"Flat 10% OFF (up to Rs. 7,000) ",,,https://www.yatra.com/ythomepagecms/media/todayspick_home/2025/Jan/a7a153c1d1882483c04604ffe8db61fc.jpg,https://www.yatra.com/offer/details/rbl-card-emi-offers,RBL Bank World Prime Visa
"Flat 10% OFF (up to Rs. 7,000) ",,,https://www.yatra.com/ythomepagecms/media/todayspick_home/2025/Jan/a7a153c1d1882483c04604ffe8db61fc.jpg,https://www.yatra.com/offer/details/rbl-card-emi-offers,RBL Bank Platinum Plus MasterCard
"Flat 10% OFF (up to Rs. 7,000) ",,,https://www.yatra.com/ythomepagecms/media/todayspick_home/2025/Jan/a7a153c1d1882483c04604ffe8db61fc.jpg,https://www.yatra.com/offer/details/rbl-card-emi-offers,RBL Bank World Max Visa
"Flat 10% OFF (up to Rs. 7,000) ",,,https://www.yatra.com/ythomepagecms/media/todayspick_home/2025/Jan/a7a153c1d1882483c04604ffe8db61fc.jpg,https://www.yatra.com/offer/details/rbl-card-emi-offers,IndianOil RBL Bank XTRA RuPay
"Flat 10% OFF (up to Rs. 7,000) ",,,https://www.yatra.com/ythomepagecms/media/todayspick_home/2025/Jan/a7a153c1d1882483c04604ffe8db61fc.jpg,https://www.yatra.com/offer/details/rbl-card-emi-offers,IndianOil RBL Bank RuPay
"Flat 10% OFF (up to Rs. 7,000) ",,,https://www.yatra.com/ythomepagecms/media/todayspick_home/2025/Jan/a7a153c1d1882483c04604ffe8db61fc.jpg,https://www.yatra.com/offer/details/rbl-card-emi-offers,RBL Bank World Prime MasterCard
"Flat 10% OFF (up to Rs. 7,000) ",,,https://www.yatra.com/ythomepagecms/media/todayspick_home/2025/Jan/a7a153c1d1882483c04604ffe8db61fc.jpg,https://www.yatra.com/offer/details/rbl-card-emi-offers,RBL Bank Platinum ShopDaily Visa
"Flat 10% OFF (up to Rs. 7,000) ",,,https://www.yatra.com/ythomepagecms/media/todayspick_home/2025/Jan/a7a153c1d1882483c04604ffe8db61fc.jpg,https://www.yatra.com/offer/details/rbl-card-emi-offers,RBL Bank Patanjali Swarn RuPay Card
"Flat 10% OFF (up to Rs. 7,000) ",,,https://www.yatra.com/ythomepagecms/media/todayspick_home/2025/Jan/a7a153c1d1882483c04604ffe8db61fc.jpg,https://www.yatra.com/offer/details/rbl-card-emi-offers,RBL Bank Platinum Prime MasterCard
"Flat 10% OFF (up to Rs. 7,000) ",,,https://www.yatra.com/ythomepagecms/media/todayspick_home/2025/Jan/a7a153c1d1882483c04604ffe8db61fc.jpg,https://www.yatra.com/offer/details/rbl-card-emi-offers,RBL Bank World Max MasterCard
"Flat 10% OFF (up to Rs. 7,000) ",,,https://www.yatra.com/ythomepagecms/media/todayspick_home/2025/Jan/a7a153c1d1882483c04604ffe8db61fc.jpg,https://www.yatra.com/offer/details/rbl-card-emi-offers,RBL Bank Platinum Choice MasterCard
"Flat 10% OFF (up to Rs. 7,000) ",,,https://www.yatra.com/ythomepagecms/media/todayspick_home/2025/Jan/a7a153c1d1882483c04604ffe8db61fc.jpg,https://www.yatra.com/offer/details/rbl-card-emi-offers,RBL Bank Platinum ShopSmart Visa
"Flat 10% OFF (up to Rs. 7,000) ",,,https://www.yatra.com/ythomepagecms/media/todayspick_home/2025/Jan/a7a153c1d1882483c04604ffe8db61fc.jpg,https://www.yatra.com/offer/details/rbl-card-emi-offers,RBL Bank World Plus MasterCard
"Flat 10% OFF (up to Rs. 7,000) ",,,https://www.yatra.com/ythomepagecms/media/todayspick_home/2025/Jan/a7a153c1d1882483c04604ffe8db61fc.jpg,https://www.yatra.com/offer/details/rbl-card-emi-offers,RBL Bank World Plus Visa
"Flat 10% OFF (up to Rs. 7,000) ",,,https://www.yatra.com/ythomepagecms/media/todayspick_home/2025/Jan/a7a153c1d1882483c04604ffe8db61fc.jpg,https://www.yatra.com/offer/details/rbl-card-emi-offers,IndianOil RBL Bank XTRA MasterCard
"Flat 10% OFF (up to Rs. 7,000) ",,,https://www.yatra.com/ythomepagecms/media/todayspick_home/2025/Jan/a7a153c1d1882483c04604ffe8db61fc.jpg,https://www.yatra.com/offer/details/rbl-card-emi-offers,RBL Bank DMI Finance Visa
"Flat 10% OFF (up to Rs. 7,000) ",,,https://www.yatra.com/ythomepagecms/media/todayspick_home/2025/Jan/a7a153c1d1882483c04604ffe8db61fc.jpg,https://www.yatra.com/offer/details/rbl-card-emi-offers,RBL Bank Platinum TravelEasy Visa
"Flat 10% OFF (up to Rs. 7,000) ",,,https://www.yatra.com/ythomepagecms/media/todayspick_home/2025/Jan/a7a153c1d1882483c04604ffe8db61fc.jpg,https://www.yatra.com/offer/details/rbl-card-emi-offers,RBL Bank Platinum LifeEasy Visa
"Flat 10% OFF (up to Rs. 7,000) ",,,https://www.yatra.com/ythomepagecms/media/todayspick_home/2025/Jan/a7a153c1d1882483c04604ffe8db61fc.jpg,https://www.yatra.com/offer/details/rbl-card-emi-offers,RBL Bank Platinum TravelEasy MasterCard
"Flat 10% OFF (up to Rs. 7,000) ",,,https://www.yatra.com/ythomepagecms/media/todayspick_home/2025/Jan/a7a153c1d1882483c04604ffe8db61fc.jpg,https://www.yatra.com/offer/details/rbl-card-emi-offers,RBL Bank Platinum Edge Visa
"Flat 10% OFF (up to Rs. 7,000) ",,,https://www.yatra.com/ythomepagecms/media/todayspick_home/2025/Jan/a7a153c1d1882483c04604ffe8db61fc.jpg,https://www.yatra.com/offer/details/rbl-card-emi-offers,RBL Bank Platinum LifeEasy MasterCard
"Flat 10% OFF (up to Rs. 6,000) ",,,https://www.yatra.com/ythomepagecms/media/todayspick_home/2025/May/5a89ab91e8637a9d6608c775f37f226e.jpg,https://www.yatra.com/offer/details/icici-bank-credit-card-offers,MakeMyTrip ICICI Bank
"Flat 10% OFF (up to Rs. 6,000) ",,,https://www.yatra.com/ythomepagecms/media/todayspick_home/2025/May/5a89ab91e8637a9d6608c775f37f226e.jpg,https://www.yatra.com/offer/details/icici-bank-credit-card-offers,ICICI Bank HPCL Super Saver Visa
"Flat 10% OFF (up to Rs. 6,000) ",,,https://www.yatra.com/ythomepagecms/media/todayspick_home/2025/May/5a89ab91e8637a9d6608c775f37f226e.jpg,https://www.yatra.com/offer/details/icici-bank-credit-card-offers,ICICI Bank HPCL Super Saver RuPay
"Flat 10% OFF (up to Rs. 6,000) ",,,https://www.yatra.com/ythomepagecms/media/todayspick_home/2025/May/5a89ab91e8637a9d6608c775f37f226e.jpg,https://www.yatra.com/offer/details/icici-bank-credit-card-offers,Skywards ICICI Bank Sapphiro
"Flat 10% OFF (up to Rs. 6,000) ",,,https://www.yatra.com/ythomepagecms/media/todayspick_home/2025/May/5a89ab91e8637a9d6608c775f37f226e.jpg,https://www.yatra.com/offer/details/icici-bank-credit-card-offers,ICICI Parakram Select
"Flat 10% OFF (up to Rs. 6,000) ",,,https://www.yatra.com/ythomepagecms/media/todayspick_home/2025/May/5a89ab91e8637a9d6608c775f37f226e.jpg,https://www.yatra.com/offer/details/icici-bank-credit-card-offers,Skywards ICICI Bank Emerald
"Flat 10% OFF (up to Rs. 6,000) ",,,https://www.yatra.com/ythomepagecms/media/todayspick_home/2025/May/5a89ab91e8637a9d6608c775f37f226e.jpg,https://www.yatra.com/offer/details/icici-bank-credit-card-offers,Accelero ICICI Bank
"Flat 10% OFF (up to Rs. 6,000) ",,,https://www.yatra.com/ythomepagecms/media/todayspick_home/2025/May/5a89ab91e8637a9d6608c775f37f226e.jpg,https://www.yatra.com/offer/details/icici-bank-credit-card-offers,ICICI HPCL Coral
"Flat 10% OFF (up to Rs. 6,000) ",,,https://www.yatra.com/ythomepagecms/media/todayspick_home/2025/May/5a89ab91e8637a9d6608c775f37f226e.jpg,https://www.yatra.com/offer/details/icici-bank-credit-card-offers,MakeMyTrip ICICI Bank Platinum
"Flat 10% OFF (up to Rs. 6,000) ",,,https://www.yatra.com/ythomepagecms/media/todayspick_home/2025/May/5a89ab91e8637a9d6608c775f37f226e.jpg,https://www.yatra.com/offer/details/icici-bank-credit-card-offers,MakeMyTrip ICICI Bank Signature
"Flat 10% OFF (up to Rs. 6,000) ",,,https://www.yatra.com/ythomepagecms/media/todayspick_home/2025/May/5a89ab91e8637a9d6608c775f37f226e.jpg,https://www.yatra.com/offer/details/icici-bank-credit-card-offers,ICICI Manchester United Platinum
"Flat 10% OFF (up to Rs. 6,000) ",,,https://www.yatra.com/ythomepagecms/media/todayspick_home/2025/May/5a89ab91e8637a9d6608c775f37f226e.jpg,https://www.yatra.com/offer/details/icici-bank-credit-card-offers,ICICI Parakram
"Flat 10% OFF (up to Rs. 6,000) ",,,https://www.yatra.com/ythomepagecms/media/todayspick_home/2025/May/5a89ab91e8637a9d6608c775f37f226e.jpg,https://www.yatra.com/offer/details/icici-bank-credit-card-offers,Expressions
"Flat 10% OFF (up to Rs. 6,000) ",,,https://www.yatra.com/ythomepagecms/media/todayspick_home/2025/May/5a89ab91e8637a9d6608c775f37f226e.jpg,https://www.yatra.com/offer/details/icici-bank-credit-card-offers,Emirates Skywards Rubyx
"Flat 10% OFF (up to Rs. 6,000) ",,,https://www.yatra.com/ythomepagecms/media/todayspick_home/2025/May/5a89ab91e8637a9d6608c775f37f226e.jpg,https://www.yatra.com/offer/details/icici-bank-credit-card-offers,Adani One ICICI Platinum
"Flat 10% OFF (up to Rs. 6,000) ",,,https://www.yatra.com/ythomepagecms/media/todayspick_home/2025/May/5a89ab91e8637a9d6608c775f37f226e.jpg,https://www.yatra.com/offer/details/icici-bank-credit-card-offers,Adani One ICICI Signature
"Flat 10% OFF (up to Rs. 6,000) ",,,https://www.yatra.com/ythomepagecms/media/todayspick_home/2025/May/5a89ab91e8637a9d6608c775f37f226e.jpg,https://www.yatra.com/offer/details/icici-bank-credit-card-offers,ICICI Bank Emeralde
"Flat 10% OFF (up to Rs. 6,000) ",,,https://www.yatra.com/ythomepagecms/media/todayspick_home/2025/May/5a89ab91e8637a9d6608c775f37f226e.jpg,https://www.yatra.com/offer/details/icici-bank-credit-card-offers,ICICI Bank Instant Platinum
"Flat 10% OFF (up to Rs. 6,000) ",,,https://www.yatra.com/ythomepagecms/media/todayspick_home/2025/May/5a89ab91e8637a9d6608c775f37f226e.jpg,https://www.yatra.com/offer/details/icici-bank-credit-card-offers,ICICI Manchester United Signature
"Flat 10% OFF (up to Rs. 6,000) ",,,https://www.yatra.com/ythomepagecms/media/todayspick_home/2025/May/5a89ab91e8637a9d6608c775f37f226e.jpg,https://www.yatra.com/offer/details/icici-bank-credit-card-offers,ICICI Bank Sapphiro
"Flat 10% OFF (up to Rs. 6,000) ",,,https://www.yatra.com/ythomepagecms/media/todayspick_home/2025/May/5a89ab91e8637a9d6608c775f37f226e.jpg,https://www.yatra.com/offer/details/icici-bank-credit-card-offers,ICICI Bank Coral RuPay
"Flat 10% OFF (up to Rs. 6,000) ",,,https://www.yatra.com/ythomepagecms/media/todayspick_home/2025/May/5a89ab91e8637a9d6608c775f37f226e.jpg,https://www.yatra.com/offer/details/icici-bank-credit-card-offers,Chennai Super Kings ICICI Bank
"Flat 10% OFF (up to Rs. 6,000) ",,,https://www.yatra.com/ythomepagecms/media/todayspick_home/2025/May/5a89ab91e8637a9d6608c775f37f226e.jpg,https://www.yatra.com/offer/details/icici-bank-credit-card-offers,.
"Flat 10% OFF (up to Rs. 6,000) ",,,https://www.yatra.com/ythomepagecms/media/todayspick_home/2025/May/5a89ab91e8637a9d6608c775f37f226e.jpg,https://www.yatra.com/offer/details/icici-bank-credit-card-offers,ICICI Bank Coral Visa
"Flat 10% OFF (up to Rs. 6,000) ",,,https://www.yatra.com/ythomepagecms/media/todayspick_home/2025/May/5a89ab91e8637a9d6608c775f37f226e.jpg,https://www.yatra.com/offer/details/icici-bank-credit-card-offers,ICICI Bank Rubyx RuPay
"Flat 10% OFF (up to Rs. 6,000) ",,,https://www.yatra.com/ythomepagecms/media/todayspick_home/2025/May/5a89ab91e8637a9d6608c775f37f226e.jpg,https://www.yatra.com/offer/details/icici-bank-credit-card-offers,ICICI Bank Rubyx Visa
"Flat 10% OFF (up to Rs. 6,000) ",,,https://www.yatra.com/ythomepagecms/media/todayspick_home/2025/May/5a89ab91e8637a9d6608c775f37f226e.jpg,https://www.yatra.com/offer/details/icici-bank-credit-card-offers,Platinum Chip
"Flat 10% OFF (up to Rs. 6,000) ",,,https://www.yatra.com/ythomepagecms/media/todayspick_home/2025/May/5a89ab91e8637a9d6608c775f37f226e.jpg,https://www.yatra.com/offer/details/icici-bank-credit-card-offers,ICICI Bank Times Black
